date,pnl,close,preclose,ret,bench,shares_eod,n_fills,realized,cum_pnl,cum_bench
2020-07-23,0.0000,78.7800,79.5700,-0.9928,-316.0000,400,0,0.0000,0.0000,-316.0000
2020-07-24,0.0000,71.9500,78.7800,-8.6697,-2732.0000,400,0,0.0000,0.0000,-3048.0000
2020-07-27,0.0000,70.8200,71.9500,-1.5705,-452.0000,400,0,0.0000,0.0000,-3500.0000
2020-07-28,0.0000,72.5600,70.8200,2.4569,696.0000,400,0,0.0000,0.0000,-2804.0000
2020-07-29,0.0000,75.0700,72.5600,3.4592,1004.0000,400,0,0.0000,0.0000,-1800.0000
2020-07-30,0.0000,75.6900,75.0700,0.8259,248.0000,400,0,0.0000,0.0000,-1552.0000
2020-07-31,271.8056,82.2100,75.6900,8.6141,2608.0000,400,2,271.8056,271.8056,1056.0000
2020-08-03,366.8747,84.0000,82.2100,2.1774,716.0000,400,2,366.8747,638.6804,1772.0000
2020-08-04,0.0000,81.0800,84.0000,-3.4762,-1168.0000,400,0,0.0000,638.6804,604.0000
2020-08-05,-6.6506,83.0000,81.0800,2.3680,768.0000,400,2,-6.6506,632.0298,1372.0000
2020-08-06,0.0000,84.8200,83.0000,2.1928,728.0000,400,0,0.0000,632.0298,2100.0000
2020-08-07,0.0000,80.4700,84.8200,-5.1285,-1740.0000,400,0,0.0000,632.0298,360.0000
2020-08-10,0.0000,77.8900,80.4700,-3.2062,-1032.0000,400,0,0.0000,632.0298,-672.0000
2020-08-11,0.0000,76.4000,77.8900,-1.9130,-596.0000,400,0,0.0000,632.0298,-1268.0000
2020-08-12,0.0000,75.2300,76.4000,-1.5314,-468.0000,400,0,0.0000,632.0298,-1736.0000
2020-08-13,0.0000,75.1800,75.2300,-0.0665,-20.0000,400,0,0.0000,632.0298,-1756.0000
2020-08-14,0.0000,75.5500,75.1800,0.4922,148.0000,400,0,0.0000,632.0298,-1608.0000
2020-08-17,0.0000,76.0200,75.5500,0.6221,188.0000,400,0,0.0000,632.0298,-1420.0000
2020-08-18,0.0000,74.2800,76.0200,-2.2889,-696.0000,400,0,0.0000,632.0298,-2116.0000
2020-08-19,0.0000,71.8400,74.2800,-3.2849,-976.0000,400,0,0.0000,632.0298,-3092.0000
2020-08-20,0.0000,72.1000,71.8400,0.3619,104.0000,400,0,0.0000,632.0298,-2988.0000
2020-08-21,0.0000,71.8700,72.1000,-0.3190,-92.0000,400,0,0.0000,632.0298,-3080.0000
2020-08-24,98.4539,72.0000,71.8700,0.1809,52.0000,400,2,98.4539,730.4836,-3028.0000
2020-08-25,0.0000,70.8200,72.0000,-1.6389,-472.0000,400,0,0.0000,730.4836,-3500.0000
2020-08-26,-123.1719,66.2600,70.8200,-6.4389,-1824.0000,400,2,-123.1719,607.3118,-5324.0000
2020-08-27,-116.8827,67.2300,66.2600,1.4639,388.0000,400,2,-116.8827,490.4291,-4936.0000
2020-08-28,0.0000,66.7800,67.2300,-0.6694,-180.0000,400,0,0.0000,490.4291,-5116.0000
2020-08-31,0.0000,66.6800,66.7800,-0.1497,-40.0000,400,0,0.0000,490.4291,-5156.0000
2020-09-01,0.0000,65.3500,66.6800,-1.9946,-532.0000,400,0,0.0000,490.4291,-5688.0000
2020-09-02,0.0000,64.1700,65.3500,-1.8057,-472.0000,400,0,0.0000,490.4291,-6160.0000
2020-09-03,-94.7119,65.0800,64.1700,1.4181,364.0000,400,2,-94.7119,395.7172,-5796.0000
2020-09-04,-222.9056,66.2800,65.0800,1.8439,480.0000,400,2,-222.9056,172.8116,-5316.0000
2020-09-07,157.4044,58.8000,66.2800,-11.2855,-2992.0000,400,4,157.4044,330.2160,-8308.0000
2020-09-08,0.0000,57.5500,58.8000,-2.1259,-500.0000,400,0,0.0000,330.2160,-8808.0000
2020-09-09,0.0000,54.1100,57.5500,-5.9774,-1376.0000,400,0,0.0000,330.2160,-10184.0000
2020-09-10,0.0000,52.7800,54.1100,-2.4580,-532.0000,400,0,0.0000,330.2160,-10716.0000
2020-09-11,-123.7076,55.2300,52.7800,4.6419,980.0000,400,2,-123.7076,206.5084,-9736.0000
2020-09-14,0.0000,54.8800,55.2300,-0.6337,-140.0000,400,0,0.0000,206.5084,-9876.0000
2020-09-15,-155.7724,56.3900,54.8800,2.7515,604.0000,400,2,-155.7724,50.7361,-9272.0000
2020-09-16,0.0000,56.7000,56.3900,0.5497,124.0000,400,0,0.0000,50.7361,-9148.0000
2020-09-17,-113.9560,57.7000,56.7000,1.7637,400.0000,400,2,-113.9560,-63.2199,-8748.0000
2020-09-18,0.0000,57.6900,57.7000,-0.0173,-4.0000,400,0,0.0000,-63.2199,-8752.0000
2020-09-21,0.0000,56.4600,57.6900,-2.1321,-492.0000,400,0,0.0000,-63.2199,-9244.0000
2020-09-22,0.0000,55.8600,56.4600,-1.0627,-240.0000,400,0,0.0000,-63.2199,-9484.0000
2020-09-23,0.0000,56.2200,55.8600,0.6445,144.0000,400,0,0.0000,-63.2199,-9340.0000
2020-09-24,0.0000,54.5000,56.2200,-3.0594,-688.0000,400,0,0.0000,-63.2199,-10028.0000
2020-09-25,0.0000,53.7000,54.5000,-1.4679,-320.0000,400,0,0.0000,-63.2199,-10348.0000
2020-09-28,0.0000,49.9400,53.7000,-7.0019,-1504.0000,400,0,0.0000,-63.2199,-11852.0000
2020-09-29,0.0000,50.0900,49.9400,0.3004,60.0000,400,0,0.0000,-63.2199,-11792.0000
2020-09-30,0.0000,49.6500,50.0900,-0.8784,-176.0000,400,0,0.0000,-63.2199,-11968.0000
2020-10-09,0.0000,50.9400,49.6500,2.5982,516.0000,400,0,0.0000,-63.2199,-11452.0000
2020-10-12,-229.4829,57.4100,50.9400,12.7012,2588.0000,400,2,-229.4829,-292.7029,-8864.0000
2020-10-13,49.9999,57.2900,57.4100,-0.2090,-48.0000,400,2,49.9999,-242.7030,-8912.0000
2020-10-14,0.0000,55.9600,57.2900,-2.3215,-532.0000,400,0,0.0000,-242.7030,-9444.0000
2020-10-15,-308.0703,57.3000,55.9600,2.3946,536.0000,400,2,-308.0703,-550.7733,-8908.0000
2020-10-16,145.9031,58.2100,57.3000,1.5881,364.0000,400,2,145.9031,-404.8702,-8544.0000
2020-10-19,91.6966,60.2800,58.2100,3.5561,828.0000,400,2,91.6966,-313.1736,-7716.0000
2020-10-20,0.0000,59.5000,60.2800,-1.2940,-312.0000,400,0,0.0000,-313.1736,-8028.0000
2020-10-21,73.9907,57.6500,59.5000,-3.1092,-740.0000,400,2,73.9907,-239.1829,-8768.0000
2020-10-22,0.0000,57.6700,57.6500,0.0347,8.0000,400,0,0.0000,-239.1829,-8760.0000
2020-10-23,0.0000,57.2200,57.6700,-0.7803,-180.0000,400,0,0.0000,-239.1829,-8940.0000
2020-10-26,0.0000,58.4500,57.2200,2.1496,492.0000,400,0,0.0000,-239.1829,-8448.0000
2020-10-27,0.0000,58.7000,58.4500,0.4277,100.0000,400,0,0.0000,-239.1829,-8348.0000
2020-10-28,0.0000,59.3300,58.7000,1.0733,252.0000,400,0,0.0000,-239.1829,-8096.0000
2020-10-29,0.0000,60.8800,59.3300,2.6125,620.0000,400,0,0.0000,-239.1829,-7476.0000
2020-10-30,-156.5960,62.2400,60.8800,2.2339,544.0000,400,2,-156.5960,-395.7789,-6932.0000
2020-11-02,179.0583,62.6500,62.2400,0.6587,164.0000,400,4,179.0583,-216.7207,-6768.0000
2020-11-03,0.0000,64.5600,62.6500,3.0487,764.0000,400,0,0.0000,-216.7207,-6004.0000
2020-11-04,51.4518,63.0000,64.5600,-2.4164,-624.0000,400,2,51.4518,-165.2689,-6628.0000
2020-11-05,0.0000,64.8400,63.0000,2.9206,736.0000,400,0,0.0000,-165.2689,-5892.0000
2020-11-06,0.0000,64.9500,64.8400,0.1696,44.0000,400,0,0.0000,-165.2689,-5848.0000
2020-11-09,256.8236,67.8500,64.9500,4.4650,1160.0000,400,2,256.8236,91.5548,-4688.0000
2020-11-10,0.0000,66.0100,67.8500,-2.7119,-736.0000,400,0,0.0000,91.5548,-5424.0000
2020-11-11,-200.4498,61.3600,66.0100,-7.0444,-1860.0000,400,2,-200.4498,-108.8951,-7284.0000
2020-11-12,0.0000,61.8600,61.3600,0.8149,200.0000,400,0,0.0000,-108.8951,-7084.0000
2020-11-13,0.0000,62.4600,61.8600,0.9699,240.0000,400,0,0.0000,-108.8951,-6844.0000
2020-11-16,0.0000,61.7900,62.4600,-1.0727,-268.0000,400,0,0.0000,-108.8951,-7112.0000
2020-11-17,0.0000,60.9300,61.7900,-1.3918,-344.0000,400,0,0.0000,-108.8951,-7456.0000
2020-11-18,0.0000,61.3600,60.9300,0.7057,172.0000,400,0,0.0000,-108.8951,-7284.0000
2020-11-19,0.0000,61.2300,61.3600,-0.2119,-52.0000,400,0,0.0000,-108.8951,-7336.0000
2020-11-20,0.0000,61.0300,61.2300,-0.3266,-80.0000,400,0,0.0000,-108.8951,-7416.0000
2020-11-23,107.6125,60.9100,61.0300,-0.1966,-48.0000,400,2,107.6125,-1.2826,-7464.0000
2020-11-24,0.0000,61.3100,60.9100,0.6567,160.0000,400,0,0.0000,-1.2826,-7304.0000
2020-11-25,0.0000,60.2000,61.3100,-1.8105,-444.0000,400,0,0.0000,-1.2826,-7748.0000
2020-11-26,0.0000,58.6400,60.2000,-2.5914,-624.0000,400,0,0.0000,-1.2826,-8372.0000
2020-11-27,0.0000,58.9300,58.6400,0.4945,116.0000,400,0,0.0000,-1.2826,-8256.0000
2020-11-30,-80.1231,59.2500,58.9300,0.5430,128.0000,400,2,-80.1231,-81.4057,-8128.0000
2020-12-01,0.0000,58.8900,59.2500,-0.6076,-144.0000,400,0,0.0000,-81.4057,-8272.0000
2020-12-02,23.6481,60.9000,58.8900,3.4131,804.0000,400,2,23.6481,-57.7576,-7468.0000
2020-12-03,0.0000,60.1900,60.9000,-1.1658,-284.0000,400,0,0.0000,-57.7576,-7752.0000
2020-12-04,157.9032,58.2000,60.1900,-3.3062,-796.0000,400,2,157.9032,100.1456,-8548.0000
2020-12-07,0.0000,60.3300,58.2000,3.6598,852.0000,400,0,0.0000,100.1456,-7696.0000
2020-12-08,0.0000,60.9600,60.3300,1.0443,252.0000,400,0,0.0000,100.1456,-7444.0000
2020-12-09,0.0000,60.3500,60.9600,-1.0007,-244.0000,400,0,0.0000,100.1456,-7688.0000
2020-12-10,0.0000,61.0000,60.3500,1.0771,260.0000,400,0,0.0000,100.1456,-7428.0000
2020-12-11,119.6605,60.9900,61.0000,-0.0164,-4.0000,400,2,119.6605,219.8061,-7432.0000
2020-12-14,0.0000,60.6200,60.9900,-0.6067,-148.0000,400,0,0.0000,219.8061,-7580.0000
2020-12-15,-164.0844,58.4300,60.6200,-3.6127,-876.0000,400,2,-164.0844,55.7216,-8456.0000
2020-12-16,-81.7227,55.2000,58.4300,-5.5280,-1292.0000,400,2,-81.7227,-26.0011,-9748.0000
2020-12-17,-119.7959,56.0100,55.2000,1.4674,324.0000,400,2,-119.7959,-145.7970,-9424.0000
2020-12-18,0.0000,55.0200,56.0100,-1.7675,-396.0000,400,0,0.0000,-145.7970,-9820.0000
2020-12-21,-109.7095,54.3600,55.0200,-1.1996,-264.0000,400,2,-109.7095,-255.5065,-10084.0000
2020-12-22,0.0000,54.4900,54.3600,0.2391,52.0000,400,0,0.0000,-255.5065,-10032.0000
2020-12-23,36.2379,55.3000,54.4900,1.4865,324.0000,400,2,36.2379,-219.2687,-9708.0000
2020-12-24,0.0000,54.0100,55.3000,-2.3327,-516.0000,400,0,0.0000,-219.2687,-10224.0000
2020-12-25,0.0000,53.4300,54.0100,-1.0739,-232.0000,400,0,0.0000,-219.2687,-10456.0000
2020-12-28,0.0000,52.0300,53.4300,-2.6203,-560.0000,400,0,0.0000,-219.2687,-11016.0000
2020-12-29,0.0000,52.5300,52.0300,0.9610,200.0000,400,0,0.0000,-219.2687,-10816.0000
2020-12-30,-85.5980,56.4700,52.5300,7.5005,1576.0000,400,2,-85.5980,-304.8666,-9240.0000
2020-12-31,77.9689,57.7500,56.4700,2.2667,512.0000,400,2,77.9689,-226.8977,-8728.0000
2021-01-04,69.8929,58.2600,57.7500,0.8831,204.0000,400,2,69.8929,-157.0048,-8524.0000
2021-01-05,0.0000,58.7700,58.2600,0.8754,204.0000,400,0,0.0000,-157.0048,-8320.0000
2021-01-06,-206.3012,60.5500,58.7700,3.0288,712.0000,400,2,-206.3012,-363.3059,-7608.0000
2021-01-07,-158.0553,59.2300,60.5500,-2.1800,-528.0000,400,2,-158.0553,-521.3612,-8136.0000
2021-01-08,209.5813,61.5900,59.2300,3.9845,944.0000,400,2,209.5813,-311.7799,-7192.0000
2021-01-11,115.4483,62.7000,61.5900,1.8022,444.0000,400,2,115.4483,-196.3316,-6748.0000
2021-01-12,0.0000,63.8400,62.7000,1.8182,456.0000,400,0,0.0000,-196.3316,-6292.0000
2021-01-13,0.0000,62.6600,63.8400,-1.8484,-472.0000,400,0,0.0000,-196.3316,-6764.0000
2021-01-14,-128.7476,64.1400,62.6600,2.3620,592.0000,400,2,-128.7476,-325.0792,-6172.0000
2021-01-15,-168.4693,61.6000,64.1400,-3.9601,-1016.0000,400,2,-168.4693,-493.5485,-7188.0000
2021-01-18,0.0000,61.6800,61.6000,0.1299,32.0000,400,0,0.0000,-493.5485,-7156.0000
2021-01-19,0.0000,60.4800,61.6800,-1.9455,-480.0000,400,0,0.0000,-493.5485,-7636.0000
2021-01-20,0.0000,59.4100,60.4800,-1.7692,-428.0000,400,0,0.0000,-493.5485,-8064.0000
2021-01-21,0.0000,59.3100,59.4100,-0.1683,-40.0000,400,0,0.0000,-493.5485,-8104.0000
2021-01-22,-21.9385,57.1500,59.3100,-3.6419,-864.0000,400,2,-21.9385,-515.4870,-8968.0000
2021-01-25,-98.0172,58.0200,57.1500,1.5223,348.0000,400,2,-98.0172,-613.5042,-8620.0000
2021-01-26,0.0000,59.7800,58.0200,3.0334,704.0000,400,0,0.0000,-613.5042,-7916.0000
2021-01-27,0.0000,57.7200,59.7800,-3.4460,-824.0000,400,0,0.0000,-613.5042,-8740.0000
2021-01-28,0.0000,56.0400,57.7200,-2.9106,-672.0000,400,0,0.0000,-613.5042,-9412.0000
2021-01-29,0.0000,56.1800,56.0400,0.2498,56.0000,400,0,0.0000,-613.5042,-9356.0000
2021-02-01,0.0000,57.0200,56.1800,1.4952,336.0000,400,0,0.0000,-613.5042,-9020.0000
2021-02-02,0.0000,55.9800,57.0200,-1.8239,-416.0000,400,0,0.0000,-613.5042,-9436.0000
2021-02-03,0.0000,53.9200,55.9800,-3.6799,-824.0000,400,0,0.0000,-613.5042,-10260.0000
2021-02-04,0.0000,54.6700,53.9200,1.3909,300.0000,400,0,0.0000,-613.5042,-9960.0000
2021-02-05,0.0000,52.0600,54.6700,-4.7741,-1044.0000,400,0,0.0000,-613.5042,-11004.0000
2021-02-08,0.0000,52.0100,52.0600,-0.0960,-20.0000,400,0,0.0000,-613.5042,-11024.0000
2021-02-09,0.0000,53.7100,52.0100,3.2686,680.0000,400,0,0.0000,-613.5042,-10344.0000
2021-02-10,0.0000,54.0300,53.7100,0.5958,128.0000,400,0,0.0000,-613.5042,-10216.0000
2021-02-18,-103.8894,57.9400,54.0300,7.2367,1564.0000,400,2,-103.8894,-717.3935,-8652.0000
2021-02-19,0.0000,58.4000,57.9400,0.7939,184.0000,400,0,0.0000,-717.3935,-8468.0000
2021-02-22,-24.1804,57.4800,58.4000,-1.5753,-368.0000,400,4,-24.1804,-741.5739,-8836.0000
2021-02-23,0.0000,57.3900,57.4800,-0.1566,-36.0000,400,0,0.0000,-741.5739,-8872.0000
2021-02-24,0.0000,57.3900,57.3900,0.0000,0.0000,400,0,0.0000,-741.5739,-8872.0000
2021-02-25,0.0000,56.2600,57.3900,-1.9690,-452.0000,400,0,0.0000,-741.5739,-9324.0000
2021-02-26,0.0000,55.1600,56.2600,-1.9552,-440.0000,400,0,0.0000,-741.5739,-9764.0000
2021-03-01,-73.9535,57.7500,55.1600,4.6954,1036.0000,400,2,-73.9535,-815.5275,-8728.0000
2021-03-02,-112.0340,58.4900,57.7500,1.2814,296.0000,400,2,-112.0340,-927.5615,-8432.0000
2021-03-03,0.0000,58.6700,58.4900,0.3077,72.0000,400,0,0.0000,-927.5615,-8360.0000
2021-03-04,-150.1405,59.3100,58.6700,1.0908,256.0000,400,2,-150.1405,-1077.7019,-8104.0000
2021-03-05,0.0000,58.5200,59.3100,-1.3320,-316.0000,400,0,0.0000,-1077.7019,-8420.0000
2021-03-08,-91.9007,56.6600,58.5200,-3.1784,-744.0000,400,2,-91.9007,-1169.6026,-9164.0000
2021-03-09,436.4264,54.5800,56.6600,-3.6710,-832.0000,400,4,436.4264,-733.1763,-9996.0000
2021-03-10,0.0000,54.7700,54.5800,0.3481,76.0000,400,0,0.0000,-733.1763,-9920.0000
2021-03-11,141.9217,57.7900,54.7700,5.5140,1208.0000,400,2,141.9217,-591.2545,-8712.0000
2021-03-12,0.0000,57.7200,57.7900,-0.1211,-28.0000,400,0,0.0000,-591.2545,-8740.0000
2021-03-15,0.0000,55.7400,57.7200,-3.4304,-792.0000,400,0,0.0000,-591.2545,-9532.0000
2021-03-16,0.0000,54.8800,55.7400,-1.5429,-344.0000,400,0,0.0000,-591.2545,-9876.0000
2021-03-17,0.0000,55.7300,54.8800,1.5488,340.0000,400,0,0.0000,-591.2545,-9536.0000
2021-03-18,0.0000,55.4800,55.7300,-0.4486,-100.0000,400,0,0.0000,-591.2545,-9636.0000
2021-03-19,0.0000,54.9700,55.4800,-0.9193,-204.0000,400,0,0.0000,-591.2545,-9840.0000
2021-03-22,0.0000,55.4100,54.9700,0.8004,176.0000,400,0,0.0000,-591.2545,-9664.0000
2021-03-23,-69.7185,55.2800,55.4100,-0.2346,-52.0000,400,2,-69.7185,-660.9730,-9716.0000
2021-03-24,0.0000,54.2300,55.2800,-1.8994,-420.0000,400,0,0.0000,-660.9730,-10136.0000
2021-03-25,-47.5238,52.9800,54.2300,-2.3050,-500.0000,400,2,-47.5238,-708.4967,-10636.0000
2021-03-26,0.0000,53.7900,52.9800,1.5289,324.0000,400,0,0.0000,-708.4967,-10312.0000
2021-03-29,122.2627,54.3500,53.7900,1.0411,224.0000,400,2,122.2627,-586.2341,-10088.0000
2021-03-30,0.0000,54.3600,54.3500,0.0184,4.0000,400,0,0.0000,-586.2341,-10084.0000
2021-03-31,0.0000,54.3200,54.3600,-0.0736,-16.0000,400,0,0.0000,-586.2341,-10100.0000
2021-04-01,0.0000,55.8900,54.3200,2.8903,628.0000,400,0,0.0000,-586.2341,-9472.0000
2021-04-02,7.8705,58.7700,55.8900,5.1530,1152.0000,400,2,7.8705,-578.3636,-8320.0000
2021-04-06,0.0000,58.3100,58.7700,-0.7827,-184.0000,400,0,0.0000,-578.3636,-8504.0000
2021-04-07,0.0000,58.3500,58.3100,0.0686,16.0000,400,0,0.0000,-578.3636,-8488.0000
2021-04-08,0.0000,56.8000,58.3500,-2.6564,-620.0000,400,0,0.0000,-578.3636,-9108.0000
2021-04-09,0.0000,57.0200,56.8000,0.3873,88.0000,400,0,0.0000,-578.3636,-9020.0000
2021-04-12,0.0000,56.0500,57.0200,-1.7012,-388.0000,400,0,0.0000,-578.3636,-9408.0000
2021-04-13,0.0000,55.8600,56.0500,-0.3390,-76.0000,400,0,0.0000,-578.3636,-9484.0000
2021-04-14,0.0000,56.4700,55.8600,1.0920,244.0000,400,0,0.0000,-578.3636,-9240.0000
2021-04-15,-101.9101,57.0600,56.4700,1.0448,236.0000,400,2,-101.9101,-680.2737,-9004.0000
2021-04-16,0.0000,56.3100,57.0600,-1.3144,-300.0000,400,0,0.0000,-680.2737,-9304.0000
2021-04-19,0.0000,57.0500,56.3100,1.3142,296.0000,400,0,0.0000,-680.2737,-9008.0000
2021-04-20,0.0000,55.8900,57.0500,-2.0333,-464.0000,400,0,0.0000,-680.2737,-9472.0000
2021-04-21,0.0000,54.7300,55.8900,-2.0755,-464.0000,400,0,0.0000,-680.2737,-9936.0000
2021-04-22,0.0000,55.3000,54.7300,1.0415,228.0000,400,0,0.0000,-680.2737,-9708.0000
2021-04-23,0.0000,55.1700,55.3000,-0.2351,-52.0000,400,0,0.0000,-680.2737,-9760.0000
2021-04-26,114.1679,54.5100,55.1700,-1.1963,-264.0000,400,2,114.1679,-566.1058,-10024.0000
2021-04-27,0.0000,55.0000,54.5100,0.8989,196.0000,400,0,0.0000,-566.1058,-9828.0000
2021-04-28,0.0000,55.3600,55.0000,0.6545,144.0000,400,0,0.0000,-566.1058,-9684.0000
2021-04-29,0.0000,55.4900,55.3600,0.2348,52.0000,400,0,0.0000,-566.1058,-9632.0000
2021-04-30,0.0000,54.6800,55.4900,-1.4597,-324.0000,400,0,0.0000,-566.1058,-9956.0000
2021-05-06,0.0000,54.7400,54.6800,0.1097,24.0000,400,0,0.0000,-566.1058,-9932.0000
2021-05-07,0.0000,53.7700,54.7400,-1.7720,-388.0000,400,0,0.0000,-566.1058,-10320.0000
2021-05-10,80.3881,54.0400,53.7700,0.5021,108.0000,400,2,80.3881,-485.7177,-10212.0000
2021-05-11,0.0000,53.8300,54.0400,-0.3886,-84.0000,400,0,0.0000,-485.7177,-10296.0000
2021-05-12,-67.7174,55.4700,53.8300,3.0466,656.0000,400,2,-67.7174,-553.4351,-9640.0000
2021-05-13,100.1938,55.8200,55.4700,0.6310,140.0000,400,2,100.1938,-453.2413,-9500.0000
2021-05-14,-17.8105,55.8600,55.8200,0.0717,16.0000,400,2,-17.8105,-471.0518,-9484.0000
2021-05-17,0.0000,55.0800,55.8600,-1.3963,-312.0000,400,0,0.0000,-471.0518,-9796.0000
2021-05-18,0.0000,54.9900,55.0800,-0.1634,-36.0000,400,0,0.0000,-471.0518,-9832.0000
2021-05-19,0.0000,54.7900,54.9900,-0.3637,-80.0000,400,0,0.0000,-471.0518,-9912.0000
2021-05-20,0.0000,54.3300,54.7900,-0.8396,-184.0000,400,0,0.0000,-471.0518,-10096.0000
2021-05-21,0.0000,54.0700,54.3300,-0.4786,-104.0000,400,0,0.0000,-471.0518,-10200.0000
2021-05-24,-55.6944,55.1300,54.0700,1.9604,424.0000,400,2,-55.6944,-526.7462,-9776.0000
2021-05-25,0.0000,55.5600,55.1300,0.7800,172.0000,400,0,0.0000,-526.7462,-9604.0000
2021-05-26,0.0000,55.1300,55.5600,-0.7739,-172.0000,400,0,0.0000,-526.7462,-9776.0000
2021-05-27,-99.8332,56.8700,55.1300,3.1562,696.0000,400,2,-99.8332,-626.5794,-9080.0000
2021-05-28,0.0000,55.7800,56.8700,-1.9167,-436.0000,400,0,0.0000,-626.5794,-9516.0000
2021-05-31,0.0000,56.2700,55.7800,0.8785,196.0000,400,0,0.0000,-626.5794,-9320.0000
2021-06-01,0.0000,57.0200,56.2700,1.3329,300.0000,400,0,0.0000,-626.5794,-9020.0000
2021-06-02,0.0000,55.8000,57.0200,-2.1396,-488.0000,400,0,0.0000,-626.5794,-9508.0000
2021-06-03,0.0000,55.3600,55.8000,-0.7885,-176.0000,400,0,0.0000,-626.5794,-9684.0000
2021-06-04,110.1960,55.1400,55.3600,-0.3974,-88.0000,400,2,110.1960,-516.3834,-9772.0000
2021-06-07,0.0000,56.1800,55.1400,1.8861,416.0000,400,0,0.0000,-516.3834,-9356.0000
2021-06-08,0.0000,55.7300,56.1800,-0.8010,-180.0000,400,0,0.0000,-516.3834,-9536.0000
2021-06-09,0.0000,56.2400,55.7300,0.9151,204.0000,400,0,0.0000,-516.3834,-9332.0000
2021-06-10,0.0000,56.8600,56.2400,1.1024,248.0000,400,0,0.0000,-516.3834,-9084.0000
2021-06-11,0.0000,55.6200,56.8600,-2.1808,-496.0000,400,0,0.0000,-516.3834,-9580.0000
2021-06-15,0.0000,55.0000,55.6200,-1.1147,-248.0000,400,0,0.0000,-516.3834,-9828.0000
2021-06-16,0.0000,55.0500,55.0000,0.0909,20.0000,400,0,0.0000,-516.3834,-9808.0000
2021-06-17,-129.8740,59.1700,55.0500,7.4841,1648.0000,400,2,-129.8740,-646.2574,-8160.0000
2021-06-18,0.0000,58.5700,59.1700,-1.0140,-240.0000,400,0,0.0000,-646.2574,-8400.0000
2021-06-21,0.0000,57.6700,58.5700,-1.5366,-360.0000,400,0,0.0000,-646.2574,-8760.0000
2021-06-22,0.0000,57.0800,57.6700,-1.0231,-236.0000,400,0,0.0000,-646.2574,-8996.0000
2021-06-23,-74.1075,58.5400,57.0800,2.5578,584.0000,400,2,-74.1075,-720.3649,-8412.0000
2021-06-24,0.0000,57.7000,58.5400,-1.4349,-336.0000,400,0,0.0000,-720.3649,-8748.0000
2021-06-25,121.7791,59.3100,57.7000,2.7903,644.0000,400,2,121.7791,-598.5858,-8104.0000
2021-06-28,0.0000,59.0600,59.3100,-0.4215,-100.0000,400,0,0.0000,-598.5858,-8204.0000
2021-06-29,0.0000,59.2500,59.0600,0.3217,76.0000,400,0,0.0000,-598.5858,-8128.0000
2021-06-30,-240.3452,61.8200,59.2500,4.3376,1028.0000,400,2,-240.3452,-838.9310,-7100.0000
2021-07-01,0.0000,60.3300,61.8200,-2.4102,-596.0000,400,0,0.0000,-838.9310,-7696.0000
2021-07-02,0.0000,58.1300,60.3300,-3.6466,-880.0000,400,0,0.0000,-838.9310,-8576.0000
2021-07-05,0.0000,58.3700,58.1300,0.4129,96.0000,400,0,0.0000,-838.9310,-8480.0000
2021-07-06,0.0000,57.1400,58.3700,-2.1072,-492.0000,400,0,0.0000,-838.9310,-8972.0000
2021-07-07,0.0000,57.5100,57.1400,0.6475,148.0000,400,0,0.0000,-838.9310,-8824.0000
2021-07-08,0.0000,58.3000,57.5100,1.3737,316.0000,400,0,0.0000,-838.9310,-8508.0000
2021-07-09,0.0000,56.9100,58.3000,-2.3842,-556.0000,400,0,0.0000,-838.9310,-9064.0000
2021-07-12,80.0511,56.6100,56.9100,-0.5271,-120.0000,400,2,80.0511,-758.8799,-9184.0000
2021-07-13,0.0000,57.0400,56.6100,0.7596,172.0000,400,0,0.0000,-758.8799,-9012.0000
2021-07-14,0.0000,56.0000,57.0400,-1.8233,-416.0000,400,0,0.0000,-758.8799,-9428.0000
2021-07-15,0.0000,55.1700,56.0000,-1.4821,-332.0000,400,0,0.0000,-758.8799,-9760.0000
2021-07-16,-71.6561,54.0300,55.1700,-2.0663,-456.0000,400,2,-71.6561,-830.5360,-10216.0000
2021-07-19,-75.3847,51.8000,54.0300,-4.1273,-892.0000,400,2,-75.3847,-905.9207,-11108.0000
2021-07-20,-65.3877,51.8800,51.8000,0.1544,32.0000,400,2,-65.3877,-971.3084,-11076.0000
2021-07-21,-63.4740,52.6000,51.8800,1.3878,288.0000,400,2,-63.4740,-1034.7824,-10788.0000
2021-07-22,0.0000,53.0000,52.6000,0.7605,160.0000,400,0,0.0000,-1034.7824,-10628.0000
2021-07-23,0.0000,51.8800,53.0000,-2.1132,-448.0000,400,0,0.0000,-1034.7824,-11076.0000
2021-07-26,-65.3430,57.2000,51.8800,10.2544,2128.0000,400,2,-65.3430,-1100.1253,-8948.0000
2021-07-27,-192.2262,64.4000,57.2000,12.5874,2880.0000,400,2,-192.2262,-1292.3515,-6068.0000
2021-07-28,283.5356,59.2600,64.4000,-7.9814,-2056.0000,400,4,283.5356,-1008.8159,-8124.0000
2021-07-29,-194.5143,62.2700,59.2600,5.0793,1204.0000,400,2,-194.5143,-1203.3301,-6920.0000
2021-07-30,0.0000,64.6900,62.2700,3.8863,968.0000,400,0,0.0000,-1203.3301,-5952.0000
2021-08-02,372.9569,67.3600,64.6900,4.1274,1068.0000,400,2,372.9569,-830.3733,-4884.0000
2021-08-03,0.0000,62.7500,67.3600,-6.8438,-1844.0000,400,0,0.0000,-830.3733,-6728.0000
2021-08-04,0.0000,63.9500,62.7500,1.9124,480.0000,400,0,0.0000,-830.3733,-6248.0000
2021-08-05,0.0000,67.2000,63.9500,5.0821,1300.0000,400,0,0.0000,-830.3733,-4948.0000
2021-08-06,-141.0535,67.4600,67.2000,0.3869,104.0000,400,2,-141.0535,-971.4267,-4844.0000
2021-08-09,0.0000,64.0300,67.4600,-5.0845,-1372.0000,400,0,0.0000,-971.4267,-6216.0000
2021-08-10,0.0000,62.3400,64.0300,-2.6394,-676.0000,400,0,0.0000,-971.4267,-6892.0000
2021-08-11,0.0000,61.5100,62.3400,-1.3314,-332.0000,400,0,0.0000,-971.4267,-7224.0000
2021-08-12,0.0000,62.0900,61.5100,0.9429,232.0000,400,0,0.0000,-971.4267,-6992.0000
2021-08-13,0.0000,58.3800,62.0900,-5.9752,-1484.0000,400,0,0.0000,-971.4267,-8476.0000
2021-08-16,0.0000,58.7500,58.3800,0.6338,148.0000,400,0,0.0000,-971.4267,-8328.0000
2021-08-17,0.0000,57.0900,58.7500,-2.8255,-664.0000,400,0,0.0000,-971.4267,-8992.0000
2021-08-18,0.0000,57.9200,57.0900,1.4538,332.0000,400,0,0.0000,-971.4267,-8660.0000
2021-08-19,31.8260,59.1700,57.9200,2.1581,500.0000,400,2,31.8260,-939.6007,-8160.0000
2021-08-20,0.0000,59.3100,59.1700,0.2366,56.0000,400,0,0.0000,-939.6007,-8104.0000
2021-08-23,0.0000,59.4100,59.3100,0.1686,40.0000,400,0,0.0000,-939.6007,-8064.0000
2021-08-24,115.6833,59.7900,59.4100,0.6396,152.0000,400,2,115.6833,-823.9174,-7912.0000
2021-08-25,0.0000,59.0200,59.7900,-1.2878,-308.0000,400,0,0.0000,-823.9174,-8220.0000
2021-08-26,0.0000,58.9100,59.0200,-0.1864,-44.0000,400,0,0.0000,-823.9174,-8264.0000
2021-08-27,0.0000,57.9200,58.9100,-1.6805,-396.0000,400,0,0.0000,-823.9174,-8660.0000
2021-08-30,-60.0262,58.0900,57.9200,0.2935,68.0000,400,2,-60.0262,-883.9436,-8592.0000
2021-08-31,-93.7749,55.6900,58.0900,-4.1315,-960.0000,400,2,-93.7749,-977.7185,-9552.0000
2021-09-01,0.1668,55.9700,55.6900,0.5028,112.0000,400,2,0.1668,-977.5517,-9440.0000
2021-09-02,0.0000,55.1900,55.9700,-1.3936,-312.0000,400,0,0.0000,-977.5517,-9752.0000
2021-09-03,-231.8917,56.7700,55.1900,2.8628,632.0000,400,2,-231.8917,-1209.4434,-9120.0000
2021-09-06,0.0000,56.8200,56.7700,0.0881,20.0000,400,0,0.0000,-1209.4434,-9100.0000
2021-09-07,0.0000,56.9400,56.8200,0.2112,48.0000,400,0,0.0000,-1209.4434,-9052.0000
2021-09-08,0.0000,57.0000,56.9400,0.1054,24.0000,400,0,0.0000,-1209.4434,-9028.0000
2021-09-09,0.0000,56.5900,57.0000,-0.7193,-164.0000,400,0,0.0000,-1209.4434,-9192.0000
2021-09-10,-120.0341,58.2700,56.5900,2.9687,672.0000,400,2,-120.0341,-1329.4774,-8520.0000
2021-09-13,0.0000,57.6800,58.2700,-1.0125,-236.0000,400,0,0.0000,-1329.4774,-8756.0000
2021-09-14,-41.9480,57.2200,57.6800,-0.7975,-184.0000,400,2,-41.9480,-1371.4255,-8940.0000
2021-09-15,0.0000,56.3600,57.2200,-1.5030,-344.0000,400,0,0.0000,-1371.4255,-9284.0000
2021-09-16,0.0000,55.1100,56.3600,-2.2179,-500.0000,400,0,0.0000,-1371.4255,-9784.0000
2021-09-17,0.0000,55.6500,55.1100,0.9799,216.0000,400,0,0.0000,-1371.4255,-9568.0000
2021-09-22,102.1605,55.2500,55.6500,-0.7188,-160.0000,400,2,102.1605,-1269.2649,-9728.0000
2021-09-23,0.0000,55.3300,55.2500,0.1448,32.0000,400,0,0.0000,-1269.2649,-9696.0000
2021-09-24,-77.6291,54.0400,55.3300,-2.3315,-516.0000,400,2,-77.6291,-1346.8940,-10212.0000
2021-09-27,14.3167,54.6600,54.0400,1.1473,248.0000,400,2,14.3167,-1332.5773,-9964.0000
2021-09-28,0.0000,54.0300,54.6600,-1.1526,-252.0000,400,0,0.0000,-1332.5773,-10216.0000
2021-09-29,-91.7686,55.5400,54.0300,2.7947,604.0000,400,2,-91.7686,-1424.3459,-9612.0000
2021-09-30,0.0000,55.2000,55.5400,-0.6122,-136.0000,400,0,0.0000,-1424.3459,-9748.0000
2021-10-08,0.0000,55.7700,55.2000,1.0326,228.0000,400,0,0.0000,-1424.3459,-9520.0000
2021-10-11,0.0000,55.4100,55.7700,-0.6455,-144.0000,400,0,0.0000,-1424.3459,-9664.0000
2021-10-12,0.0000,54.4800,55.4100,-1.6784,-372.0000,400,0,0.0000,-1424.3459,-10036.0000
2021-10-13,0.0000,54.3900,54.4800,-0.1652,-36.0000,400,0,0.0000,-1424.3459,-10072.0000
2021-10-14,0.0000,54.1700,54.3900,-0.4045,-88.0000,400,0,0.0000,-1424.3459,-10160.0000
2021-10-15,54.2526,54.9800,54.1700,1.4953,324.0000,400,2,54.2526,-1370.0933,-9836.0000
2021-10-18,0.0000,54.1500,54.9800,-1.5096,-332.0000,400,0,0.0000,-1370.0933,-10168.0000
2021-10-19,0.0000,54.4700,54.1500,0.5910,128.0000,400,0,0.0000,-1370.0933,-10040.0000
2021-10-20,0.0000,54.2300,54.4700,-0.4406,-96.0000,400,0,0.0000,-1370.0933,-10136.0000
2021-10-21,0.0000,53.7200,54.2300,-0.9404,-204.0000,400,0,0.0000,-1370.0933,-10340.0000
2021-10-22,-123.7720,55.7900,53.7200,3.8533,828.0000,400,2,-123.7720,-1493.8653,-9512.0000
2021-10-25,0.0000,55.4900,55.7900,-0.5377,-120.0000,400,0,0.0000,-1493.8653,-9632.0000
2021-10-26,0.0000,55.0000,55.4900,-0.8830,-196.0000,400,0,0.0000,-1493.8653,-9828.0000
2021-10-27,0.0000,54.1200,55.0000,-1.6000,-352.0000,400,0,0.0000,-1493.8653,-10180.0000
2021-10-28,0.0000,54.2400,54.1200,0.2217,48.0000,400,0,0.0000,-1493.8653,-10132.0000
2021-10-29,0.0000,55.0400,54.2400,1.4749,320.0000,400,0,0.0000,-1493.8653,-9812.0000
2021-11-01,0.0000,55.3500,55.0400,0.5632,124.0000,400,0,0.0000,-1493.8653,-9688.0000
2021-11-02,-53.7033,55.9900,55.3500,1.1563,256.0000,400,4,-53.7033,-1547.5687,-9432.0000
2021-11-03,-121.8895,56.9900,55.9900,1.7860,400.0000,400,2,-121.8895,-1669.4582,-9032.0000
2021-11-04,0.0000,56.8300,56.9900,-0.2808,-64.0000,400,0,0.0000,-1669.4582,-9096.0000
2021-11-05,0.0000,57.2700,56.8300,0.7742,176.0000,400,0,0.0000,-1669.4582,-8920.0000
2021-11-08,0.0000,56.0100,57.2700,-2.2001,-504.0000,400,0,0.0000,-1669.4582,-9424.0000
2021-11-09,-80.0607,58.4900,56.0100,4.4278,992.0000,400,2,-80.0607,-1749.5189,-8432.0000
2021-11-10,0.0000,59.3800,58.4900,1.5216,356.0000,400,0,0.0000,-1749.5189,-8076.0000
2021-11-11,219.7243,58.4500,59.3800,-1.5662,-372.0000,400,4,219.7243,-1529.7947,-8448.0000
2021-11-12,0.0000,56.1600,58.4500,-3.9179,-916.0000,400,0,0.0000,-1529.7947,-9364.0000
2021-11-15,0.0000,56.2800,56.1600,0.2137,48.0000,400,0,0.0000,-1529.7947,-9316.0000
2021-11-16,0.0000,55.0700,56.2800,-2.1500,-484.0000,400,0,0.0000,-1529.7947,-9800.0000
2021-11-17,0.0000,55.2600,55.0700,0.3450,76.0000,400,0,0.0000,-1529.7947,-9724.0000
2021-11-18,0.0000,54.5700,55.2600,-1.2486,-276.0000,400,0,0.0000,-1529.7947,-10000.0000
2021-11-19,0.0000,54.7100,54.5700,0.2566,56.0000,400,0,0.0000,-1529.7947,-9944.0000
2021-11-22,0.0000,55.3400,54.7100,1.1515,252.0000,400,0,0.0000,-1529.7947,-9692.0000
2021-11-23,0.0000,54.9100,55.3400,-0.7770,-172.0000,400,0,0.0000,-1529.7947,-9864.0000
2021-11-24,0.0000,54.7700,54.9100,-0.2550,-56.0000,400,0,0.0000,-1529.7947,-9920.0000
2021-11-25,0.0000,55.0000,54.7700,0.4199,92.0000,400,0,0.0000,-1529.7947,-9828.0000
2021-11-26,-11.6388,54.2500,55.0000,-1.3636,-300.0000,400,2,-11.6388,-1541.4335,-10128.0000
2021-11-29,-57.6622,54.2500,54.2500,0.0000,0.0000,400,2,-57.6622,-1599.0957,-10128.0000
2021-11-30,0.0000,54.2600,54.2500,0.0184,4.0000,400,0,0.0000,-1599.0957,-10124.0000
2021-12-01,0.0000,54.5000,54.2600,0.4423,96.0000,400,0,0.0000,-1599.0957,-10028.0000
2021-12-02,0.0000,54.8000,54.5000,0.5505,120.0000,400,0,0.0000,-1599.0957,-9908.0000
2021-12-03,0.0000,55.0300,54.8000,0.4197,92.0000,400,0,0.0000,-1599.0957,-9816.0000
2021-12-06,0.0000,54.0400,55.0300,-1.7990,-396.0000,400,0,0.0000,-1599.0957,-10212.0000
2021-12-07,0.0000,54.0500,54.0400,0.0185,4.0000,400,0,0.0000,-1599.0957,-10208.0000
2021-12-08,0.0000,54.2400,54.0500,0.3515,76.0000,400,0,0.0000,-1599.0957,-10132.0000
2021-12-09,-3.7199,54.9500,54.2400,1.3090,284.0000,400,2,-3.7199,-1602.8156,-9848.0000
2021-12-10,-61.7693,56.4000,54.9500,2.6388,580.0000,400,2,-61.7693,-1664.5849,-9268.0000
2021-12-13,0.0000,56.0100,56.4000,-0.6915,-156.0000,400,0,0.0000,-1664.5849,-9424.0000
2021-12-14,0.0000,55.0100,56.0100,-1.7854,-400.0000,400,0,0.0000,-1664.5849,-9824.0000
2021-12-15,-71.6218,54.1300,55.0100,-1.5997,-352.0000,400,2,-71.6218,-1736.2067,-10176.0000
2021-12-16,0.0000,53.4400,54.1300,-1.2747,-276.0000,400,0,0.0000,-1736.2067,-10452.0000
2021-12-17,0.0000,53.4900,53.4400,0.0936,20.0000,400,0,0.0000,-1736.2067,-10432.0000
2021-12-20,0.0000,52.8700,53.4900,-1.1591,-248.0000,400,0,0.0000,-1736.2067,-10680.0000
2021-12-21,0.0000,53.0800,52.8700,0.3972,84.0000,400,0,0.0000,-1736.2067,-10596.0000
2021-12-22,0.0000,53.0200,53.0800,-0.1130,-24.0000,400,0,0.0000,-1736.2067,-10620.0000
2021-12-23,0.0000,52.7900,53.0200,-0.4338,-92.0000,400,0,0.0000,-1736.2067,-10712.0000
2021-12-24,0.0000,52.5600,52.7900,-0.4357,-92.0000,400,0,0.0000,-1736.2067,-10804.0000
2021-12-27,0.0000,52.7000,52.5600,0.2664,56.0000,400,0,0.0000,-1736.2067,-10748.0000
2021-12-28,0.0000,53.1700,52.7000,0.8918,188.0000,400,0,0.0000,-1736.2067,-10560.0000
2021-12-29,0.0000,52.7300,53.1700,-0.8275,-176.0000,400,0,0.0000,-1736.2067,-10736.0000
2021-12-30,0.0000,52.8900,52.7300,0.3034,64.0000,400,0,0.0000,-1736.2067,-10672.0000
2021-12-31,0.0000,52.9900,52.8900,0.1891,40.0000,400,0,0.0000,-1736.2067,-10632.0000
2022-01-04,0.0000,53.1400,52.9900,0.2831,60.0000,400,0,0.0000,-1736.2067,-10572.0000
2022-01-05,0.0000,52.8800,53.1400,-0.4893,-104.0000,400,0,0.0000,-1736.2067,-10676.0000
2022-01-06,0.0000,52.8000,52.8800,-0.1513,-32.0000,400,0,0.0000,-1736.2067,-10708.0000
2022-01-07,0.0000,52.8300,52.8000,0.0568,12.0000,400,0,0.0000,-1736.2067,-10696.0000
2022-01-10,0.0000,52.8800,52.8300,0.0946,20.0000,400,0,0.0000,-1736.2067,-10676.0000
2022-01-11,0.0000,52.7500,52.8800,-0.2458,-52.0000,400,0,0.0000,-1736.2067,-10728.0000
2022-01-12,0.0000,52.8900,52.7500,0.2654,56.0000,400,0,0.0000,-1736.2067,-10672.0000
2022-01-13,0.0000,52.0600,52.8900,-1.5693,-332.0000,400,0,0.0000,-1736.2067,-11004.0000
2022-01-14,0.0000,51.0900,52.0600,-1.8632,-388.0000,400,0,0.0000,-1736.2067,-11392.0000
2022-01-17,0.0000,51.4900,51.0900,0.7829,160.0000,400,0,0.0000,-1736.2067,-11232.0000
2022-01-18,0.0000,52.4400,51.4900,1.8450,380.0000,400,0,0.0000,-1736.2067,-10852.0000
2022-01-19,0.0000,51.8900,52.4400,-1.0488,-220.0000,400,0,0.0000,-1736.2067,-11072.0000
2022-01-20,0.0000,51.6900,51.8900,-0.3854,-80.0000,400,0,0.0000,-1736.2067,-11152.0000
2022-01-21,0.0000,51.2800,51.6900,-0.7932,-164.0000,400,0,0.0000,-1736.2067,-11316.0000
2022-01-24,0.0000,51.3500,51.2800,0.1365,28.0000,400,0,0.0000,-1736.2067,-11288.0000
2022-01-25,-47.2274,50.0600,51.3500,-2.5122,-516.0000,400,2,-47.2274,-1783.4340,-11804.0000
2022-01-26,0.0000,50.3100,50.0600,0.4994,100.0000,400,0,0.0000,-1783.4340,-11704.0000
2022-01-27,0.0000,49.0300,50.3100,-2.5442,-512.0000,400,0,0.0000,-1783.4340,-12216.0000
2022-01-28,98.8167,49.2200,49.0300,0.3875,76.0000,400,2,98.8167,-1684.6173,-12140.0000
2022-02-07,0.0000,49.9700,49.2200,1.5238,300.0000,400,0,0.0000,-1684.6173,-11840.0000
2022-02-08,0.0000,50.4000,49.9700,0.8605,172.0000,400,0,0.0000,-1684.6173,-11668.0000
2022-02-09,0.6785,51.1000,50.4000,1.3889,280.0000,400,2,0.6785,-1683.9388,-11388.0000
2022-02-10,0.0000,51.2000,51.1000,0.1957,40.0000,400,0,0.0000,-1683.9388,-11348.0000
2022-02-11,-47.3678,51.4600,51.2000,0.5078,104.0000,400,2,-47.3678,-1731.3066,-11244.0000
2022-02-14,0.0000,50.8000,51.4600,-1.2825,-264.0000,400,0,0.0000,-1731.3066,-11508.0000
2022-02-15,0.0000,51.4700,50.8000,1.3189,268.0000,400,0,0.0000,-1731.3066,-11240.0000
2022-02-16,0.0000,51.4800,51.4700,0.0194,4.0000,400,0,0.0000,-1731.3066,-11236.0000
2022-02-17,0.0000,50.8500,51.4800,-1.2238,-252.0000,400,0,0.0000,-1731.3066,-11488.0000
2022-02-18,0.0000,50.8400,50.8500,-0.0197,-4.0000,400,0,0.0000,-1731.3066,-11492.0000
2022-02-21,0.0000,50.9300,50.8400,0.1770,36.0000,400,0,0.0000,-1731.3066,-11456.0000
2022-02-22,0.0000,50.3800,50.9300,-1.0799,-220.0000,400,0,0.0000,-1731.3066,-11676.0000
2022-02-23,-57.3242,51.6400,50.3800,2.5010,504.0000,400,2,-57.3242,-1788.6307,-11172.0000
2022-02-24,-109.2498,50.7300,51.6400,-1.7622,-364.0000,400,2,-109.2498,-1897.8806,-11536.0000
2022-02-25,10.7243,50.7300,50.7300,0.0000,0.0000,400,2,10.7243,-1887.1562,-11536.0000
2022-02-28,0.0000,50.7300,50.7300,0.0000,0.0000,400,0,0.0000,-1887.1562,-11536.0000
2022-03-01,0.0000,50.8700,50.7300,0.2760,56.0000,400,0,0.0000,-1887.1562,-11480.0000
2022-03-02,0.0000,50.5800,50.8700,-0.5701,-116.0000,400,0,0.0000,-1887.1562,-11596.0000
2022-03-03,0.0000,51.0600,50.5800,0.9490,192.0000,400,0,0.0000,-1887.1562,-11404.0000
2022-03-04,-49.2596,50.8800,51.0600,-0.3525,-72.0000,400,2,-49.2596,-1936.4158,-11476.0000
2022-03-07,0.0000,49.6000,50.8800,-2.5157,-512.0000,400,0,0.0000,-1936.4158,-11988.0000
2022-03-08,-55.0974,49.2800,49.6000,-0.6452,-128.0000,400,2,-55.0974,-1991.5133,-12116.0000
2022-03-09,35.5258,50.3000,49.2800,2.0698,408.0000,400,4,35.5258,-1955.9875,-11708.0000
2022-03-10,0.0000,50.2300,50.3000,-0.1392,-28.0000,400,0,0.0000,-1955.9875,-11736.0000
2022-03-11,16.8066,49.7400,50.2300,-0.9755,-196.0000,400,2,16.8066,-1939.1809,-11932.0000
2022-03-14,0.0000,48.5900,49.7400,-2.3120,-460.0000,400,0,0.0000,-1939.1809,-12392.0000
2022-03-15,0.0000,45.2900,48.5900,-6.7915,-1320.0000,400,0,0.0000,-1939.1809,-13712.0000
2022-03-16,28.4929,46.2800,45.2900,2.1859,396.0000,400,4,28.4929,-1910.6880,-13316.0000
2022-03-17,0.0000,46.4900,46.2800,0.4538,84.0000,400,0,0.0000,-1910.6880,-13232.0000
2022-03-18,0.0000,46.8000,46.4900,0.6668,124.0000,400,0,0.0000,-1910.6880,-13108.0000
2022-03-21,0.0000,46.9900,46.8000,0.4060,76.0000,400,0,0.0000,-1910.6880,-13032.0000
2022-03-22,0.0000,46.8000,46.9900,-0.4043,-76.0000,400,0,0.0000,-1910.6880,-13108.0000
2022-03-23,104.9978,47.5900,46.8000,1.6880,316.0000,400,2,104.9978,-1805.6903,-12792.0000
2022-03-24,0.0000,46.6100,47.5900,-2.0593,-392.0000,400,0,0.0000,-1805.6903,-13184.0000
2022-03-25,0.0000,46.7600,46.6100,0.3218,60.0000,400,0,0.0000,-1805.6903,-13124.0000
2022-03-28,0.0000,46.4500,46.7600,-0.6630,-124.0000,400,0,0.0000,-1805.6903,-13248.0000
2022-03-29,0.0000,46.1600,46.4500,-0.6243,-116.0000,400,0,0.0000,-1805.6903,-13364.0000
2022-03-30,0.0000,46.6000,46.1600,0.9532,176.0000,400,0,0.0000,-1805.6903,-13188.0000
2022-03-31,0.0000,46.0900,46.6000,-1.0944,-204.0000,400,0,0.0000,-1805.6903,-13392.0000
2022-04-01,0.0000,45.7100,46.0900,-0.8245,-152.0000,400,0,0.0000,-1805.6903,-13544.0000
2022-04-06,0.0000,45.7500,45.7100,0.0875,16.0000,400,0,0.0000,-1805.6903,-13528.0000
2022-04-07,0.0000,45.3400,45.7500,-0.8962,-164.0000,400,0,0.0000,-1805.6903,-13692.0000
2022-04-08,-42.6304,44.9900,45.3400,-0.7719,-140.0000,400,2,-42.6304,-1848.3206,-13832.0000
2022-04-11,-96.4967,42.6300,44.9900,-5.2456,-944.0000,400,2,-96.4967,-1944.8174,-14776.0000
2022-04-12,-120.5074,43.8900,42.6300,2.9557,504.0000,400,2,-120.5074,-2065.3248,-14272.0000
2022-04-13,0.0000,43.5100,43.8900,-0.8658,-152.0000,400,0,0.0000,-2065.3248,-14424.0000
2022-04-14,0.0000,43.6700,43.5100,0.3677,64.0000,400,0,0.0000,-2065.3248,-14360.0000
2022-04-15,0.0000,43.2500,43.6700,-0.9618,-168.0000,400,0,0.0000,-2065.3248,-14528.0000
2022-04-18,0.0000,43.6900,43.2500,1.0173,176.0000,400,0,0.0000,-2065.3248,-14352.0000
2022-04-19,0.0000,43.5900,43.6900,-0.2289,-40.0000,400,0,0.0000,-2065.3248,-14392.0000
2022-04-20,0.0000,43.0500,43.5900,-1.2388,-216.0000,400,0,0.0000,-2065.3248,-14608.0000
2022-04-21,-66.3716,41.8900,43.0500,-2.6945,-464.0000,400,2,-66.3716,-2131.6964,-15072.0000
2022-04-22,0.0000,41.8500,41.8900,-0.0955,-16.0000,400,0,0.0000,-2131.6964,-15088.0000
2022-04-25,-58.1344,38.9700,41.8500,-6.8817,-1152.0000,400,2,-58.1344,-2189.8308,-16240.0000
2022-04-26,-101.9633,37.7800,38.9700,-3.0536,-476.0000,400,2,-101.9633,-2291.7941,-16716.0000
2022-04-27,-77.9870,38.5700,37.7800,2.0911,316.0000,400,2,-77.9870,-2369.7811,-16400.0000
2022-04-28,0.0000,37.9100,38.5700,-1.7112,-264.0000,400,0,0.0000,-2369.7811,-16664.0000
2022-04-29,-8.1423,39.7200,37.9100,4.7745,724.0000,400,2,-8.1423,-2377.9233,-15940.0000
2022-05-05,0.0000,40.3600,39.7200,1.6113,256.0000,400,0,0.0000,-2377.9233,-15684.0000
2022-05-06,0.0000,39.6000,40.3600,-1.8831,-304.0000,400,0,0.0000,-2377.9233,-15988.0000
2022-05-09,0.0000,39.9300,39.6000,0.8333,132.0000,400,0,0.0000,-2377.9233,-15856.0000
2022-05-10,0.0000,40.8800,39.9300,2.3792,380.0000,400,0,0.0000,-2377.9233,-15476.0000
2022-05-11,-70.4039,42.1500,40.8800,3.1067,508.0000,400,2,-70.4039,-2448.3273,-14968.0000
2022-05-12,0.0000,43.3200,42.1500,2.7758,468.0000,400,0,0.0000,-2448.3273,-14500.0000
2022-05-13,0.0000,42.4000,43.3200,-2.1237,-368.0000,400,0,0.0000,-2448.3273,-14868.0000
2022-05-16,0.0000,42.4000,42.4000,0.0000,0.0000,400,0,0.0000,-2448.3273,-14868.0000
2022-05-17,0.0000,42.5900,42.4000,0.4481,76.0000,400,0,0.0000,-2448.3273,-14792.0000
2022-05-18,0.0000,42.2600,42.5900,-0.7748,-132.0000,400,0,0.0000,-2448.3273,-14924.0000
2022-05-19,0.0000,42.4400,42.2600,0.4259,72.0000,400,0,0.0000,-2448.3273,-14852.0000
2022-05-20,0.0000,42.8800,42.4400,1.0368,176.0000,400,0,0.0000,-2448.3273,-14676.0000
2022-05-23,0.0000,43.1000,42.8800,0.5131,88.0000,400,0,0.0000,-2448.3273,-14588.0000
2022-05-24,-50.4048,41.6100,43.1000,-3.4571,-596.0000,400,2,-50.4048,-2498.7320,-15184.0000
2022-05-25,0.0000,42.3800,41.6100,1.8505,308.0000,400,0,0.0000,-2498.7320,-14876.0000
2022-05-26,0.0000,42.4200,42.3800,0.0944,16.0000,400,0,0.0000,-2498.7320,-14860.0000
2022-05-27,5.6301,42.1300,42.4200,-0.6836,-116.0000,400,2,5.6301,-2493.1019,-14976.0000
2022-05-30,0.0000,42.0600,42.1300,-0.1662,-28.0000,400,0,0.0000,-2493.1019,-15004.0000
2022-05-31,0.0000,42.8800,42.0600,1.9496,328.0000,400,0,0.0000,-2493.1019,-14676.0000
2022-06-01,0.0000,42.7500,42.8800,-0.3032,-52.0000,400,0,0.0000,-2493.1019,-14728.0000
2022-06-02,-58.5005,44.5200,42.7500,4.1404,708.0000,400,2,-58.5005,-2551.6024,-14020.0000
2022-06-06,36.5367,45.6900,44.5200,2.6280,468.0000,400,4,36.5367,-2515.0658,-13552.0000
2022-06-07,0.0000,45.2200,45.6900,-1.0287,-188.0000,400,0,0.0000,-2515.0658,-13740.0000
2022-06-08,81.3324,44.8900,45.2200,-0.7298,-132.0000,400,2,81.3324,-2433.7334,-13872.0000
2022-06-09,0.0000,43.9100,44.8900,-2.1831,-392.0000,400,0,0.0000,-2433.7334,-14264.0000
2022-06-10,-32.7155,45.3900,43.9100,3.3705,592.0000,400,2,-32.7155,-2466.4489,-13672.0000
2022-06-13,0.0000,45.7400,45.3900,0.7711,140.0000,400,0,0.0000,-2466.4489,-13532.0000
2022-06-14,0.0000,45.6600,45.7400,-0.1749,-32.0000,400,0,0.0000,-2466.4489,-13564.0000
2022-06-15,0.0000,45.4700,45.6600,-0.4161,-76.0000,400,0,0.0000,-2466.4489,-13640.0000
2022-06-16,11.3307,44.8600,45.4700,-1.3415,-244.0000,400,2,11.3307,-2455.1182,-13884.0000
2022-06-17,0.0000,44.9000,44.8600,0.0892,16.0000,400,0,0.0000,-2455.1182,-13868.0000
2022-06-20,0.0000,45.6800,44.9000,1.7372,312.0000,400,0,0.0000,-2455.1182,-13556.0000
2022-06-21,0.0000,45.1600,45.6800,-1.1384,-208.0000,400,0,0.0000,-2455.1182,-13764.0000
2022-06-22,0.0000,44.3500,45.1600,-1.7936,-324.0000,400,0,0.0000,-2455.1182,-14088.0000
2022-06-23,0.0000,44.5000,44.3500,0.3382,60.0000,400,0,0.0000,-2455.1182,-14028.0000
2022-06-24,0.0000,45.0500,44.5000,1.2360,220.0000,400,0,0.0000,-2455.1182,-13808.0000
2022-06-27,0.0000,45.2000,45.0500,0.3330,60.0000,400,0,0.0000,-2455.1182,-13748.0000
2022-06-28,-14.7965,46.0600,45.2000,1.9027,344.0000,400,2,-14.7965,-2469.9147,-13404.0000
2022-06-29,0.0000,45.1600,46.0600,-1.9540,-360.0000,400,0,0.0000,-2469.9147,-13764.0000
2022-06-30,0.0000,45.1700,45.1600,0.0221,4.0000,400,0,0.0000,-2469.9147,-13760.0000
2022-07-01,0.0000,44.8100,45.1700,-0.7970,-144.0000,400,0,0.0000,-2469.9147,-13904.0000
2022-07-04,0.0000,44.1100,44.8100,-1.5622,-280.0000,400,0,0.0000,-2469.9147,-14184.0000
2022-07-05,0.0000,44.3000,44.1100,0.4307,76.0000,400,0,0.0000,-2469.9147,-14108.0000
2022-07-06,-10.5302,43.5600,44.3000,-1.6704,-296.0000,400,2,-10.5302,-2480.4449,-14404.0000
2022-07-07,0.0000,43.3100,43.5600,-0.5739,-100.0000,400,0,0.0000,-2480.4449,-14504.0000
2022-07-08,0.0000,43.4000,43.3100,0.2078,36.0000,400,0,0.0000,-2480.4449,-14468.0000
2022-07-11,0.0000,41.8400,43.4000,-3.5945,-624.0000,400,0,0.0000,-2480.4449,-15092.0000
2022-07-12,0.0000,41.8800,41.8400,0.0956,16.0000,400,0,0.0000,-2480.4449,-15076.0000
2022-07-13,0.0000,41.5700,41.8800,-0.7402,-124.0000,400,0,0.0000,-2480.4449,-15200.0000
2022-07-14,0.0000,41.2800,41.5700,-0.6976,-116.0000,400,0,0.0000,-2480.4449,-15316.0000
2022-07-15,0.0000,41.0200,41.2800,-0.6298,-104.0000,400,0,0.0000,-2480.4449,-15420.0000
2022-07-18,-88.3438,41.6100,41.0200,1.4383,236.0000,400,2,-88.3438,-2568.7887,-15184.0000
2022-07-19,0.0000,41.7900,41.6100,0.4326,72.0000,400,0,0.0000,-2568.7887,-15112.0000
2022-07-20,0.0000,41.7700,41.7900,-0.0479,-8.0000,400,0,0.0000,-2568.7887,-15120.0000
2022-07-21,0.0000,41.5500,41.7700,-0.5267,-88.0000,400,0,0.0000,-2568.7887,-15208.0000
2022-07-22,-50.2883,41.4500,41.5500,-0.2407,-40.0000,400,2,-50.2883,-2619.0770,-15248.0000
2022-07-25,0.0000,41.8200,41.4500,0.8926,148.0000,400,0,0.0000,-2619.0770,-15100.0000
2022-07-26,0.0000,41.5400,41.8200,-0.6695,-112.0000,400,0,0.0000,-2619.0770,-15212.0000
2022-07-27,0.0000,40.9600,41.5400,-1.3962,-232.0000,400,0,0.0000,-2619.0770,-15444.0000
2022-07-28,0.0000,40.9800,40.9600,0.0488,8.0000,400,0,0.0000,-2619.0770,-15436.0000
2022-07-29,-26.1674,40.0900,40.9800,-2.1718,-356.0000,400,2,-26.1674,-2645.2444,-15792.0000
2022-08-01,0.0000,40.1800,40.0900,0.2245,36.0000,400,0,0.0000,-2645.2444,-15756.0000
2022-08-02,-0.1013,38.9800,40.1800,-2.9866,-480.0000,400,4,-0.1013,-2645.3457,-16236.0000
2022-08-03,-310.1588,41.6000,38.9800,6.7214,1048.0000,400,2,-310.1588,-2955.5045,-15188.0000
2022-08-04,75.5611,42.4900,41.6000,2.1394,356.0000,400,2,75.5611,-2879.9434,-14832.0000
2022-08-05,-108.5156,44.3400,42.4900,4.3540,740.0000,400,2,-108.5156,-2988.4589,-14092.0000
2022-08-08,0.0000,43.0000,44.3400,-3.0221,-536.0000,400,0,0.0000,-2988.4589,-14628.0000
2022-08-09,0.0000,43.1100,43.0000,0.2558,44.0000,400,0,0.0000,-2988.4589,-14584.0000
2022-08-10,0.0000,42.5000,43.1100,-1.4150,-244.0000,400,0,0.0000,-2988.4589,-14828.0000
2022-08-11,0.0000,43.4800,42.5000,2.3059,392.0000,400,0,0.0000,-2988.4589,-14436.0000
2022-08-12,0.0000,42.7100,43.4800,-1.7709,-308.0000,400,0,0.0000,-2988.4589,-14744.0000
2022-08-15,0.0000,41.8400,42.7100,-2.0370,-348.0000,400,0,0.0000,-2988.4589,-15092.0000
2022-08-16,0.0000,41.6300,41.8400,-0.5019,-84.0000,400,0,0.0000,-2988.4589,-15176.0000
2022-08-17,0.0000,41.7900,41.6300,0.3843,64.0000,400,0,0.0000,-2988.4589,-15112.0000
2022-08-18,0.0000,41.8800,41.7900,0.2154,36.0000,400,0,0.0000,-2988.4589,-15076.0000
2022-08-19,-34.2632,40.9900,41.8800,-2.1251,-356.0000,400,2,-34.2632,-3022.7221,-15432.0000
2022-08-22,-22.2807,41.0900,40.9900,0.2440,40.0000,400,2,-22.2807,-3045.0028,-15392.0000
2022-08-23,0.0000,40.6600,41.0900,-1.0465,-172.0000,400,0,0.0000,-3045.0028,-15564.0000
2022-08-24,-46.1302,39.7000,40.6600,-2.3610,-384.0000,400,2,-46.1302,-3091.1330,-15948.0000
2022-08-25,0.0000,39.8800,39.7000,0.4534,72.0000,400,0,0.0000,-3091.1330,-15876.0000
2022-08-26,0.0000,40.2700,39.8800,0.9779,156.0000,400,0,0.0000,-3091.1330,-15720.0000
2022-08-29,0.0000,40.0800,40.2700,-0.4718,-76.0000,400,0,0.0000,-3091.1330,-15796.0000
2022-08-30,0.0000,40.1000,40.0800,0.0499,8.0000,400,0,0.0000,-3091.1330,-15788.0000
2022-08-31,0.0000,40.2100,40.1000,0.2743,44.0000,400,0,0.0000,-3091.1330,-15744.0000
2022-09-01,0.0000,39.9500,40.2100,-0.6466,-104.0000,400,0,0.0000,-3091.1330,-15848.0000
2022-09-02,0.0000,40.4000,39.9500,1.1264,180.0000,400,0,0.0000,-3091.1330,-15668.0000
2022-09-05,0.0000,39.9400,40.4000,-1.1386,-184.0000,400,0,0.0000,-3091.1330,-15852.0000
2022-09-06,0.0000,40.0500,39.9400,0.2754,44.0000,400,0,0.0000,-3091.1330,-15808.0000
2022-09-07,0.0000,40.2300,40.0500,0.4494,72.0000,400,0,0.0000,-3091.1330,-15736.0000
2022-09-08,0.0000,39.9400,40.2300,-0.7209,-116.0000,400,0,0.0000,-3091.1330,-15852.0000
2022-09-09,0.0000,40.2000,39.9400,0.6510,104.0000,400,0,0.0000,-3091.1330,-15748.0000
2022-09-13,0.0000,40.4000,40.2000,0.4975,80.0000,400,0,0.0000,-3091.1330,-15668.0000
2022-09-14,0.0000,40.1800,40.4000,-0.5446,-88.0000,400,0,0.0000,-3091.1330,-15756.0000
2022-09-15,0.0000,40.0700,40.1800,-0.2738,-44.0000,400,0,0.0000,-3091.1330,-15800.0000
2022-09-16,0.0000,39.7900,40.0700,-0.6988,-112.0000,400,0,0.0000,-3091.1330,-15912.0000
2022-09-19,117.9269,38.5600,39.7900,-3.0912,-492.0000,400,4,117.9269,-2973.2061,-16404.0000
2022-09-20,0.0000,38.7000,38.5600,0.3631,56.0000,400,0,0.0000,-2973.2061,-16348.0000
2022-09-21,0.0000,38.4500,38.7000,-0.6460,-100.0000,400,0,0.0000,-2973.2061,-16448.0000
2022-09-22,0.0000,38.4500,38.4500,0.0000,0.0000,400,0,0.0000,-2973.2061,-16448.0000
2022-09-23,0.0000,38.1400,38.4500,-0.8062,-124.0000,400,0,0.0000,-2973.2061,-16572.0000
2022-09-26,0.0000,37.4700,38.1400,-1.7567,-268.0000,400,0,0.0000,-2973.2061,-16840.0000
2022-09-27,-11.9842,38.3700,37.4700,2.4019,360.0000,400,2,-11.9842,-2985.1903,-16480.0000
2022-09-28,0.0000,37.7900,38.3700,-1.5116,-232.0000,400,0,0.0000,-2985.1903,-16712.0000
2022-09-29,-19.9105,37.5600,37.7900,-0.6086,-92.0000,400,2,-19.9105,-3005.1008,-16804.0000
2022-09-30,0.0000,37.7800,37.5600,0.5857,88.0000,400,0,0.0000,-3005.1008,-16716.0000
2022-10-10,32.0675,37.7200,37.7800,-0.1588,-24.0000,400,4,32.0675,-2973.0333,-16740.0000
2022-10-11,-101.7958,36.8300,37.7200,-2.3595,-356.0000,400,2,-101.7958,-3074.8291,-17096.0000
2022-10-12,0.0000,37.4700,36.8300,1.7377,256.0000,400,0,0.0000,-3074.8291,-16840.0000
2022-10-13,0.0000,36.8400,37.4700,-1.6813,-252.0000,400,0,0.0000,-3074.8291,-17092.0000
2022-10-14,26.0390,37.8600,36.8400,2.7687,408.0000,400,2,26.0390,-3048.7901,-16684.0000
2022-10-17,0.0000,38.4100,37.8600,1.4527,220.0000,400,0,0.0000,-3048.7901,-16464.0000
2022-10-18,0.0000,38.1000,38.4100,-0.8071,-124.0000,400,0,0.0000,-3048.7901,-16588.0000
2022-10-19,0.0000,37.8300,38.1000,-0.7087,-108.0000,400,0,0.0000,-3048.7901,-16696.0000
2022-10-20,-48.0023,38.6700,37.8300,2.2205,336.0000,400,2,-48.0023,-3096.7923,-16360.0000
2022-10-21,0.0000,38.3100,38.6700,-0.9310,-144.0000,400,0,0.0000,-3096.7923,-16504.0000
2022-10-24,-53.9233,37.4900,38.3100,-2.1404,-328.0000,400,2,-53.9233,-3150.7156,-16832.0000
2022-10-25,78.0302,37.6000,37.4900,0.2934,44.0000,400,2,78.0302,-3072.6854,-16788.0000
2022-10-26,-138.0489,39.0600,37.6000,3.8830,584.0000,400,2,-138.0489,-3210.7343,-16204.0000
2022-10-27,-162.2343,42.1300,39.0600,7.8597,1228.0000,400,2,-162.2343,-3372.9686,-14976.0000
2022-10-28,0.0000,41.5500,42.1300,-1.3767,-232.0000,400,0,0.0000,-3372.9686,-15208.0000
2022-10-31,0.0000,41.7100,41.5500,0.3851,64.0000,400,0,0.0000,-3372.9686,-15144.0000
2022-11-01,0.0000,41.7200,41.7100,0.0240,4.0000,400,0,0.0000,-3372.9686,-15140.0000
2022-11-02,0.0000,41.8100,41.7200,0.2157,36.0000,400,0,0.0000,-3372.9686,-15104.0000
2022-11-03,0.0000,42.0500,41.8100,0.5740,96.0000,400,0,0.0000,-3372.9686,-15008.0000
2022-11-04,0.0000,42.1500,42.0500,0.2378,40.0000,400,0,0.0000,-3372.9686,-14968.0000
2022-11-07,0.0000,41.8800,42.1500,-0.6406,-108.0000,400,0,0.0000,-3372.9686,-15076.0000
2022-11-08,0.0000,41.3600,41.8800,-1.2416,-208.0000,400,0,0.0000,-3372.9686,-15284.0000
2022-11-09,0.0000,41.1500,41.3600,-0.5077,-84.0000,400,0,0.0000,-3372.9686,-15368.0000
2022-11-10,-72.2022,40.3000,41.1500,-2.0656,-340.0000,400,2,-72.2022,-3445.1708,-15708.0000
2022-11-11,0.0000,40.7100,40.3000,1.0174,164.0000,400,0,0.0000,-3445.1708,-15544.0000
2022-11-14,0.0000,41.4000,40.7100,1.6949,276.0000,400,0,0.0000,-3445.1708,-15268.0000
2022-11-15,-54.4318,42.7900,41.4000,3.3575,556.0000,400,2,-54.4318,-3499.6026,-14712.0000
2022-11-16,0.0000,42.4800,42.7900,-0.7245,-124.0000,400,0,0.0000,-3499.6026,-14836.0000
2022-11-17,0.0000,42.6600,42.4800,0.4237,72.0000,400,0,0.0000,-3499.6026,-14764.0000
2022-11-18,0.0000,41.8100,42.6600,-1.9925,-340.0000,400,0,0.0000,-3499.6026,-15104.0000
2022-11-21,0.0000,41.5800,41.8100,-0.5501,-92.0000,400,0,0.0000,-3499.6026,-15196.0000
2022-11-22,0.0000,41.0000,41.5800,-1.3949,-232.0000,400,0,0.0000,-3499.6026,-15428.0000
2022-11-23,0.0000,40.7700,41.0000,-0.5610,-92.0000,400,0,0.0000,-3499.6026,-15520.0000
2022-11-24,0.0000,40.6800,40.7700,-0.2208,-36.0000,400,0,0.0000,-3499.6026,-15556.0000
2022-11-25,0.0000,40.6900,40.6800,0.0246,4.0000,400,0,0.0000,-3499.6026,-15552.0000
2022-11-28,0.0000,40.0800,40.6900,-1.4991,-244.0000,400,0,0.0000,-3499.6026,-15796.0000
2022-11-29,-78.2480,40.9800,40.0800,2.2455,360.0000,400,2,-78.2480,-3577.8506,-15436.0000
2022-11-30,0.0000,40.8400,40.9800,-0.3416,-56.0000,400,0,0.0000,-3577.8506,-15492.0000
2022-12-01,-0.2587,40.9800,40.8400,0.3428,56.0000,400,2,-0.2587,-3578.1093,-15436.0000
2022-12-02,0.0000,40.6500,40.9800,-0.8053,-132.0000,400,0,0.0000,-3578.1093,-15568.0000
2022-12-05,0.0000,41.3600,40.6500,1.7466,284.0000,400,0,0.0000,-3578.1093,-15284.0000
2022-12-06,47.6045,41.9100,41.3600,1.3298,220.0000,400,2,47.6045,-3530.5048,-15064.0000
2022-12-07,0.0000,41.9200,41.9100,0.0239,4.0000,400,0,0.0000,-3530.5048,-15060.0000
2022-12-08,0.0000,41.9000,41.9200,-0.0477,-8.0000,400,0,0.0000,-3530.5048,-15068.0000
2022-12-09,0.0000,42.1600,41.9000,0.6205,104.0000,400,0,0.0000,-3530.5048,-14964.0000
2022-12-12,0.0000,41.9500,42.1600,-0.4981,-84.0000,400,0,0.0000,-3530.5048,-15048.0000
2022-12-13,0.0000,41.8000,41.9500,-0.3576,-60.0000,400,0,0.0000,-3530.5048,-15108.0000
2022-12-14,-28.4357,42.5700,41.8000,1.8421,308.0000,400,2,-28.4357,-3558.9405,-14800.0000
2022-12-15,0.0000,42.7700,42.5700,0.4698,80.0000,400,0,0.0000,-3558.9405,-14720.0000
2022-12-16,0.0000,43.0000,42.7700,0.5378,92.0000,400,0,0.0000,-3558.9405,-14628.0000
2022-12-19,-58.3528,41.7800,43.0000,-2.8372,-488.0000,400,2,-58.3528,-3617.2933,-15116.0000
2022-12-20,0.0000,41.8500,41.7800,0.1675,28.0000,400,0,0.0000,-3617.2933,-15088.0000
2022-12-21,13.7030,41.2900,41.8500,-1.3381,-224.0000,400,2,13.7030,-3603.5903,-15312.0000
2022-12-22,0.0000,41.0700,41.2900,-0.5328,-88.0000,400,0,0.0000,-3603.5903,-15400.0000
2022-12-23,0.0000,41.0600,41.0700,-0.0243,-4.0000,400,0,0.0000,-3603.5903,-15404.0000
2022-12-26,0.0000,41.4300,41.0600,0.9011,148.0000,400,0,0.0000,-3603.5903,-15256.0000
2022-12-27,0.0000,41.4800,41.4300,0.1207,20.0000,400,0,0.0000,-3603.5903,-15236.0000
2022-12-28,0.0000,40.9000,41.4800,-1.3983,-232.0000,400,0,0.0000,-3603.5903,-15468.0000
2022-12-29,0.0000,40.8900,40.9000,-0.0244,-4.0000,400,0,0.0000,-3603.5903,-15472.0000
2022-12-30,0.0000,41.1400,40.8900,0.6114,100.0000,400,0,0.0000,-3603.5903,-15372.0000
2023-01-03,0.0000,41.5400,41.1400,0.9723,160.0000,400,0,0.0000,-3603.5903,-15212.0000
2023-01-04,0.0000,41.9200,41.5400,0.9148,152.0000,400,0,0.0000,-3603.5903,-15060.0000
2023-01-05,0.0000,41.8700,41.9200,-0.1193,-20.0000,400,0,0.0000,-3603.5903,-15080.0000
2023-01-06,0.0000,41.6800,41.8700,-0.4538,-76.0000,400,0,0.0000,-3603.5903,-15156.0000
2023-01-09,0.0000,41.5300,41.6800,-0.3599,-60.0000,400,0,0.0000,-3603.5903,-15216.0000
2023-01-10,0.0000,41.5600,41.5300,0.0722,12.0000,400,0,0.0000,-3603.5903,-15204.0000
2023-01-11,0.0000,41.1800,41.5600,-0.9143,-152.0000,400,0,0.0000,-3603.5903,-15356.0000
2023-01-12,0.0000,40.8200,41.1800,-0.8742,-144.0000,400,0,0.0000,-3603.5903,-15500.0000
2023-01-13,0.0000,41.3000,40.8200,1.1759,192.0000,400,0,0.0000,-3603.5903,-15308.0000
2023-01-16,0.0000,41.9200,41.3000,1.5012,248.0000,400,0,0.0000,-3603.5903,-15060.0000
2023-01-17,0.0000,42.1000,41.9200,0.4294,72.0000,400,0,0.0000,-3603.5903,-14988.0000
2023-01-18,0.0000,42.0000,42.1000,-0.2375,-40.0000,400,0,0.0000,-3603.5903,-15028.0000
2023-01-19,0.0000,42.5000,42.0000,1.1905,200.0000,400,0,0.0000,-3603.5903,-14828.0000
2023-01-20,0.0000,42.5900,42.5000,0.2118,36.0000,400,0,0.0000,-3603.5903,-14792.0000
2023-01-30,0.0000,42.3700,42.5900,-0.5166,-88.0000,400,0,0.0000,-3603.5903,-14880.0000
2023-01-31,0.0000,41.8600,42.3700,-1.2037,-204.0000,400,0,0.0000,-3603.5903,-15084.0000
2023-02-01,-76.4393,43.4600,41.8600,3.8223,640.0000,400,2,-76.4393,-3680.0297,-14444.0000
2023-02-02,65.4321,43.4200,43.4600,-0.0920,-16.0000,400,2,65.4321,-3614.5976,-14460.0000
2023-02-03,0.0000,43.3300,43.4200,-0.2073,-36.0000,400,0,0.0000,-3614.5976,-14496.0000
2023-02-06,0.0000,43.0000,43.3300,-0.7616,-132.0000,400,0,0.0000,-3614.5976,-14628.0000
2023-02-07,0.0000,43.1800,43.0000,0.4186,72.0000,400,0,0.0000,-3614.5976,-14556.0000
2023-02-08,0.0000,42.6200,43.1800,-1.2969,-224.0000,400,0,0.0000,-3614.5976,-14780.0000
2023-02-09,0.0000,43.6000,42.6200,2.2994,392.0000,400,0,0.0000,-3614.5976,-14388.0000
2023-02-10,0.0000,43.0700,43.6000,-1.2156,-212.0000,400,0,0.0000,-3614.5976,-14600.0000
2023-02-13,0.0000,42.9800,43.0700,-0.2090,-36.0000,400,0,0.0000,-3614.5976,-14636.0000
2023-02-14,0.0000,43.0300,42.9800,0.1163,20.0000,400,0,0.0000,-3614.5976,-14616.0000
2023-02-15,0.0000,42.8600,43.0300,-0.3951,-68.0000,400,0,0.0000,-3614.5976,-14684.0000
2023-02-16,-64.3966,41.9800,42.8600,-2.0532,-352.0000,400,2,-64.3966,-3678.9942,-15036.0000
2023-02-17,0.0000,41.8100,41.9800,-0.4050,-68.0000,400,0,0.0000,-3678.9942,-15104.0000
2023-02-20,0.0000,42.2600,41.8100,1.0763,180.0000,400,0,0.0000,-3678.9942,-14924.0000
2023-02-21,0.0000,42.3500,42.2600,0.2130,36.0000,400,0,0.0000,-3678.9942,-14888.0000
2023-02-22,0.0000,42.3000,42.3500,-0.1181,-20.0000,400,0,0.0000,-3678.9942,-14908.0000
2023-02-23,0.0000,42.1600,42.3000,-0.3310,-56.0000,400,0,0.0000,-3678.9942,-14964.0000
2023-02-24,0.0000,41.9700,42.1600,-0.4507,-76.0000,400,0,0.0000,-3678.9942,-15040.0000
2023-02-27,0.0000,41.6300,41.9700,-0.8101,-136.0000,400,0,0.0000,-3678.9942,-15176.0000
2023-02-28,0.0000,42.0200,41.6300,0.9368,156.0000,400,0,0.0000,-3678.9942,-15020.0000
2023-03-01,0.0000,42.3700,42.0200,0.8329,140.0000,400,0,0.0000,-3678.9942,-14880.0000
2023-03-02,0.0000,42.4600,42.3700,0.2124,36.0000,400,0,0.0000,-3678.9942,-14844.0000
2023-03-03,91.4500,43.3200,42.4600,2.0254,344.0000,400,2,91.4500,-3587.5442,-14500.0000
2023-03-06,-48.5285,43.4000,43.3200,0.1847,32.0000,400,2,-48.5285,-3636.0727,-14468.0000
2023-03-07,-42.4494,42.7300,43.4000,-1.5438,-268.0000,400,2,-42.4494,-3678.5221,-14736.0000
2023-03-08,0.0000,42.8400,42.7300,0.2574,44.0000,400,0,0.0000,-3678.5221,-14692.0000
2023-03-09,47.4454,43.2700,42.8400,1.0037,172.0000,400,2,47.4454,-3631.0766,-14520.0000
2023-03-10,-52.5192,43.0000,43.2700,-0.6240,-108.0000,400,2,-52.5192,-3683.5958,-14628.0000
2023-03-13,-54.5223,43.6000,43.0000,1.3953,240.0000,400,2,-54.5223,-3738.1181,-14388.0000
2023-03-14,-202.6819,48.0100,43.6000,10.1147,1764.0000,400,2,-202.6819,-3940.8000,-12624.0000
2023-03-15,-201.1665,48.8800,48.0100,1.8121,348.0000,400,2,-201.1665,-4141.9665,-12276.0000
2023-03-16,0.0000,49.3100,48.8800,0.8797,172.0000,400,0,0.0000,-4141.9665,-12104.0000
2023-03-17,-101.3808,52.5700,49.3100,6.6112,1304.0000,400,2,-101.3808,-4243.3473,-10800.0000
2023-03-20,0.0000,51.8100,52.5700,-1.4457,-304.0000,400,0,0.0000,-4243.3473,-11104.0000
2023-03-21,0.0000,52.1100,51.8100,0.5790,120.0000,400,0,0.0000,-4243.3473,-10984.0000
2023-03-22,0.0000,52.3000,52.1100,0.3646,76.0000,400,0,0.0000,-4243.3473,-10908.0000
2023-03-23,184.6044,52.3200,52.3000,0.0382,8.0000,400,2,184.6044,-4058.7429,-10900.0000
2023-03-24,0.0000,50.8000,52.3200,-2.9052,-608.0000,400,0,0.0000,-4058.7429,-11508.0000
2023-03-27,0.0000,49.5000,50.8000,-2.5591,-520.0000,400,0,0.0000,-4058.7429,-12028.0000
2023-03-28,0.0000,49.1000,49.5000,-0.8081,-160.0000,400,0,0.0000,-4058.7429,-12188.0000
2023-03-29,0.0000,49.3600,49.1000,0.5295,104.0000,400,0,0.0000,-4058.7429,-12084.0000
2023-03-30,0.0000,49.0800,49.3600,-0.5673,-112.0000,400,0,0.0000,-4058.7429,-12196.0000
2023-03-31,0.0000,50.1100,49.0800,2.0986,412.0000,400,0,0.0000,-4058.7429,-11784.0000
2023-04-03,-179.4710,54.5800,50.1100,8.9204,1788.0000,400,2,-179.4710,-4238.2139,-9996.0000
2023-04-04,-163.8640,56.6600,54.5800,3.8109,832.0000,400,2,-163.8640,-4402.0779,-9164.0000
2023-04-06,-126.2837,59.0700,56.6600,4.2534,964.0000,400,2,-126.2837,-4528.3616,-8200.0000
2023-04-07,267.8044,59.9000,59.0700,1.4051,332.0000,400,2,267.8044,-4260.5572,-7868.0000
2023-04-10,373.4165,60.0000,59.9000,0.1669,40.0000,400,2,373.4165,-3887.1406,-7828.0000
2023-04-11,103.9734,58.4300,60.0000,-2.6167,-628.0000,400,2,103.9734,-3783.1673,-8456.0000
2023-04-12,0.0000,59.3000,58.4300,1.4890,348.0000,400,0,0.0000,-3783.1673,-8108.0000
2023-04-13,0.0000,58.0000,59.3000,-2.1922,-520.0000,400,0,0.0000,-3783.1673,-8628.0000
2023-04-14,-360.2996,62.2600,58.0000,7.3448,1704.0000,400,2,-360.2996,-4143.4669,-6924.0000
2023-04-17,0.0000,63.0000,62.2600,1.1886,296.0000,400,0,0.0000,-4143.4669,-6628.0000
2023-04-18,0.0000,60.9000,63.0000,-3.3333,-840.0000,400,0,0.0000,-4143.4669,-7468.0000
2023-04-19,-128.5833,62.2100,60.9000,2.1511,524.0000,400,2,-128.5833,-4272.0501,-6944.0000
2023-04-20,0.0000,66.4800,62.2100,6.8638,1708.0000,400,0,0.0000,-4272.0501,-5236.0000
2023-04-21,-12.5509,62.8000,66.4800,-5.5355,-1472.0000,400,2,-12.5509,-4284.6011,-6708.0000
2023-04-24,405.3035,63.0500,62.8000,0.3981,100.0000,400,2,405.3035,-3879.2976,-6608.0000
2023-04-25,0.0000,61.3700,63.0500,-2.6646,-672.0000,400,0,0.0000,-3879.2976,-7280.0000
2023-04-26,271.8835,58.1600,61.3700,-5.2306,-1284.0000,400,2,271.8835,-3607.4140,-8564.0000
2023-04-27,0.0000,58.2900,58.1600,0.2235,52.0000,400,0,0.0000,-3607.4140,-8512.0000
2023-04-28,0.0000,61.5800,58.2900,5.6442,1316.0000,400,0,0.0000,-3607.4140,-7196.0000
2023-05-04,0.0000,58.7600,61.5800,-4.5794,-1128.0000,400,0,0.0000,-3607.4140,-8324.0000
2023-05-05,0.0000,58.8000,58.7600,0.0681,16.0000,400,0,0.0000,-3607.4140,-8308.0000
2023-05-08,0.0000,59.4300,58.8000,1.0714,252.0000,400,0,0.0000,-3607.4140,-8056.0000
2023-05-09,-219.7241,52.7800,59.4300,-11.1896,-2660.0000,400,2,-219.7241,-3827.1382,-10716.0000
2023-05-10,0.0000,52.4500,52.7800,-0.6252,-132.0000,400,0,0.0000,-3827.1382,-10848.0000
2023-05-11,0.0000,52.9600,52.4500,0.9724,204.0000,400,0,0.0000,-3827.1382,-10644.0000
2023-05-12,-117.6025,53.6900,52.9600,1.3784,292.0000,400,2,-117.6025,-3944.7406,-10352.0000
2023-05-15,38.2837,54.8700,53.6900,2.1978,472.0000,400,2,38.2837,-3906.4570,-9880.0000
2023-05-16,0.0000,54.2500,54.8700,-1.1299,-248.0000,400,0,0.0000,-3906.4570,-10128.0000
2023-05-17,0.0000,54.2000,54.2500,-0.0922,-20.0000,400,0,0.0000,-3906.4570,-10148.0000
2023-05-18,0.0000,55.1000,54.2000,1.6605,360.0000,400,0,0.0000,-3906.4570,-9788.0000
2023-05-19,0.0000,55.0000,55.1000,-0.1815,-40.0000,400,0,0.0000,-3906.4570,-9828.0000
2023-05-22,0.0000,54.5500,55.0000,-0.8182,-180.0000,400,0,0.0000,-3906.4570,-10008.0000
2023-05-23,0.0000,52.9000,54.5500,-3.0247,-660.0000,400,0,0.0000,-3906.4570,-10668.0000
2023-05-24,210.8075,49.9100,52.9000,-5.6522,-1196.0000,400,2,210.8075,-3695.6495,-11864.0000
2023-05-25,0.0000,50.3600,49.9100,0.9016,180.0000,400,0,0.0000,-3695.6495,-11684.0000
2023-05-26,0.0000,51.8000,50.3600,2.8594,576.0000,400,0,0.0000,-3695.6495,-11108.0000
2023-05-29,0.0000,52.6000,51.8000,1.5444,320.0000,400,0,0.0000,-3695.6495,-10788.0000
2023-05-30,0.0000,52.8900,52.6000,0.5513,116.0000,400,0,0.0000,-3695.6495,-10672.0000
2023-05-31,0.0000,54.4000,52.8900,2.8550,604.0000,400,0,0.0000,-3695.6495,-10068.0000
2023-06-01,0.0000,54.4200,54.4000,0.0368,8.0000,400,0,0.0000,-3695.6495,-10060.0000
2023-06-02,0.0000,53.7200,54.4200,-1.2863,-280.0000,400,0,0.0000,-3695.6495,-10340.0000
2023-06-05,0.0000,55.0400,53.7200,2.4572,528.0000,400,0,0.0000,-3695.6495,-9812.0000
2023-06-06,22.3667,53.9900,55.0400,-1.9077,-420.0000,400,2,22.3667,-3673.2828,-10232.0000
2023-06-07,0.0000,54.6700,53.9900,1.2595,272.0000,400,0,0.0000,-3673.2828,-9960.0000
2023-06-08,0.0000,53.5600,54.6700,-2.0304,-444.0000,400,0,0.0000,-3673.2828,-10404.0000
2023-06-09,0.0000,53.5300,53.5600,-0.0560,-12.0000,400,0,0.0000,-3673.2828,-10416.0000
2023-06-12,0.0000,52.8700,53.5300,-1.2330,-264.0000,400,0,0.0000,-3673.2828,-10680.0000
2023-06-13,-105.7563,55.4000,52.8700,4.7853,1012.0000,400,2,-105.7563,-3779.0391,-9668.0000
2023-06-14,0.0000,56.0000,55.4000,1.0830,240.0000,400,0,0.0000,-3779.0391,-9428.0000
2023-06-15,0.0000,54.7800,56.0000,-2.1786,-488.0000,400,0,0.0000,-3779.0391,-9916.0000
2023-06-16,0.0000,55.5600,54.7800,1.4239,312.0000,400,0,0.0000,-3779.0391,-9604.0000
2023-06-19,0.0000,55.0600,55.5600,-0.8999,-200.0000,400,0,0.0000,-3779.0391,-9804.0000
2023-06-20,-101.4993,52.2700,55.0600,-5.0672,-1116.0000,400,2,-101.4993,-3880.5384,-10920.0000
2023-06-21,172.6729,50.8000,52.2700,-2.8123,-588.0000,400,2,172.6729,-3707.8655,-11508.0000
2023-06-26,32.6746,50.9700,50.8000,0.3346,68.0000,400,2,32.6746,-3675.1908,-11440.0000
2023-06-27,0.0000,51.3900,50.9700,0.8240,168.0000,400,0,0.0000,-3675.1908,-11272.0000
2023-06-28,0.0000,51.7200,51.3900,0.6421,132.0000,400,0,0.0000,-3675.1908,-11140.0000
2023-06-29,0.0000,51.0000,51.7200,-1.3921,-288.0000,400,0,0.0000,-3675.1908,-11428.0000
2023-06-30,0.0000,50.5200,51.0000,-0.9412,-192.0000,400,0,0.0000,-3675.1908,-11620.0000
2023-07-03,0.0000,51.0000,50.5200,0.9501,192.0000,400,0,0.0000,-3675.1908,-11428.0000
2023-07-04,100.5994,51.4100,51.0000,0.8039,164.0000,400,2,100.5994,-3574.5914,-11264.0000
2023-07-05,0.0000,50.9800,51.4100,-0.8364,-172.0000,400,0,0.0000,-3574.5914,-11436.0000
2023-07-06,0.0000,50.0000,50.9800,-1.9223,-392.0000,400,0,0.0000,-3574.5914,-11828.0000
2023-07-07,0.0000,49.3800,50.0000,-1.2400,-248.0000,400,0,0.0000,-3574.5914,-12076.0000
2023-07-10,0.0000,49.7200,49.3800,0.6885,136.0000,400,0,0.0000,-3574.5914,-11940.0000
2023-07-11,0.0000,50.3000,49.7200,1.1665,232.0000,400,0,0.0000,-3574.5914,-11708.0000
2023-07-12,-61.0902,48.3800,50.3000,-3.8171,-768.0000,400,2,-61.0902,-3635.6817,-12476.0000
2023-07-13,0.0000,49.2000,48.3800,1.6949,328.0000,400,0,0.0000,-3635.6817,-12148.0000
2023-07-14,0.0000,49.4600,49.2000,0.5285,104.0000,400,0,0.0000,-3635.6817,-12044.0000
2023-07-17,0.0000,48.7700,49.4600,-1.3951,-276.0000,400,0,0.0000,-3635.6817,-12320.0000
2023-07-18,74.7520,49.7000,48.7700,1.9069,372.0000,400,2,74.7520,-3560.9296,-11948.0000
2023-07-19,0.0000,49.1500,49.7000,-1.1066,-220.0000,400,0,0.0000,-3560.9296,-12168.0000
2023-07-20,0.0000,49.2900,49.1500,0.2848,56.0000,400,0,0.0000,-3560.9296,-12112.0000
2023-07-21,0.0000,49.0000,49.2900,-0.5884,-116.0000,400,0,0.0000,-3560.9296,-12228.0000
2023-07-24,0.0000,49.0000,49.0000,0.0000,0.0000,400,0,0.0000,-3560.9296,-12228.0000
2023-07-25,0.0000,49.7700,49.0000,1.5714,308.0000,400,0,0.0000,-3560.9296,-11920.0000
2023-07-26,0.0000,50.1500,49.7700,0.7635,152.0000,400,0,0.0000,-3560.9296,-11768.0000
2023-07-27,0.0000,49.3900,50.1500,-1.5155,-304.0000,400,0,0.0000,-3560.9296,-12072.0000
2023-07-28,-53.1889,50.2600,49.3900,1.7615,348.0000,400,2,-53.1889,-3614.1186,-11724.0000
2023-07-31,0.0000,51.3600,50.2600,2.1886,440.0000,400,0,0.0000,-3614.1186,-11284.0000
2023-08-01,0.0000,50.7200,51.3600,-1.2461,-256.0000,400,0,0.0000,-3614.1186,-11540.0000
2023-08-02,0.0000,50.8300,50.7200,0.2169,44.0000,400,0,0.0000,-3614.1186,-11496.0000
2023-08-03,0.0000,50.9100,50.8300,0.1574,32.0000,400,0,0.0000,-3614.1186,-11464.0000
2023-08-04,0.0000,51.1000,50.9100,0.3732,76.0000,400,0,0.0000,-3614.1186,-11388.0000
2023-08-07,-107.1593,49.2600,51.1000,-3.6008,-736.0000,400,2,-107.1593,-3721.2779,-12124.0000
2023-08-08,0.0000,49.4700,49.2600,0.4263,84.0000,400,0,0.0000,-3721.2779,-12040.0000
2023-08-09,0.0000,48.6400,49.4700,-1.6778,-332.0000,400,0,0.0000,-3721.2779,-12372.0000
2023-08-10,0.0000,48.4700,48.6400,-0.3495,-68.0000,400,0,0.0000,-3721.2779,-12440.0000
2023-08-11,-108.9087,46.9200,48.4700,-3.1979,-620.0000,400,2,-108.9087,-3830.1866,-13060.0000
2023-08-14,0.0000,47.3400,46.9200,0.8951,168.0000,400,0,0.0000,-3830.1866,-12892.0000
2023-08-15,0.0000,47.5200,47.3400,0.3802,72.0000,400,0,0.0000,-3830.1866,-12820.0000
2023-08-16,0.0000,47.5500,47.5200,0.0631,12.0000,400,0,0.0000,-3830.1866,-12808.0000
2023-08-17,-52.9903,48.1500,47.5500,1.2618,240.0000,400,2,-52.9903,-3883.1769,-12568.0000
2023-08-18,0.0000,48.0100,48.1500,-0.2908,-56.0000,400,0,0.0000,-3883.1769,-12624.0000
2023-08-21,0.0000,47.6800,48.0100,-0.6874,-132.0000,400,0,0.0000,-3883.1769,-12756.0000
2023-08-22,0.0000,48.8200,47.6800,2.3909,456.0000,400,0,0.0000,-3883.1769,-12300.0000
2023-08-23,0.0000,47.8900,48.8200,-1.9050,-372.0000,400,0,0.0000,-3883.1769,-12672.0000
2023-08-24,0.0000,48.6200,47.8900,1.5243,292.0000,400,0,0.0000,-3883.1769,-12380.0000
2023-08-25,0.0000,48.3000,48.6200,-0.6582,-128.0000,400,0,0.0000,-3883.1769,-12508.0000
2023-08-28,-119.0887,48.5500,48.3000,0.5176,100.0000,400,2,-119.0887,-4002.2656,-12408.0000
2023-08-29,-97.2466,51.0000,48.5500,5.0463,980.0000,400,2,-97.2466,-4099.5122,-11428.0000
2023-08-30,-123.4538,52.9400,51.0000,3.8039,776.0000,400,2,-123.4538,-4222.9660,-10652.0000
2023-08-31,0.0000,54.2400,52.9400,2.4556,520.0000,400,0,0.0000,-4222.9660,-10132.0000
2023-09-01,0.0000,53.6800,54.2400,-1.0324,-224.0000,400,0,0.0000,-4222.9660,-10356.0000
2023-09-04,0.0000,56.9000,53.6800,5.9985,1288.0000,400,0,0.0000,-4222.9660,-9068.0000
2023-09-05,32.0916,55.6300,56.9000,-2.2320,-508.0000,400,4,32.0916,-4190.8744,-9576.0000
2023-09-06,0.0000,56.8300,55.6300,2.1571,480.0000,400,0,0.0000,-4190.8744,-9096.0000
2023-09-07,-113.4339,52.1200,56.8300,-8.2879,-1884.0000,400,2,-113.4339,-4304.3083,-10980.0000
2023-09-08,0.0000,52.5000,52.1200,0.7291,152.0000,400,0,0.0000,-4304.3083,-10828.0000
2023-09-11,0.0000,52.0600,52.5000,-0.8381,-176.0000,400,0,0.0000,-4304.3083,-11004.0000
2023-09-12,0.0000,51.5200,52.0600,-1.0373,-216.0000,400,0,0.0000,-4304.3083,-11220.0000
2023-09-13,0.0000,50.7600,51.5200,-1.4752,-304.0000,400,0,0.0000,-4304.3083,-11524.0000
2023-09-14,0.0000,50.7700,50.7600,0.0197,4.0000,400,0,0.0000,-4304.3083,-11520.0000
2023-09-15,84.5597,51.7000,50.7700,1.8318,372.0000,400,2,84.5597,-4219.7486,-11148.0000
2023-09-18,-93.0729,49.6300,51.7000,-4.0039,-828.0000,400,2,-93.0729,-4312.8215,-11976.0000
2023-09-19,0.0000,49.3500,49.6300,-0.5642,-112.0000,400,0,0.0000,-4312.8215,-12088.0000
2023-09-20,0.0000,49.3400,49.3500,-0.0203,-4.0000,400,0,0.0000,-4312.8215,-12092.0000
2023-09-21,0.0000,49.5000,49.3400,0.3243,64.0000,400,0,0.0000,-4312.8215,-12028.0000
2023-09-22,-53.3096,51.2000,49.5000,3.4343,680.0000,400,2,-53.3096,-4366.1311,-11348.0000
2023-09-25,0.0000,51.3300,51.2000,0.2539,52.0000,400,0,0.0000,-4366.1311,-11296.0000
2023-09-26,0.0000,50.0600,51.3300,-2.4742,-508.0000,400,0,0.0000,-4366.1311,-11804.0000
2023-09-27,0.0000,50.6600,50.0600,1.1986,240.0000,400,0,0.0000,-4366.1311,-11564.0000
2023-09-28,0.0000,51.1500,50.6600,0.9672,196.0000,400,0,0.0000,-4366.1311,-11368.0000
2023-10-09,0.0000,50.7200,51.1500,-0.8407,-172.0000,400,0,0.0000,-4366.1311,-11540.0000
2023-10-10,0.0000,50.8300,50.7200,0.2169,44.0000,400,0,0.0000,-4366.1311,-11496.0000
2023-10-11,0.0000,54.2000,50.8300,6.6299,1348.0000,400,0,0.0000,-4366.1311,-10148.0000
2023-10-12,0.0000,53.6900,54.2000,-0.9410,-204.0000,400,0,0.0000,-4366.1311,-10352.0000
2023-10-13,122.2252,54.5600,53.6900,1.6204,348.0000,400,2,122.2252,-4243.9058,-10004.0000
2023-10-16,0.0000,53.1000,54.5600,-2.6760,-584.0000,400,0,0.0000,-4243.9058,-10588.0000
2023-10-17,-163.6362,54.4000,53.1000,2.4482,520.0000,400,2,-163.6362,-4407.5420,-10068.0000
2023-10-18,-45.6870,54.5700,54.4000,0.3125,68.0000,400,2,-45.6870,-4453.2291,-10000.0000
2023-10-19,204.0544,56.0300,54.5700,2.6755,584.0000,400,2,204.0544,-4249.1746,-9416.0000
2023-10-20,0.0000,57.1000,56.0300,1.9097,428.0000,400,0,0.0000,-4249.1746,-8988.0000
2023-10-23,0.0000,56.7900,57.1000,-0.5429,-124.0000,400,0,0.0000,-4249.1746,-9112.0000
2023-10-24,-165.6019,55.0500,56.7900,-3.0639,-696.0000,400,2,-165.6019,-4414.7765,-9808.0000
2023-10-25,0.0000,54.6800,55.0500,-0.6721,-148.0000,400,0,0.0000,-4414.7765,-9956.0000
2023-10-26,0.0000,54.8900,54.6800,0.3841,84.0000,400,0,0.0000,-4414.7765,-9872.0000
2023-10-27,0.0000,56.9800,54.8900,3.8076,836.0000,400,0,0.0000,-4414.7765,-9036.0000
2023-10-30,0.0000,58.3000,56.9800,2.3166,528.0000,400,0,0.0000,-4414.7765,-8508.0000
2023-10-31,0.0000,57.2500,58.3000,-1.8010,-420.0000,400,0,0.0000,-4414.7765,-8928.0000
2023-11-01,0.0000,58.2100,57.2500,1.6769,384.0000,400,0,0.0000,-4414.7765,-8544.0000
2023-11-02,-13.9665,57.3100,58.2100,-1.5461,-360.0000,400,2,-13.9665,-4428.7430,-8904.0000
2023-11-03,0.0000,57.8600,57.3100,0.9597,220.0000,400,0,0.0000,-4428.7430,-8684.0000
2023-11-06,0.0000,57.3000,57.8600,-0.9679,-224.0000,400,0,0.0000,-4428.7430,-8908.0000
2023-11-07,0.0000,57.5500,57.3000,0.4363,100.0000,400,0,0.0000,-4428.7430,-8808.0000
2023-11-08,-124.1100,58.3100,57.5500,1.3206,304.0000,400,2,-124.1100,-4552.8530,-8504.0000
2023-11-09,0.0000,57.0000,58.3100,-2.2466,-524.0000,400,0,0.0000,-4552.8530,-9028.0000
2023-11-10,-11.6565,54.3900,57.0000,-4.5789,-1044.0000,400,2,-11.6565,-4564.5095,-10072.0000
2023-11-13,0.0000,54.2400,54.3900,-0.2758,-60.0000,400,0,0.0000,-4564.5095,-10132.0000
2023-11-14,0.0000,54.6500,54.2400,0.7559,164.0000,400,0,0.0000,-4564.5095,-9968.0000
2023-11-15,0.0000,54.3200,54.6500,-0.6038,-132.0000,400,0,0.0000,-4564.5095,-10100.0000
2023-11-16,0.0000,53.4200,54.3200,-1.6568,-360.0000,400,0,0.0000,-4564.5095,-10460.0000
2023-11-17,0.0000,53.7000,53.4200,0.5241,112.0000,400,0,0.0000,-4564.5095,-10348.0000
2023-11-20,0.0000,53.9200,53.7000,0.4097,88.0000,400,0,0.0000,-4564.5095,-10260.0000
2023-11-21,0.0000,53.6100,53.9200,-0.5749,-124.0000,400,0,0.0000,-4564.5095,-10384.0000
2023-11-22,0.0000,52.6400,53.6100,-1.8094,-388.0000,400,0,0.0000,-4564.5095,-10772.0000
2023-11-23,-25.5475,53.3800,52.6400,1.4058,296.0000,400,2,-25.5475,-4590.0570,-10476.0000
2023-11-24,-5.6315,54.0900,53.3800,1.3301,284.0000,400,2,-5.6315,-4595.6885,-10192.0000
2023-11-27,0.0000,54.6100,54.0900,0.9614,208.0000,400,0,0.0000,-4595.6885,-9984.0000
2023-11-28,0.0000,54.5500,54.6100,-0.1099,-24.0000,400,0,0.0000,-4595.6885,-10008.0000
2023-11-29,0.0000,53.7000,54.5500,-1.5582,-340.0000,400,0,0.0000,-4595.6885,-10348.0000
2023-11-30,0.0000,53.7000,53.7000,0.0000,0.0000,400,0,0.0000,-4595.6885,-10348.0000
2023-12-01,-103.6231,54.1500,53.7000,0.8380,180.0000,400,2,-103.6231,-4699.3116,-10168.0000
2023-12-04,62.4233,53.1800,54.1500,-1.7913,-388.0000,400,2,62.4233,-4636.8884,-10556.0000
2023-12-05,0.0000,52.3900,53.1800,-1.4855,-316.0000,400,0,0.0000,-4636.8884,-10872.0000
2023-12-06,0.0000,51.9700,52.3900,-0.8017,-168.0000,400,0,0.0000,-4636.8884,-11040.0000
2023-12-07,0.0000,52.6700,51.9700,1.3469,280.0000,400,0,0.0000,-4636.8884,-10760.0000
2023-12-08,94.6045,52.5500,52.6700,-0.2278,-48.0000,400,2,94.6045,-4542.2838,-10808.0000
2023-12-11,-1.5316,53.1800,52.5500,1.1989,252.0000,400,2,-1.5316,-4543.8154,-10556.0000
2023-12-12,0.0000,54.1200,53.1800,1.7676,376.0000,400,0,0.0000,-4543.8154,-10180.0000
2023-12-13,0.0000,53.7500,54.1200,-0.6837,-148.0000,400,0,0.0000,-4543.8154,-10328.0000
2023-12-14,0.0000,53.1000,53.7500,-1.2093,-260.0000,400,0,0.0000,-4543.8154,-10588.0000
2023-12-15,0.0000,53.6000,53.1000,0.9416,200.0000,400,0,0.0000,-4543.8154,-10388.0000
2023-12-18,0.0000,53.7400,53.6000,0.2612,56.0000,400,0,0.0000,-4543.8154,-10332.0000
2023-12-19,0.0000,54.7600,53.7400,1.8980,408.0000,400,0,0.0000,-4543.8154,-9924.0000
2023-12-20,0.0000,54.5100,54.7600,-0.4565,-100.0000,400,0,0.0000,-4543.8154,-10024.0000
2023-12-21,-59.5592,54.5700,54.5100,0.1101,24.0000,400,2,-59.5592,-4603.3747,-10000.0000
2023-12-22,0.0000,54.7900,54.5700,0.4032,88.0000,400,0,0.0000,-4603.3747,-9912.0000
2023-12-25,-111.4974,53.0100,54.7900,-3.2488,-712.0000,400,2,-111.4974,-4714.8720,-10624.0000
2023-12-26,0.0000,51.8500,53.0100,-2.1883,-464.0000,400,0,0.0000,-4714.8720,-11088.0000
2023-12-27,0.0000,51.9100,51.8500,0.1157,24.0000,400,0,0.0000,-4714.8720,-11064.0000
2023-12-28,18.4582,53.1300,51.9100,2.3502,488.0000,400,2,18.4582,-4696.4139,-10576.0000
2023-12-29,0.0000,53.0200,53.1300,-0.2070,-44.0000,400,0,0.0000,-4696.4139,-10620.0000
2024-01-02,0.0000,52.9600,53.0200,-0.1132,-24.0000,400,0,0.0000,-4696.4139,-10644.0000
2024-01-03,0.0000,52.4800,52.9600,-0.9063,-192.0000,400,0,0.0000,-4696.4139,-10836.0000
2024-01-04,0.0000,51.8800,52.4800,-1.1433,-240.0000,400,0,0.0000,-4696.4139,-11076.0000
2024-01-05,-75.3223,50.5800,51.8800,-2.5058,-520.0000,400,2,-75.3223,-4771.7361,-11596.0000
2024-01-08,-59.1391,49.5000,50.5800,-2.1352,-432.0000,400,2,-59.1391,-4830.8752,-12028.0000
2024-01-09,34.9669,48.4500,49.5000,-2.1212,-420.0000,400,2,34.9669,-4795.9083,-12448.0000
2024-01-10,0.0000,47.4700,48.4500,-2.0227,-392.0000,400,0,0.0000,-4795.9083,-12840.0000
2024-01-11,0.0000,47.6000,47.4700,0.2739,52.0000,400,0,0.0000,-4795.9083,-12788.0000
2024-01-12,-30.7738,45.8300,47.6000,-3.7185,-708.0000,400,2,-30.7738,-4826.6821,-13496.0000
2024-01-15,0.0000,45.6700,45.8300,-0.3491,-64.0000,400,0,0.0000,-4826.6821,-13560.0000
2024-01-16,0.0000,45.9900,45.6700,0.7007,128.0000,400,0,0.0000,-4826.6821,-13432.0000
2024-01-17,0.0000,44.6900,45.9900,-2.8267,-520.0000,400,0,0.0000,-4826.6821,-13952.0000
2024-01-18,0.0000,45.6400,44.6900,2.1258,380.0000,400,0,0.0000,-4826.6821,-13572.0000
2024-01-19,0.0000,45.8600,45.6400,0.4820,88.0000,400,0,0.0000,-4826.6821,-13484.0000
2024-01-22,0.0000,44.8300,45.8600,-2.2460,-412.0000,400,0,0.0000,-4826.6821,-13896.0000
2024-01-23,0.0000,44.7200,44.8300,-0.2454,-44.0000,400,0,0.0000,-4826.6821,-13940.0000
2024-01-24,-40.7125,45.3700,44.7200,1.4535,260.0000,400,2,-40.7125,-4867.3946,-13680.0000
2024-01-25,25.0843,47.2600,45.3700,4.1657,756.0000,400,2,25.0843,-4842.3103,-12924.0000
2024-01-26,0.0000,46.5000,47.2600,-1.6081,-304.0000,400,0,0.0000,-4842.3103,-13228.0000
2024-01-29,55.2573,45.3500,46.5000,-2.4731,-460.0000,400,2,55.2573,-4787.0530,-13688.0000
2024-01-30,-54.4890,43.0800,45.3500,-5.0055,-908.0000,400,2,-54.4890,-4841.5420,-14596.0000
2024-01-31,-126.5189,43.2900,43.0800,0.4875,84.0000,400,2,-126.5189,-4968.0609,-14512.0000
2024-02-01,167.4310,42.6800,43.2900,-1.4091,-244.0000,400,2,167.4310,-4800.6299,-14756.0000
2024-02-02,319.5833,42.1300,42.6800,-1.2887,-220.0000,400,2,319.5833,-4481.0466,-14976.0000
2024-02-05,-142.4358,42.9700,42.1300,1.9938,336.0000,400,2,-142.4358,-4623.4824,-14640.0000
2024-02-06,0.0000,44.9700,42.9700,4.6544,800.0000,400,0,0.0000,-4623.4824,-13840.0000
2024-02-07,0.0000,42.9000,44.9700,-4.6031,-828.0000,400,0,0.0000,-4623.4824,-14668.0000
2024-02-08,0.0000,44.0000,42.9000,2.5641,440.0000,400,0,0.0000,-4623.4824,-14228.0000
2024-02-19,0.0000,44.8200,44.0000,1.8636,328.0000,400,0,0.0000,-4623.4824,-13900.0000
2024-02-20,0.0000,44.4500,44.8200,-0.8255,-148.0000,400,0,0.0000,-4623.4824,-14048.0000
2024-02-21,0.0000,44.9900,44.4500,1.2148,216.0000,400,0,0.0000,-4623.4824,-13832.0000
2024-02-22,0.0000,45.1400,44.9900,0.3334,60.0000,400,0,0.0000,-4623.4824,-13772.0000
2024-02-23,0.0000,44.9800,45.1400,-0.3545,-64.0000,400,0,0.0000,-4623.4824,-13836.0000
2024-02-26,81.2773,44.9200,44.9800,-0.1334,-24.0000,400,2,81.2773,-4542.2051,-13860.0000
2024-02-27,-118.7632,47.3200,44.9200,5.3428,960.0000,400,2,-118.7632,-4660.9683,-12900.0000
2024-02-28,-94.8150,45.5600,47.3200,-3.7194,-704.0000,400,2,-94.8150,-4755.7833,-13604.0000
2024-02-29,-108.9108,48.3500,45.5600,6.1238,1116.0000,400,2,-108.9108,-4864.6941,-12488.0000
2024-03-01,0.0000,48.5100,48.3500,0.3309,64.0000,400,0,0.0000,-4864.6941,-12424.0000
2024-03-04,0.0000,48.0000,48.5100,-1.0513,-204.0000,400,0,0.0000,-4864.6941,-12628.0000
2024-03-05,0.0000,48.0000,48.0000,0.0000,0.0000,400,0,0.0000,-4864.6941,-12628.0000
2024-03-06,0.0000,47.5900,48.0000,-0.8542,-164.0000,400,0,0.0000,-4864.6941,-12792.0000
2024-03-07,15.1050,47.0900,47.5900,-1.0506,-200.0000,400,2,15.1050,-4849.5890,-12992.0000
2024-03-08,0.0000,47.4000,47.0900,0.6583,124.0000,400,0,0.0000,-4849.5890,-12868.0000
2024-03-11,-74.9520,47.9900,47.4000,1.2447,236.0000,400,2,-74.9520,-4924.5411,-12632.0000
2024-03-12,0.0000,47.8800,47.9900,-0.2292,-44.0000,400,0,0.0000,-4924.5411,-12676.0000
2024-03-13,0.0000,47.8500,47.8800,-0.0627,-12.0000,400,0,0.0000,-4924.5411,-12688.0000
2024-03-14,0.0000,46.7000,47.8500,-2.4033,-460.0000,400,0,0.0000,-4924.5411,-13148.0000
2024-03-15,0.0000,46.6700,46.7000,-0.0642,-12.0000,400,0,0.0000,-4924.5411,-13160.0000
2024-03-18,-58.9560,47.9700,46.6700,2.7855,520.0000,400,2,-58.9560,-4983.4971,-12640.0000
2024-03-19,0.0000,47.2100,47.9700,-1.5843,-304.0000,400,0,0.0000,-4983.4971,-12944.0000
2024-03-20,0.0000,47.5400,47.2100,0.6990,132.0000,400,0,0.0000,-4983.4971,-12812.0000
2024-03-21,93.0351,47.5500,47.5400,0.0210,4.0000,400,2,93.0351,-4890.4620,-12808.0000
2024-03-22,0.0000,45.6000,47.5500,-4.1009,-780.0000,400,0,0.0000,-4890.4620,-13588.0000
2024-03-25,0.0000,44.5600,45.6000,-2.2807,-416.0000,400,0,0.0000,-4890.4620,-14004.0000
2024-03-26,0.0000,44.5400,44.5600,-0.0449,-8.0000,400,0,0.0000,-4890.4620,-14012.0000
2024-03-27,0.0000,43.4100,44.5400,-2.5370,-452.0000,400,0,0.0000,-4890.4620,-14464.0000
2024-03-28,0.0000,44.0000,43.4100,1.3591,236.0000,400,0,0.0000,-4890.4620,-14228.0000
2024-03-29,0.0000,43.6600,44.0000,-0.7727,-136.0000,400,0,0.0000,-4890.4620,-14364.0000
2024-04-01,0.0000,44.3000,43.6600,1.4659,256.0000,400,0,0.0000,-4890.4620,-14108.0000
2024-04-02,0.0000,43.9500,44.3000,-0.7901,-140.0000,400,0,0.0000,-4890.4620,-14248.0000
2024-04-03,107.3524,44.2400,43.9500,0.6598,116.0000,400,2,107.3524,-4783.1096,-14132.0000
2024-04-08,0.0000,42.5100,44.2400,-3.9105,-692.0000,400,0,0.0000,-4783.1096,-14824.0000
2024-04-09,0.0000,42.7000,42.5100,0.4470,76.0000,400,0,0.0000,-4783.1096,-14748.0000
2024-04-10,0.0000,42.1800,42.7000,-1.2178,-208.0000,400,0,0.0000,-4783.1096,-14956.0000
2024-04-11,75.7317,41.1900,42.1800,-2.3471,-396.0000,400,2,75.7317,-4707.3779,-15352.0000
2024-04-12,0.0000,40.3300,41.1900,-2.0879,-344.0000,400,0,0.0000,-4707.3779,-15696.0000
2024-04-15,57.7149,41.1900,40.3300,2.1324,344.0000,400,2,57.7149,-4649.6630,-15352.0000
2024-04-16,91.6487,41.1800,41.1900,-0.0243,-4.0000,400,2,91.6487,-4558.0144,-15356.0000
2024-04-17,0.0000,41.7500,41.1800,1.3842,228.0000,400,0,0.0000,-4558.0144,-15128.0000
2024-04-18,0.0000,41.6100,41.7500,-0.3353,-56.0000,400,0,0.0000,-4558.0144,-15184.0000
2024-04-19,0.0000,41.3800,41.6100,-0.5528,-92.0000,400,0,0.0000,-4558.0144,-15276.0000
2024-04-22,0.0000,41.3100,41.3800,-0.1692,-28.0000,400,0,0.0000,-4558.0144,-15304.0000
2024-04-23,0.0000,41.1100,41.3100,-0.4841,-80.0000,400,0,0.0000,-4558.0144,-15384.0000
2024-04-24,0.0000,41.2500,41.1100,0.3405,56.0000,400,0,0.0000,-4558.0144,-15328.0000
2024-04-25,65.6567,41.3400,41.2500,0.2182,36.0000,400,2,65.6567,-4492.3577,-15292.0000
2024-04-26,0.0000,42.0600,41.3400,1.7417,288.0000,400,0,0.0000,-4492.3577,-15004.0000
2024-04-29,-58.4776,43.0500,42.0600,2.3538,396.0000,400,2,-58.4776,-4550.8353,-14608.0000
2024-04-30,-58.3445,41.9100,43.0500,-2.6481,-456.0000,400,2,-58.3445,-4609.1798,-15064.0000
2024-05-06,0.0000,42.5600,41.9100,1.5509,260.0000,400,0,0.0000,-4609.1798,-14804.0000
2024-05-07,0.0000,42.7100,42.5600,0.3524,60.0000,400,0,0.0000,-4609.1798,-14744.0000
2024-05-08,0.0000,42.1600,42.7100,-1.2878,-220.0000,400,0,0.0000,-4609.1798,-14964.0000
2024-05-09,-58.5078,43.7200,42.1600,3.7002,624.0000,400,2,-58.5078,-4667.6876,-14340.0000
2024-05-10,-52.4516,42.9900,43.7200,-1.6697,-292.0000,400,2,-52.4516,-4720.1392,-14632.0000
2024-05-13,51.4881,43.0600,42.9900,0.1628,28.0000,400,2,51.4881,-4668.6511,-14604.0000
2024-05-14,0.0000,42.9200,43.0600,-0.3251,-56.0000,400,0,0.0000,-4668.6511,-14660.0000
2024-05-15,0.0000,41.6600,42.9200,-2.9357,-504.0000,400,0,0.0000,-4668.6511,-15164.0000
2024-05-16,0.0000,41.8200,41.6600,0.3841,64.0000,400,0,0.0000,-4668.6511,-15100.0000
2024-05-17,0.0000,42.3000,41.8200,1.1478,192.0000,400,0,0.0000,-4668.6511,-14908.0000
2024-05-20,0.0000,42.5700,42.3000,0.6383,108.0000,400,0,0.0000,-4668.6511,-14800.0000
2024-05-21,0.0000,42.1100,42.5700,-1.0806,-184.0000,400,0,0.0000,-4668.6511,-14984.0000
2024-05-22,0.0000,42.2700,42.1100,0.3800,64.0000,400,0,0.0000,-4668.6511,-14920.0000
2024-05-23,0.0000,41.1700,42.2700,-2.6023,-440.0000,400,0,0.0000,-4668.6511,-15360.0000
2024-05-24,0.0000,41.0300,41.1700,-0.3401,-56.0000,400,0,0.0000,-4668.6511,-15416.0000
2024-05-27,-84.4311,43.1300,41.0300,5.1182,840.0000,400,2,-84.4311,-4753.0822,-14576.0000
2024-05-28,116.9410,43.1100,43.1300,-0.0464,-8.0000,400,4,116.9410,-4636.1412,-14584.0000
2024-05-29,0.0000,42.9400,43.1100,-0.3943,-68.0000,400,0,0.0000,-4636.1412,-14652.0000
2024-05-30,-92.6579,45.3900,42.9400,5.7056,980.0000,400,2,-92.6579,-4728.7991,-13672.0000
2024-05-31,0.0000,44.8500,45.3900,-1.1897,-216.0000,400,0,0.0000,-4728.7991,-13888.0000
2024-06-03,67.2771,45.4400,44.8500,1.3155,236.0000,400,2,67.2771,-4661.5220,-13652.0000
2024-06-04,0.0000,45.5500,45.4400,0.2421,44.0000,400,0,0.0000,-4661.5220,-13608.0000
2024-06-05,0.0000,46.1200,45.5500,1.2514,228.0000,400,0,0.0000,-4661.5220,-13380.0000
2024-06-06,0.0000,46.8000,46.1200,1.4744,272.0000,400,0,0.0000,-4661.5220,-13108.0000
2024-06-07,0.0000,47.2100,46.8000,0.8761,164.0000,400,0,0.0000,-4661.5220,-12944.0000
2024-06-11,0.0000,48.9400,47.2100,3.6645,692.0000,400,0,0.0000,-4661.5220,-12252.0000
2024-06-12,0.0000,47.9000,48.9400,-2.1251,-416.0000,400,0,0.0000,-4661.5220,-12668.0000
2024-06-13,0.0000,47.2000,47.9000,-1.4614,-280.0000,400,0,0.0000,-4661.5220,-12948.0000
2024-06-14,0.0000,46.4900,47.2000,-1.5042,-284.0000,400,0,0.0000,-4661.5220,-13232.0000
2024-06-17,0.0000,47.7700,46.4900,2.7533,512.0000,400,0,0.0000,-4661.5220,-12720.0000
2024-06-18,0.0000,48.1300,47.7700,0.7536,144.0000,400,0,0.0000,-4661.5220,-12576.0000
2024-06-19,0.0000,47.5300,48.1300,-1.2466,-240.0000,400,0,0.0000,-4661.5220,-12816.0000
2024-06-20,-105.1000,48.8000,47.5300,2.6720,508.0000,400,2,-105.1000,-4766.6220,-12308.0000
2024-06-21,0.0000,48.7500,48.8000,-0.1025,-20.0000,400,0,0.0000,-4766.6220,-12328.0000
2024-06-24,-80.9750,47.2600,48.7500,-3.0564,-596.0000,400,2,-80.9750,-4847.5970,-12924.0000
2024-06-25,13.2433,45.5400,47.2600,-3.6394,-688.0000,400,2,13.2433,-4834.3537,-13612.0000
2024-06-26,0.0000,46.4700,45.5400,2.0422,372.0000,400,0,0.0000,-4834.3537,-13240.0000
2024-06-27,0.0000,45.7100,46.4700,-1.6355,-304.0000,400,0,0.0000,-4834.3537,-13544.0000
2024-06-28,0.0000,46.1000,45.7100,0.8532,156.0000,400,0,0.0000,-4834.3537,-13388.0000
2024-07-01,0.0000,45.8100,46.1000,-0.6291,-116.0000,400,0,0.0000,-4834.3537,-13504.0000
2024-07-02,0.0000,45.4600,45.8100,-0.7640,-140.0000,400,0,0.0000,-4834.3537,-13644.0000
2024-07-03,-62.8209,46.2600,45.4600,1.7598,320.0000,400,2,-62.8209,-4897.1745,-13324.0000
2024-07-04,0.0000,46.1600,46.2600,-0.2162,-40.0000,400,0,0.0000,-4897.1745,-13364.0000
2024-07-05,-22.8350,46.6400,46.1600,1.0399,192.0000,400,2,-22.8350,-4920.0096,-13172.0000
2024-07-08,0.0000,46.7000,46.6400,0.1286,24.0000,400,0,0.0000,-4920.0096,-13148.0000
2024-07-09,2.9791,48.1600,46.7000,3.1263,584.0000,400,2,2.9791,-4917.0305,-12564.0000
2024-07-10,0.0000,47.9900,48.1600,-0.3530,-68.0000,400,0,0.0000,-4917.0305,-12632.0000
2024-07-11,0.0000,48.2700,47.9900,0.5835,112.0000,400,0,0.0000,-4917.0305,-12520.0000
2024-07-12,-21.0493,48.6400,48.2700,0.7665,148.0000,400,2,-21.0493,-4938.0798,-12372.0000
2024-07-15,0.0000,48.9400,48.6400,0.6168,120.0000,400,0,0.0000,-4938.0798,-12252.0000
2024-07-16,-31.1055,49.2000,48.9400,0.5313,104.0000,400,2,-31.1055,-4969.1853,-12148.0000
2024-07-17,0.0000,48.3600,49.2000,-1.7073,-336.0000,400,0,0.0000,-4969.1853,-12484.0000
2024-07-18,-91.0583,48.7500,48.3600,0.8065,156.0000,400,2,-91.0583,-5060.2436,-12328.0000
2024-07-19,-83.2194,51.2000,48.7500,5.0256,980.0000,400,2,-83.2194,-5143.4630,-11348.0000
2024-07-22,0.0000,50.9800,51.2000,-0.4297,-88.0000,400,0,0.0000,-5143.4630,-11436.0000
2024-07-23,0.0000,49.2800,50.9800,-3.3346,-680.0000,400,0,0.0000,-5143.4630,-12116.0000
2024-07-24,0.0000,48.8500,49.2800,-0.8726,-172.0000,400,0,0.0000,-5143.4630,-12288.0000
2024-07-25,0.0000,48.7000,48.8500,-0.3071,-60.0000,400,0,0.0000,-5143.4630,-12348.0000
2024-07-26,0.0000,49.7500,48.7000,2.1561,420.0000,400,0,0.0000,-5143.4630,-11928.0000
2024-07-29,-85.0093,46.7000,49.7500,-6.1307,-1220.0000,400,2,-85.0093,-5228.4723,-13148.0000
2024-07-30,0.0000,47.6000,46.7000,1.9272,360.0000,400,0,0.0000,-5228.4723,-12788.0000
2024-07-31,0.0000,49.1000,47.6000,3.1513,600.0000,400,0,0.0000,-5228.4723,-12188.0000
2024-08-01,0.0000,49.1100,49.1000,0.0204,4.0000,400,0,0.0000,-5228.4723,-12184.0000
2024-08-02,0.0000,48.4200,49.1100,-1.4050,-276.0000,400,0,0.0000,-5228.4723,-12460.0000
2024-08-05,0.0000,47.2900,48.4200,-2.3337,-452.0000,400,0,0.0000,-5228.4723,-12912.0000
2024-08-06,127.0926,47.2700,47.2900,-0.0423,-8.0000,400,2,127.0926,-5101.3797,-12920.0000
2024-08-07,0.0000,47.2200,47.2700,-0.1058,-20.0000,400,0,0.0000,-5101.3797,-12940.0000
2024-08-08,0.0000,47.4800,47.2200,0.5506,104.0000,400,0,0.0000,-5101.3797,-12836.0000
2024-08-09,0.0000,48.4900,47.4800,2.1272,404.0000,400,0,0.0000,-5101.3797,-12432.0000
2024-08-12,0.0000,48.7800,48.4900,0.5981,116.0000,400,0,0.0000,-5101.3797,-12316.0000
2024-08-13,0.0000,49.2000,48.7800,0.8610,168.0000,400,0,0.0000,-5101.3797,-12148.0000
2024-08-14,0.0000,48.9500,49.2000,-0.5081,-100.0000,400,0,0.0000,-5101.3797,-12248.0000
2024-08-15,0.0000,49.6800,48.9500,1.4913,292.0000,400,0,0.0000,-5101.3797,-11956.0000
2024-08-16,0.0000,49.4600,49.6800,-0.4428,-88.0000,400,0,0.0000,-5101.3797,-12044.0000
2024-08-19,0.0000,49.4600,49.4600,0.0000,0.0000,400,0,0.0000,-5101.3797,-12044.0000
2024-08-20,0.0000,48.7500,49.4600,-1.4355,-284.0000,400,0,0.0000,-5101.3797,-12328.0000
2024-08-21,0.0000,47.7800,48.7500,-1.9897,-388.0000,400,0,0.0000,-5101.3797,-12716.0000
2024-08-22,-82.8034,46.5400,47.7800,-2.5952,-496.0000,400,2,-82.8034,-5184.1831,-13212.0000
2024-08-23,0.0000,47.1300,46.5400,1.2677,236.0000,400,0,0.0000,-5184.1831,-12976.0000
2024-08-26,0.0000,47.3500,47.1300,0.4668,88.0000,400,0,0.0000,-5184.1831,-12888.0000
2024-08-27,0.0000,46.7200,47.3500,-1.3305,-252.0000,400,0,0.0000,-5184.1831,-13140.0000
2024-08-28,0.0000,47.3600,46.7200,1.3699,256.0000,400,0,0.0000,-5184.1831,-12884.0000
2024-08-29,0.0000,47.2600,47.3600,-0.2111,-40.0000,400,0,0.0000,-5184.1831,-12924.0000
2024-08-30,-76.9656,48.2400,47.2600,2.0736,392.0000,400,2,-76.9656,-5261.1487,-12532.0000
2024-09-02,-76.8678,46.7800,48.2400,-3.0265,-584.0000,400,2,-76.8678,-5338.0165,-13116.0000
2024-09-03,63.1970,46.2600,46.7800,-1.1116,-208.0000,400,2,63.1970,-5274.8195,-13324.0000
2024-09-04,0.0000,45.5300,46.2600,-1.5780,-292.0000,400,0,0.0000,-5274.8195,-13616.0000
2024-09-05,0.0000,45.9700,45.5300,0.9664,176.0000,400,0,0.0000,-5274.8195,-13440.0000
2024-09-06,0.0000,45.0800,45.9700,-1.9360,-356.0000,400,0,0.0000,-5274.8195,-13796.0000
2024-09-09,0.0000,44.8700,45.0800,-0.4658,-84.0000,400,0,0.0000,-5274.8195,-13880.0000
2024-09-10,50.7105,44.8400,44.8700,-0.0669,-12.0000,400,4,50.7105,-5224.1090,-13892.0000
2024-09-11,-52.5005,43.3300,44.8400,-3.3675,-604.0000,400,2,-52.5005,-5276.6095,-14496.0000
2024-09-12,0.0000,42.9800,43.3300,-0.8078,-140.0000,400,0,0.0000,-5276.6095,-14636.0000
2024-09-13,0.0000,42.4000,42.9800,-1.3495,-232.0000,400,0,0.0000,-5276.6095,-14868.0000
2024-09-18,0.0000,43.1700,42.4000,1.8160,308.0000,400,0,0.0000,-5276.6095,-14560.0000
2024-09-19,55.4143,43.7400,43.1700,1.3204,228.0000,400,2,55.4143,-5221.1952,-14332.0000
2024-09-20,0.0000,43.8600,43.7400,0.2743,48.0000,400,0,0.0000,-5221.1952,-14284.0000
2024-09-23,0.0000,43.4300,43.8600,-0.9804,-172.0000,400,0,0.0000,-5221.1952,-14456.0000
2024-09-24,-50.6356,44.7700,43.4300,3.0854,536.0000,400,2,-50.6356,-5271.8308,-13920.0000
2024-09-25,-26.6843,44.9000,44.7700,0.2904,52.0000,400,2,-26.6843,-5298.5151,-13868.0000
2024-09-26,0.0000,46.3600,44.9000,3.2517,584.0000,400,0,0.0000,-5298.5151,-13284.0000
2024-09-27,-175.0373,49.9900,46.3600,7.8300,1452.0000,400,2,-175.0373,-5473.5524,-11832.0000
2024-09-30,36.4775,59.9900,49.9900,20.0040,4000.0000,400,4,36.4775,-5437.0749,-7832.0000
2024-10-08,272.5170,71.9900,59.9900,20.0033,4800.0000,400,2,272.5170,-5164.5579,-3032.0000
2024-10-09,-930.2730,83.8900,71.9900,16.5301,4760.0000,400,2,-930.2730,-6094.8309,1728.0000
2024-10-10,-445.7606,75.0200,83.8900,-10.5734,-3548.0000,400,2,-445.7606,-6540.5915,-1820.0000
2024-10-11,0.0000,69.4800,75.0200,-7.3847,-2216.0000,400,0,0.0000,-6540.5915,-4036.0000
2024-10-14,-155.7546,75.6000,69.4800,8.8083,2448.0000,400,2,-155.7546,-6696.3460,-1588.0000
2024-10-15,0.0000,74.1800,75.6000,-1.8783,-568.0000,400,0,0.0000,-6696.3460,-2156.0000
2024-10-16,0.0000,74.0900,74.1800,-0.1213,-36.0000,400,0,0.0000,-6696.3460,-2192.0000
2024-10-17,0.0000,75.1200,74.0900,1.3902,412.0000,400,0,0.0000,-6696.3460,-1780.0000
2024-10-18,-292.4101,90.1400,75.1200,19.9947,6008.0000,400,2,-292.4101,-6988.7561,4228.0000
2024-10-21,-666.5325,97.4800,90.1400,8.1429,2936.0000,400,2,-666.5325,-7655.2887,7164.0000
2024-10-22,0.0000,96.0400,97.4800,-1.4772,-576.0000,400,0,0.0000,-7655.2887,6588.0000
2024-10-23,0.0000,92.3100,96.0400,-3.8838,-1492.0000,400,0,0.0000,-7655.2887,5096.0000
2024-10-24,0.0000,94.5600,92.3100,2.4374,900.0000,400,0,0.0000,-7655.2887,5996.0000
2024-10-25,0.0000,93.7000,94.5600,-0.9095,-344.0000,400,0,0.0000,-7655.2887,5652.0000
2024-10-28,0.0000,93.1000,93.7000,-0.6403,-240.0000,400,0,0.0000,-7655.2887,5412.0000
2024-10-29,0.0000,92.3000,93.1000,-0.8593,-320.0000,400,0,0.0000,-7655.2887,5092.0000
2024-10-30,75.0216,85.8200,92.3000,-7.0206,-2592.0000,400,2,75.0216,-7580.2671,2500.0000
2024-10-31,416.7900,86.9300,85.8200,1.2934,444.0000,400,2,416.7900,-7163.4771,2944.0000
2024-11-01,0.0000,84.8100,86.9300,-2.4387,-848.0000,400,0,0.0000,-7163.4771,2096.0000
2024-11-04,0.0000,86.8100,84.8100,2.3582,800.0000,400,0,0.0000,-7163.4771,2896.0000
2024-11-05,-241.7408,95.8000,86.8100,10.3559,3596.0000,400,2,-241.7408,-7405.2179,6492.0000
2024-11-06,561.7077,96.0400,95.8000,0.2505,96.0000,400,2,561.7077,-6843.5102,6588.0000
2024-11-07,0.0000,101.8900,96.0400,6.0912,2340.0000,400,0,0.0000,-6843.5102,8928.0000
2024-11-08,281.7869,100.3000,101.8900,-1.5605,-636.0000,400,4,281.7869,-6561.7233,8292.0000
2024-11-11,0.0000,104.9800,100.3000,4.6660,1872.0000,400,0,0.0000,-6561.7233,10164.0000
2024-11-12,0.0000,101.1100,104.9800,-3.6864,-1548.0000,400,0,0.0000,-6561.7233,8616.0000
2024-11-13,0.0000,99.1400,101.1100,-1.9484,-788.0000,400,0,0.0000,-6561.7233,7828.0000
2024-11-14,0.0000,96.8700,99.1400,-2.2897,-908.0000,400,0,0.0000,-6561.7233,6920.0000
2024-11-15,0.0000,94.9100,96.8700,-2.0233,-784.0000,400,0,0.0000,-6561.7233,6136.0000
2024-11-18,-17.5950,92.3000,94.9100,-2.7500,-1044.0000,400,2,-17.5950,-6579.3183,5092.0000
2024-11-19,0.0000,94.9000,92.3000,2.8169,1040.0000,400,0,0.0000,-6579.3183,6132.0000
2024-11-20,0.0000,93.2800,94.9000,-1.7071,-648.0000,400,0,0.0000,-6579.3183,5484.0000
2024-11-21,0.0000,93.5000,93.2800,0.2358,88.0000,400,0,0.0000,-6579.3183,5572.0000
2024-11-22,-195.4002,88.7700,93.5000,-5.0588,-1892.0000,400,2,-195.4002,-6774.7186,3680.0000
2024-11-25,0.0000,86.1600,88.7700,-2.9402,-1044.0000,400,0,0.0000,-6774.7186,2636.0000
2024-11-26,0.0000,85.1000,86.1600,-1.2303,-424.0000,400,0,0.0000,-6774.7186,2212.0000
2024-11-27,-193.0113,88.0000,85.1000,3.4078,1160.0000,400,2,-193.0113,-6967.7298,3372.0000
2024-11-28,0.0000,87.0800,88.0000,-1.0455,-368.0000,400,0,0.0000,-6967.7298,3004.0000
2024-11-29,-157.4425,90.1000,87.0800,3.4681,1208.0000,400,2,-157.4425,-7125.1723,4212.0000
2024-12-02,0.0000,89.4900,90.1000,-0.6770,-244.0000,400,0,0.0000,-7125.1723,3968.0000
2024-12-03,210.8638,87.2300,89.4900,-2.5254,-904.0000,400,2,210.8638,-6914.3085,3064.0000
2024-12-04,0.0000,87.6700,87.2300,0.5044,176.0000,400,0,0.0000,-6914.3085,3240.0000
2024-12-05,0.0000,87.0000,87.6700,-0.7642,-268.0000,400,0,0.0000,-6914.3085,2972.0000
2024-12-06,0.0000,88.9300,87.0000,2.2184,772.0000,400,0,0.0000,-6914.3085,3744.0000
2024-12-09,0.0000,86.7800,88.9300,-2.4176,-860.0000,400,0,0.0000,-6914.3085,2884.0000
2024-12-10,-135.1677,88.0000,86.7800,1.4059,488.0000,400,2,-135.1677,-7049.4762,3372.0000
2024-12-11,0.0000,86.8200,88.0000,-1.3409,-472.0000,400,0,0.0000,-7049.4762,2900.0000
2024-12-12,0.0000,87.1700,86.8200,0.4031,140.0000,400,0,0.0000,-7049.4762,3040.0000
2024-12-13,0.0000,82.9900,87.1700,-4.7952,-1672.0000,400,0,0.0000,-7049.4762,1368.0000
2024-12-16,0.0000,81.5000,82.9900,-1.7954,-596.0000,400,0,0.0000,-7049.4762,772.0000
2024-12-17,0.0000,82.1900,81.5000,0.8466,276.0000,400,0,0.0000,-7049.4762,1048.0000
2024-12-18,0.0000,83.4000,82.1900,1.4722,484.0000,400,0,0.0000,-7049.4762,1532.0000
2024-12-19,-274.8176,85.4400,83.4000,2.4460,816.0000,400,2,-274.8176,-7324.2938,2348.0000
2024-12-20,-341.1563,94.2800,85.4400,10.3464,3536.0000,400,2,-341.1563,-7665.4501,5884.0000
2024-12-23,-268.1810,95.1800,94.2800,0.9546,360.0000,400,2,-268.1810,-7933.6310,6244.0000
2024-12-24,0.0000,96.8600,95.1800,1.7651,672.0000,400,0,0.0000,-7933.6310,6916.0000
2024-12-25,0.0000,97.9900,96.8600,1.1666,452.0000,400,0,0.0000,-7933.6310,7368.0000
2024-12-26,0.0000,96.7300,97.9900,-1.2858,-504.0000,400,0,0.0000,-7933.6310,6864.0000
2024-12-27,171.8110,97.5100,96.7300,0.8064,312.0000,400,2,171.8110,-7761.8201,7176.0000
2024-12-30,0.0000,99.2900,97.5100,1.8255,712.0000,400,0,0.0000,-7761.8201,7888.0000
2024-12-31,0.0000,94.6200,99.2900,-4.7034,-1868.0000,400,0,0.0000,-7761.8201,6020.0000
2025-01-02,-127.2300,89.9600,94.6200,-4.9250,-1864.0000,400,2,-127.2300,-7889.0501,4156.0000
2025-01-03,0.0000,88.3100,89.9600,-1.8341,-660.0000,400,0,0.0000,-7889.0501,3496.0000
2025-01-06,0.0000,86.9400,88.3100,-1.5514,-548.0000,400,0,0.0000,-7889.0501,2948.0000
2025-01-07,0.0000,90.6000,86.9400,4.2098,1464.0000,400,0,0.0000,-7889.0501,4412.0000
2025-01-08,306.5777,88.8200,90.6000,-1.9647,-712.0000,400,2,306.5777,-7582.4724,3700.0000
2025-01-09,0.0000,91.3200,88.8200,2.8147,1000.0000,400,0,0.0000,-7582.4724,4700.0000
2025-01-10,0.0000,93.1800,91.3200,2.0368,744.0000,400,0,0.0000,-7582.4724,5444.0000
2025-01-13,-209.7935,95.0200,93.1800,1.9747,736.0000,400,2,-209.7935,-7792.2659,6180.0000
2025-01-14,-216.2522,98.7700,95.0200,3.9465,1500.0000,400,2,-216.2522,-8008.5181,7680.0000
2025-01-15,407.3486,99.5500,98.7700,0.7897,312.0000,400,2,407.3486,-7601.1694,7992.0000
2025-01-16,-218.1763,96.6000,99.5500,-2.9633,-1180.0000,400,2,-218.1763,-7819.3457,6812.0000
2025-01-17,-315.0864,102.7000,96.6000,6.3147,2440.0000,400,2,-315.0864,-8134.4321,9252.0000
2025-01-20,0.0000,101.0500,102.7000,-1.6066,-660.0000,400,0,0.0000,-8134.4321,8592.0000
2025-01-21,0.0000,101.8400,101.0500,0.7818,316.0000,400,0,0.0000,-8134.4321,8908.0000
2025-01-22,0.0000,100.2400,101.8400,-1.5711,-640.0000,400,0,0.0000,-8134.4321,8268.0000
2025-01-23,-264.1684,96.8400,100.2400,-3.3919,-1360.0000,400,2,-264.1684,-8398.6006,6908.0000
2025-01-24,0.0000,97.8500,96.8400,1.0430,404.0000,400,0,0.0000,-8398.6006,7312.0000
2025-01-27,0.0000,93.9400,97.8500,-3.9959,-1564.0000,400,0,0.0000,-8398.6006,5748.0000
2025-02-05,0.0000,101.3700,93.9400,7.9093,2972.0000,400,0,0.0000,-8398.6006,8720.0000
2025-02-06,-421.3996,104.4300,101.3700,3.0186,1224.0000,400,2,-421.3996,-8820.0001,9944.0000
2025-02-07,193.2538,102.5300,104.4300,-1.8194,-760.0000,400,2,193.2538,-8626.7464,9184.0000
2025-02-10,0.0000,103.8500,102.5300,1.2874,528.0000,400,0,0.0000,-8626.7464,9712.0000
2025-02-11,0.0000,100.8600,103.8500,-2.8792,-1196.0000,400,0,0.0000,-8626.7464,8516.0000
2025-02-12,0.0000,104.3200,100.8600,3.4305,1384.0000,400,0,0.0000,-8626.7464,9900.0000
2025-02-13,0.0000,101.1100,104.3200,-3.0771,-1284.0000,400,0,0.0000,-8626.7464,8616.0000
2025-02-14,0.0000,99.0800,101.1100,-2.0077,-812.0000,400,0,0.0000,-8626.7464,7804.0000
2025-02-17,0.0000,101.0000,99.0800,1.9378,768.0000,400,0,0.0000,-8626.7464,8572.0000
2025-02-18,0.0000,98.2800,101.0000,-2.6931,-1088.0000,400,0,0.0000,-8626.7464,7484.0000
2025-02-19,231.2045,101.9400,98.2800,3.7241,1464.0000,400,2,231.2045,-8395.5419,8948.0000
2025-02-20,0.0000,99.2100,101.9400,-2.6780,-1092.0000,400,0,0.0000,-8395.5419,7856.0000
2025-02-21,-181.0414,103.9800,99.2100,4.8080,1908.0000,400,2,-181.0414,-8576.5833,9764.0000
2025-02-24,356.3968,103.4000,103.9800,-0.5578,-232.0000,400,2,356.3968,-8220.1865,9532.0000
2025-02-25,366.9910,101.2800,103.4000,-2.0503,-848.0000,400,2,366.9910,-7853.1955,8684.0000
2025-02-26,-315.2578,104.0000,101.2800,2.6856,1088.0000,400,2,-315.2578,-8168.4533,9772.0000
2025-02-27,0.0000,102.4400,104.0000,-1.5000,-624.0000,400,0,0.0000,-8168.4533,9148.0000
2025-02-28,0.0000,97.7900,102.4400,-4.5392,-1860.0000,400,0,0.0000,-8168.4533,7288.0000
2025-03-03,0.0000,96.0000,97.7900,-1.8305,-716.0000,400,0,0.0000,-8168.4533,6572.0000
2025-03-04,0.0000,97.2800,96.0000,1.3333,512.0000,400,0,0.0000,-8168.4533,7084.0000
2025-03-05,0.0000,97.5700,97.2800,0.2981,116.0000,400,0,0.0000,-8168.4533,7200.0000
2025-03-06,0.0000,98.6600,97.5700,1.1171,436.0000,400,0,0.0000,-8168.4533,7636.0000
2025-03-07,0.0000,96.8800,98.6600,-1.8042,-712.0000,400,0,0.0000,-8168.4533,6924.0000
2025-03-10,0.0000,95.6600,96.8800,-1.2593,-488.0000,400,0,0.0000,-8168.4533,6436.0000
2025-03-11,0.0000,96.1200,95.6600,0.4809,184.0000,400,0,0.0000,-8168.4533,6620.0000
2025-03-12,0.0000,95.9000,96.1200,-0.2289,-88.0000,400,0,0.0000,-8168.4533,6532.0000
2025-03-13,-149.6203,92.9800,95.9000,-3.0448,-1168.0000,400,2,-149.6203,-8318.0736,5364.0000
2025-03-14,92.0889,94.8100,92.9800,1.9682,732.0000,400,2,92.0889,-8225.9847,6096.0000
2025-03-17,0.0000,93.3700,94.8100,-1.5188,-576.0000,400,0,0.0000,-8225.9847,5520.0000
2025-03-18,0.0000,94.1000,93.3700,0.7818,292.0000,400,0,0.0000,-8225.9847,5812.0000
2025-03-19,0.0000,93.7500,94.1000,-0.3719,-140.0000,400,0,0.0000,-8225.9847,5672.0000
2025-03-20,0.0000,93.2700,93.7500,-0.5120,-192.0000,400,0,0.0000,-8225.9847,5480.0000
2025-03-21,0.0000,91.2000,93.2700,-2.2194,-828.0000,400,0,0.0000,-8225.9847,4652.0000
2025-03-24,0.0000,91.4500,91.2000,0.2741,100.0000,400,0,0.0000,-8225.9847,4752.0000
2025-03-25,144.6136,89.8700,91.4500,-1.7277,-632.0000,400,2,144.6136,-8081.3711,4120.0000
2025-03-26,0.0000,90.0000,89.8700,0.1447,52.0000,400,0,0.0000,-8081.3711,4172.0000
2025-03-27,-213.4951,92.4700,90.0000,2.7444,988.0000,400,2,-213.4951,-8294.8662,5160.0000
2025-03-28,0.0000,90.4000,92.4700,-2.2386,-828.0000,400,0,0.0000,-8294.8662,4332.0000
2025-03-31,-105.2153,89.3300,90.4000,-1.1836,-428.0000,400,2,-105.2153,-8400.0814,3904.0000
2025-04-01,-131.0439,86.5000,89.3300,-3.1680,-1132.0000,400,2,-131.0439,-8531.1254,2772.0000
2025-04-02,0.0000,86.8500,86.5000,0.4046,140.0000,400,0,0.0000,-8531.1254,2912.0000
2025-04-03,116.7890,88.0900,86.8500,1.4277,496.0000,400,2,116.7890,-8414.3363,3408.0000
2025-04-07,260.5674,84.0000,88.0900,-4.6430,-1636.0000,400,4,260.5674,-8153.7689,1772.0000
2025-04-08,0.0000,85.0000,84.0000,1.1905,400.0000,400,0,0.0000,-8153.7689,2172.0000
2025-04-09,-333.1520,90.1800,85.0000,6.0941,2072.0000,400,2,-333.1520,-8486.9210,4244.0000
2025-04-10,0.0000,90.9500,90.1800,0.8538,308.0000,400,0,0.0000,-8486.9210,4552.0000
2025-04-11,410.1160,92.9000,90.9500,2.1440,780.0000,400,2,410.1160,-8076.8050,5332.0000
2025-04-14,0.0000,92.0000,92.9000,-0.9688,-360.0000,400,0,0.0000,-8076.8050,4972.0000
2025-04-15,0.0000,90.3900,92.0000,-1.7500,-644.0000,400,0,0.0000,-8076.8050,4328.0000
2025-04-16,0.0000,92.0000,90.3900,1.7812,644.0000,400,0,0.0000,-8076.8050,4972.0000
2025-04-17,0.0000,91.8000,92.0000,-0.2174,-80.0000,400,0,0.0000,-8076.8050,4892.0000
2025-04-18,0.0000,91.3500,91.8000,-0.4902,-180.0000,400,0,0.0000,-8076.8050,4712.0000
2025-04-21,0.0000,90.5100,91.3500,-0.9195,-336.0000,400,0,0.0000,-8076.8050,4376.0000
2025-04-22,0.0000,90.0100,90.5100,-0.5524,-200.0000,400,0,0.0000,-8076.8050,4176.0000
2025-04-23,0.0000,90.0700,90.0100,0.0667,24.0000,400,0,0.0000,-8076.8050,4200.0000
2025-04-24,100.7275,89.1000,90.0700,-1.0769,-388.0000,400,2,100.7275,-7976.0775,3812.0000
2025-04-25,0.0000,88.4200,89.1000,-0.7632,-272.0000,400,0,0.0000,-7976.0775,3540.0000
2025-04-28,0.0000,88.2300,88.4200,-0.2149,-76.0000,400,0,0.0000,-7976.0775,3464.0000
2025-04-29,0.0000,88.0000,88.2300,-0.2607,-92.0000,400,0,0.0000,-7976.0775,3372.0000
2025-04-30,0.0000,89.0500,88.0000,1.1932,420.0000,400,0,0.0000,-7976.0775,3792.0000
2025-05-06,0.0000,89.9000,89.0500,0.9545,340.0000,400,0,0.0000,-7976.0775,4132.0000
2025-05-07,-5.3723,90.5000,89.9000,0.6674,240.0000,400,2,-5.3723,-7981.4498,4372.0000
2025-05-08,0.0000,89.9800,90.5000,-0.5746,-208.0000,400,0,0.0000,-7981.4498,4164.0000
2025-05-09,0.0000,85.8300,89.9800,-4.6121,-1660.0000,400,0,0.0000,-7981.4498,2504.0000
2025-05-12,237.1095,86.3200,85.8300,0.5709,196.0000,400,2,237.1095,-7744.3403,2700.0000
2025-05-13,-50.8913,85.5200,86.3200,-0.9268,-320.0000,400,2,-50.8913,-7795.2316,2380.0000
2025-05-14,120.9940,86.0600,85.5200,0.6314,216.0000,400,2,120.9940,-7674.2376,2596.0000
2025-05-15,0.0000,84.4200,86.0600,-1.9056,-656.0000,400,0,0.0000,-7674.2376,1940.0000
2025-05-16,0.0000,84.7000,84.4200,0.3317,112.0000,400,0,0.0000,-7674.2376,2052.0000
2025-05-19,-84.8282,85.0100,84.7000,0.3660,124.0000,400,2,-84.8282,-7759.0658,2176.0000
2025-05-20,0.0000,85.0400,85.0100,0.0353,12.0000,400,0,0.0000,-7759.0658,2188.0000
2025-05-21,0.0000,84.0700,85.0400,-1.1406,-388.0000,400,0,0.0000,-7759.0658,1800.0000
2025-05-22,0.0000,83.8100,84.0700,-0.3093,-104.0000,400,0,0.0000,-7759.0658,1696.0000
2025-05-23,-70.6252,82.9000,83.8100,-1.0858,-364.0000,400,2,-70.6252,-7829.6910,1332.0000
2025-05-26,0.0000,84.0200,82.9000,1.3510,448.0000,400,0,0.0000,-7829.6910,1780.0000
2025-05-27,0.0000,83.0000,84.0200,-1.2140,-408.0000,400,0,0.0000,-7829.6910,1372.0000
2025-05-28,0.0000,82.0100,83.0000,-1.1928,-396.0000,400,0,0.0000,-7829.6910,976.0000
2025-05-29,-108.6391,83.4400,82.0100,1.7437,572.0000,400,2,-108.6391,-7938.3302,1548.0000
2025-05-30,0.0000,82.0900,83.4400,-1.6179,-540.0000,400,0,0.0000,-7938.3302,1008.0000
2025-06-03,0.0000,82.4700,82.0900,0.4629,152.0000,400,0,0.0000,-7938.3302,1160.0000
2025-06-04,0.0000,83.1800,82.4700,0.8609,284.0000,400,0,0.0000,-7938.3302,1444.0000
2025-06-05,-72.7594,84.3900,83.1800,1.4547,484.0000,400,2,-72.7594,-8011.0896,1928.0000
2025-06-06,91.1632,84.5600,84.3900,0.2014,68.0000,400,2,91.1632,-7919.9264,1996.0000
2025-06-09,0.0000,84.4300,84.5600,-0.1537,-52.0000,400,0,0.0000,-7919.9264,1944.0000
2025-06-10,-84.5567,82.3200,84.4300,-2.4991,-844.0000,400,2,-84.5567,-8004.4831,1100.0000
2025-06-11,0.0000,82.9100,82.3200,0.7167,236.0000,400,0,0.0000,-8004.4831,1336.0000
2025-06-12,0.0000,82.2700,82.9100,-0.7719,-256.0000,400,0,0.0000,-8004.4831,1080.0000
2025-06-13,59.3615,82.7900,82.2700,0.6321,208.0000,400,2,59.3615,-7945.1216,1288.0000
2025-06-16,0.0000,82.9600,82.7900,0.2053,68.0000,400,0,0.0000,-7945.1216,1356.0000
2025-06-17,0.0000,82.4000,82.9600,-0.6750,-224.0000,400,0,0.0000,-7945.1216,1132.0000
2025-06-18,0.0000,82.0100,82.4000,-0.4733,-156.0000,400,0,0.0000,-7945.1216,976.0000
2025-06-19,0.0000,81.6500,82.0100,-0.4390,-144.0000,400,0,0.0000,-7945.1216,832.0000
2025-06-20,0.0000,81.2800,81.6500,-0.4532,-148.0000,400,0,0.0000,-7945.1216,684.0000
2025-06-23,-150.5907,84.2500,81.2800,3.6540,1188.0000,400,2,-150.5907,-8095.7123,1872.0000
2025-06-24,0.0000,85.1500,84.2500,1.0682,360.0000,400,0,0.0000,-8095.7123,2232.0000
2025-06-25,-119.0594,88.3900,85.1500,3.8050,1296.0000,400,2,-119.0594,-8214.7717,3528.0000
2025-06-26,99.5715,87.2800,88.3900,-1.2558,-444.0000,400,4,99.5715,-8115.2002,3084.0000
2025-06-27,0.0000,86.8800,87.2800,-0.4583,-160.0000,400,0,0.0000,-8115.2002,2924.0000
2025-06-30,0.0000,88.1700,86.8800,1.4848,516.0000,400,0,0.0000,-8115.2002,3440.0000
2025-07-01,0.0000,87.7600,88.1700,-0.4650,-164.0000,400,0,0.0000,-8115.2002,3276.0000
2025-07-02,0.0000,86.1000,87.7600,-1.8915,-664.0000,400,0,0.0000,-8115.2002,2612.0000
2025-07-03,0.0000,86.2400,86.1000,0.1626,56.0000,400,0,0.0000,-8115.2002,2668.0000
2025-07-04,188.9593,85.8000,86.2400,-0.5102,-176.0000,400,2,188.9593,-7926.2409,2492.0000
2025-07-07,0.0000,85.4800,85.8000,-0.3730,-128.0000,400,0,0.0000,-7926.2409,2364.0000
2025-07-08,0.0000,86.7400,85.4800,1.4740,504.0000,400,0,0.0000,-7926.2409,2868.0000
2025-07-09,0.0000,85.8500,86.7400,-1.0261,-356.0000,400,0,0.0000,-7926.2409,2512.0000
2025-07-10,0.0000,85.6700,85.8500,-0.2097,-72.0000,400,0,0.0000,-7926.2409,2440.0000
2025-07-11,-117.1852,88.1600,85.6700,2.9065,996.0000,400,2,-117.1852,-8043.4261,3436.0000
2025-07-14,0.0000,87.5200,88.1600,-0.7260,-256.0000,400,0,0.0000,-8043.4261,3180.0000
2025-07-15,0.0000,87.8900,87.5200,0.4228,148.0000,400,0,0.0000,-8043.4261,3328.0000
2025-07-16,0.0000,87.1200,87.8900,-0.8761,-308.0000,400,0,0.0000,-8043.4261,3020.0000
2025-07-17,0.7525,88.7900,87.1200,1.9169,668.0000,400,2,0.7525,-8042.6736,3688.0000
2025-07-18,0.0000,88.5100,88.7900,-0.3154,-112.0000,400,0,0.0000,-8042.6736,3576.0000
2025-07-21,0.0000,89.0200,88.5100,0.5762,204.0000,400,0,0.0000,-8042.6736,3780.0000
2025-07-22,118.6123,89.0800,89.0200,0.0674,24.0000,400,2,118.6123,-7924.0613,3804.0000
2025-07-23,126.6279,89.3900,89.0800,0.3480,124.0000,400,2,126.6279,-7797.4334,3928.0000
2025-07-24,-129.5140,91.7500,89.3900,2.6401,944.0000,400,2,-129.5140,-7926.9474,4872.0000
2025-07-25,0.0000,93.4700,91.7500,1.8747,688.0000,400,0,0.0000,-7926.9474,5560.0000
2025-07-28,0.0000,92.1800,93.4700,-1.3801,-516.0000,400,0,0.0000,-7926.9474,5044.0000
2025-07-29,0.0000,92.1700,92.1800,-0.0108,-4.0000,400,0,0.0000,-7926.9474,5040.0000
2025-07-30,68.6118,90.3600,92.1700,-1.9638,-724.0000,400,2,68.6118,-7858.3356,4316.0000
2025-07-31,-109.5138,89.5000,90.3600,-0.9517,-344.0000,400,2,-109.5138,-7967.8494,3972.0000
2025-08-01,76.7918,88.2900,89.5000,-1.3520,-484.0000,400,2,76.7918,-7891.0576,3488.0000
2025-08-04,0.0000,90.0700,88.2900,2.0161,712.0000,400,0,0.0000,-7891.0576,4200.0000
2025-08-05,0.0000,90.0000,90.0700,-0.0777,-28.0000,400,0,0.0000,-7891.0576,4172.0000
2025-08-06,0.0000,90.7800,90.0000,0.8667,312.0000,400,0,0.0000,-7891.0576,4484.0000
2025-08-07,0.0000,90.5900,90.7800,-0.2093,-76.0000,400,0,0.0000,-7891.0576,4408.0000
2025-08-08,0.0000,86.6600,90.5900,-4.3382,-1572.0000,400,0,0.0000,-7891.0576,2836.0000
2025-08-11,0.0000,86.9600,86.6600,0.3462,120.0000,400,0,0.0000,-7891.0576,2956.0000
2025-08-12,-153.1877,88.5200,86.9600,1.7939,624.0000,400,2,-153.1877,-8044.2453,3580.0000
2025-08-13,0.0000,88.6600,88.5200,0.1582,56.0000,400,0,0.0000,-8044.2453,3636.0000
2025-08-14,-97.5459,89.4600,88.6600,0.9023,320.0000,400,2,-97.5459,-8141.7912,3956.0000
2025-08-15,-497.4407,91.8400,89.4600,2.6604,952.0000,400,2,-497.4407,-8639.2319,4908.0000
2025-08-18,-125.7937,92.3100,91.8400,0.5118,188.0000,400,2,-125.7937,-8765.0256,5096.0000
2025-08-19,0.0000,89.3500,92.3100,-3.2066,-1184.0000,400,0,0.0000,-8765.0256,3912.0000
2025-08-20,-209.4950,92.2800,89.3500,3.2792,1172.0000,400,2,-209.4950,-8974.5206,5084.0000
2025-08-21,0.0000,91.0500,92.2800,-1.3329,-492.0000,400,0,0.0000,-8974.5206,4592.0000
2025-08-22,-176.1894,103.9700,91.0500,14.1900,5168.0000,400,2,-176.1894,-9150.7100,9760.0000
2025-08-25,-241.0121,103.1700,103.9700,-0.7695,-320.0000,400,2,-241.0121,-9391.7221,9440.0000
2025-08-26,0.0000,100.9300,103.1700,-2.1712,-896.0000,400,0,0.0000,-9391.7221,8544.0000
2025-08-27,574.4310,101.5100,100.9300,0.5747,232.0000,400,2,574.4310,-8817.2911,8776.0000
2025-08-28,-366.1255,119.2200,101.5100,17.4466,7084.0000,400,2,-366.1255,-9183.4166,15860.0000
2025-08-29,0.0000,114.7600,119.2200,-3.7410,-1784.0000,400,0,0.0000,-9183.4166,14076.0000
2025-09-09,0.0000,102.9900,114.7600,-10.2562,-4708.0000,400,0,0.0000,-9183.4166,9368.0000
2025-09-10,0.0000,103.9100,102.9900,0.8933,368.0000,400,0,0.0000,-9183.4166,9736.0000
2025-09-11,-608.2782,110.2800,103.9100,6.1303,2548.0000,400,2,-608.2782,-9791.6948,12284.0000
2025-09-12,0.0000,108.4200,110.2800,-1.6866,-744.0000,400,0,0.0000,-9791.6948,11540.0000
2025-09-15,0.0000,108.6600,108.4200,0.2214,96.0000,400,0,0.0000,-9791.6948,11636.0000
2025-09-16,0.0000,109.7800,108.6600,1.0307,448.0000,400,0,0.0000,-9791.6948,12084.0000
2025-09-17,583.8902,117.3900,109.7800,6.9320,3044.0000,400,2,583.8902,-9207.8046,15128.0000
2025-09-18,-373.4864,122.1500,117.3900,4.0549,1904.0000,400,2,-373.4864,-9581.2910,17032.0000
2025-09-19,0.0000,121.3400,122.1500,-0.6631,-324.0000,400,0,0.0000,-9581.2910,16708.0000
2025-09-22,-350.0759,128.9200,121.3400,6.2469,3032.0000,400,2,-350.0759,-9931.3669,19740.0000
2025-09-23,0.0000,128.5100,128.9200,-0.3180,-164.0000,400,0,0.0000,-9931.3669,19576.0000
2025-09-24,290.0735,134.9800,128.5100,5.0346,2588.0000,400,2,290.0735,-9641.2934,22164.0000
2025-09-25,0.0000,134.1100,134.9800,-0.6445,-348.0000,400,0,0.0000,-9641.2934,21816.0000
2025-09-26,0.0000,132.2700,134.1100,-1.3720,-736.0000,400,0,0.0000,-9641.2934,21080.0000
2025-09-29,0.0000,136.0200,132.2700,2.8351,1500.0000,400,0,0.0000,-9641.2934,22580.0000
2025-09-30,0.0000,140.1300,136.0200,3.0216,1644.0000,400,0,0.0000,-9641.2934,24224.0000
2025-10-09,-304.9426,138.9100,140.1300,-0.8706,-488.0000,400,2,-304.9426,-9946.2360,23736.0000
2025-10-10,0.0000,127.9500,138.9100,-7.8900,-4384.0000,400,0,0.0000,-9946.2360,19352.0000
2025-10-13,0.0000,136.4700,127.9500,6.6589,3408.0000,400,0,0.0000,-9946.2360,22760.0000
2025-10-14,-413.9946,127.2000,136.4700,-6.7927,-3708.0000,400,2,-413.9946,-10360.2306,19052.0000
2025-10-15,0.0000,129.5600,127.2000,1.8553,944.0000,400,0,0.0000,-10360.2306,19996.0000
2025-10-16,0.0000,127.3000,129.5600,-1.7444,-904.0000,400,0,0.0000,-10360.2306,19092.0000
2025-10-17,0.0000,121.9800,127.3000,-4.1791,-2128.0000,400,0,0.0000,-10360.2306,16964.0000
2025-10-20,0.0000,122.6300,121.9800,0.5329,260.0000,400,0,0.0000,-10360.2306,17224.0000
2025-10-21,0.0000,127.1900,122.6300,3.7185,1824.0000,400,0,0.0000,-10360.2306,19048.0000
2025-10-22,369.7747,126.8100,127.1900,-0.2988,-152.0000,400,2,369.7747,-9990.4559,18896.0000
2025-10-23,0.0000,128.3000,126.8100,1.1750,596.0000,400,0,0.0000,-9990.4559,19492.0000
2025-10-24,0.0000,134.0600,128.3000,4.4895,2304.0000,400,0,0.0000,-9990.4559,21796.0000
2025-10-27,0.0000,134.5000,134.0600,0.3282,176.0000,400,0,0.0000,-9990.4559,21972.0000
2025-10-28,0.0000,132.6900,134.5000,-1.3457,-724.0000,400,0,0.0000,-9990.4559,21248.0000
2025-10-29,0.0000,133.0000,132.6900,0.2336,124.0000,400,0,0.0000,-9990.4559,21372.0000
2025-10-30,0.0000,128.5500,133.0000,-3.3459,-1780.0000,400,0,0.0000,-9990.4559,19592.0000
2025-10-31,0.0000,124.1800,128.5500,-3.3995,-1748.0000,400,0,0.0000,-9990.4559,17844.0000
2025-11-03,0.0000,120.2100,124.1800,-3.1970,-1588.0000,400,0,0.0000,-9990.4559,16256.0000
2025-11-04,0.0000,119.8800,120.2100,-0.2745,-132.0000,400,0,0.0000,-9990.4559,16124.0000
2025-11-05,113.4722,119.7800,119.8800,-0.0834,-40.0000,400,2,113.4722,-9876.9836,16084.0000
2025-11-06,0.0000,124.8500,119.7800,4.2328,2028.0000,400,0,0.0000,-9876.9836,18112.0000
2025-11-07,0.0000,122.1100,124.8500,-2.1946,-1096.0000,400,0,0.0000,-9876.9836,17016.0000
2025-11-10,0.0000,120.0100,122.1100,-1.7198,-840.0000,400,0,0.0000,-9876.9836,16176.0000
2025-11-11,0.0000,117.7300,120.0100,-1.8998,-912.0000,400,0,0.0000,-9876.9836,15264.0000
2025-11-12,0.0000,119.6300,117.7300,1.6139,760.0000,400,0,0.0000,-9876.9836,16024.0000
2025-11-13,-154.9136,123.1000,119.6300,2.9006,1388.0000,400,2,-154.9136,-10031.8973,17412.0000
2025-11-14,-176.6929,118.1800,123.1000,-3.9968,-1968.0000,400,2,-176.6929,-10208.5902,15444.0000
2025-11-17,0.0000,117.6300,118.1800,-0.4654,-220.0000,400,0,0.0000,-10208.5902,15224.0000
2025-11-18,0.0000,117.9600,117.6300,0.2805,132.0000,400,0,0.0000,-10208.5902,15356.0000
2025-11-19,0.0000,116.2800,117.9600,-1.4242,-672.0000,400,0,0.0000,-10208.5902,14684.0000
2025-11-20,0.0000,116.7800,116.2800,0.4300,200.0000,400,0,0.0000,-10208.5902,14884.0000
2025-11-21,0.0000,113.0000,116.7800,-3.2369,-1512.0000,400,0,0.0000,-10208.5902,13372.0000
2025-11-24,532.7440,111.5100,113.0000,-1.3186,-596.0000,400,4,532.7440,-9675.8462,12776.0000
2025-11-25,0.0000,111.6800,111.5100,0.1525,68.0000,400,0,0.0000,-9675.8462,12844.0000
2025-11-26,0.0000,112.7100,111.6800,0.9223,412.0000,400,0,0.0000,-9675.8462,13256.0000
2025-11-27,-157.0114,112.7100,112.7100,0.0000,0.0000,400,2,-157.0114,-9832.8576,13256.0000
2025-11-28,0.0000,113.6000,112.7100,0.7896,356.0000,400,0,0.0000,-9832.8576,13612.0000
2025-12-01,0.0000,114.4000,113.6000,0.7042,320.0000,400,0,0.0000,-9832.8576,13932.0000
2025-12-02,0.0000,113.0000,114.4000,-1.2238,-560.0000,400,0,0.0000,-9832.8576,13372.0000
2025-12-03,0.0000,111.6200,113.0000,-1.2212,-552.0000,400,0,0.0000,-9832.8576,12820.0000
2025-12-04,-209.2003,114.7300,111.6200,2.7862,1244.0000,400,2,-209.2003,-10042.0579,14064.0000
2025-12-05,0.0000,114.1800,114.7300,-0.4794,-220.0000,400,0,0.0000,-10042.0579,13844.0000
2025-12-08,57.9799,117.2000,114.1800,2.6449,1208.0000,400,2,57.9799,-9984.0780,15052.0000
2025-12-09,0.0000,116.3200,117.2000,-0.7509,-352.0000,400,0,0.0000,-9984.0780,14700.0000
2025-12-10,-35.6834,116.3100,116.3200,-0.0086,-4.0000,400,2,-35.6834,-10019.7614,14696.0000
2025-12-11,-71.2379,113.6100,116.3100,-2.3214,-1080.0000,400,2,-71.2379,-10090.9993,13616.0000
2025-12-12,-293.4690,116.8000,113.6100,2.8079,1276.0000,400,2,-293.4690,-10384.4683,14892.0000
2025-12-15,0.0000,113.0100,116.8000,-3.2449,-1516.0000,400,0,0.0000,-10384.4683,13376.0000
2025-12-16,0.0000,110.7000,113.0100,-2.0441,-924.0000,400,0,0.0000,-10384.4683,12452.0000
2025-12-17,-159.1200,113.2900,110.7000,2.3397,1036.0000,400,2,-159.1200,-10543.5883,13488.0000
2025-12-18,0.0000,112.8000,113.2900,-0.4325,-196.0000,400,0,0.0000,-10543.5883,13292.0000
2025-12-19,0.0000,113.6300,112.8000,0.7358,332.0000,400,0,0.0000,-10543.5883,13624.0000
2025-12-22,-242.2939,120.4500,113.6300,6.0019,2728.0000,400,2,-242.2939,-10785.8822,16352.0000
2025-12-23,0.0000,119.9000,120.4500,-0.4566,-220.0000,400,0,0.0000,-10785.8822,16132.0000
2025-12-24,0.0000,123.4100,119.9000,2.9274,1404.0000,400,0,0.0000,-10785.8822,17536.0000
2025-12-25,0.0000,123.0800,123.4100,-0.2674,-132.0000,400,0,0.0000,-10785.8822,17404.0000
2025-12-26,117.1428,122.1000,123.0800,-0.7962,-392.0000,400,2,117.1428,-10668.7394,17012.0000
2025-12-29,0.0000,122.5000,122.1000,0.3276,160.0000,400,0,0.0000,-10668.7394,17172.0000
2025-12-30,0.0000,125.2800,122.5000,2.2694,1112.0000,400,0,0.0000,-10668.7394,18284.0000
2025-12-31,0.0000,122.8300,125.2800,-1.9556,-980.0000,400,0,0.0000,-10668.7394,17304.0000
2026-01-05,0.0000,129.9500,122.8300,5.7966,2848.0000,400,0,0.0000,-10668.7394,20152.0000
2026-01-06,212.9018,131.8400,129.9500,1.4544,756.0000,400,2,212.9018,-10455.8376,20908.0000
2026-01-07,0.0000,129.9800,131.8400,-1.4108,-744.0000,400,0,0.0000,-10455.8376,20164.0000
2026-01-08,11.4715,130.1500,129.9800,0.1308,68.0000,400,2,11.4715,-10444.3661,20232.0000
2026-01-09,0.0000,128.8800,130.1500,-0.9758,-508.0000,400,0,0.0000,-10444.3661,19724.0000
2026-01-12,0.0000,127.6600,128.8800,-0.9466,-488.0000,400,0,0.0000,-10444.3661,19236.0000
2026-01-13,0.0000,123.6300,127.6600,-3.1568,-1612.0000,400,0,0.0000,-10444.3661,17624.0000
2026-01-14,0.0000,124.4900,123.6300,0.6956,344.0000,400,0,0.0000,-10444.3661,17968.0000
2026-01-15,0.0000,124.4400,124.4900,-0.0402,-20.0000,400,0,0.0000,-10444.3661,17948.0000
2026-01-16,0.0000,126.9900,124.4400,2.0492,1020.0000,400,0,0.0000,-10444.3661,18968.0000
2026-01-19,0.0000,125.2900,126.9900,-1.3387,-680.0000,400,0,0.0000,-10444.3661,18288.0000
2026-01-20,0.0000,122.1800,125.2900,-2.4822,-1244.0000,400,0,0.0000,-10444.3661,17044.0000
2026-01-21,-208.1287,127.1900,122.1800,4.1005,2004.0000,400,2,-208.1287,-10652.4948,19048.0000
2026-01-22,-17.7774,126.8000,127.1900,-0.3066,-156.0000,400,2,-17.7774,-10670.2722,18892.0000
2026-01-23,0.0000,124.9600,126.8000,-1.4511,-736.0000,400,0,0.0000,-10670.2722,18156.0000
2026-01-26,0.0000,121.9200,124.9600,-2.4328,-1216.0000,400,0,0.0000,-10670.2722,16940.0000
2026-01-27,-213.1164,124.0500,121.9200,1.7470,852.0000,400,2,-213.1164,-10883.3886,17792.0000
2026-01-28,0.0000,128.5500,124.0500,3.6276,1800.0000,400,0,0.0000,-10883.3886,19592.0000
2026-01-29,0.0000,122.4000,128.5500,-4.7841,-2460.0000,400,0,0.0000,-10883.3886,17132.0000
2026-01-30,262.6810,122.9700,122.4000,0.4657,228.0000,400,2,262.6810,-10620.7076,17360.0000
2026-02-02,-153.8794,117.0600,122.9700,-4.8061,-2364.0000,400,2,-153.8794,-10774.5870,14996.0000
2026-02-03,260.4404,116.0300,117.0600,-0.8799,-412.0000,400,2,260.4404,-10514.1465,14584.0000
2026-02-04,0.0000,114.8400,116.0300,-1.0256,-476.0000,400,0,0.0000,-10514.1465,14108.0000
2026-02-05,0.0000,111.8000,114.8400,-2.6472,-1216.0000,400,0,0.0000,-10514.1465,12892.0000
2026-02-06,-169.2307,112.7000,111.8000,0.8050,360.0000,400,2,-169.2307,-10683.3773,13252.0000
2026-02-09,0.0000,114.9300,112.7000,1.9787,892.0000,400,0,0.0000,-10683.3773,14144.0000
2026-02-10,0.0000,116.2000,114.9300,1.1050,508.0000,400,0,0.0000,-10683.3773,14652.0000
2026-02-11,142.3934,115.0100,116.2000,-1.0241,-476.0000,400,2,142.3934,-10540.9838,14176.0000
2026-02-12,0.0000,116.5800,115.0100,1.3651,628.0000,400,0,0.0000,-10540.9838,14804.0000
2026-02-13,0.0000,116.9300,116.5800,0.3002,140.0000,400,0,0.0000,-10540.9838,14944.0000
2026-02-24,0.0000,115.8200,116.9300,-0.9493,-444.0000,400,0,0.0000,-10540.9838,14500.0000
2026-02-25,0.0000,116.1300,115.8200,0.2677,124.0000,400,0,0.0000,-10540.9838,14624.0000
2026-02-26,110.1403,116.6500,116.1300,0.4478,208.0000,400,2,110.1403,-10430.8435,14832.0000
2026-02-27,0.0000,115.0000,116.6500,-1.4145,-660.0000,400,0,0.0000,-10430.8435,14172.0000
2026-03-02,0.0000,112.5300,115.0000,-2.1478,-988.0000,400,0,0.0000,-10430.8435,13184.0000
2026-03-03,-150.7650,108.3100,112.5300,-3.7501,-1688.0000,400,2,-150.7650,-10581.6085,11496.0000
2026-03-04,-135.6924,106.6900,108.3100,-1.4957,-648.0000,400,2,-135.6924,-10717.3009,10848.0000
2026-03-05,50.2805,106.9000,106.6900,0.1968,84.0000,400,2,50.2805,-10667.0204,10932.0000
2026-03-06,0.0000,106.5000,106.9000,-0.3742,-160.0000,400,0,0.0000,-10667.0204,10772.0000
2026-03-09,-157.3268,105.1400,106.5000,-1.2770,-544.0000,400,2,-157.3268,-10824.3473,10228.0000
2026-03-10,0.0000,107.2800,105.1400,2.0354,856.0000,400,0,0.0000,-10824.3473,11084.0000
2026-03-11,0.0000,107.1000,107.2800,-0.1678,-72.0000,400,0,0.0000,-10824.3473,11012.0000
2026-03-12,-135.5292,106.0100,107.1000,-1.0177,-436.0000,400,2,-135.5292,-10959.8765,10576.0000
2026-03-13,0.0000,107.0600,106.0100,0.9905,420.0000,400,0,0.0000,-10959.8765,10996.0000
2026-03-16,-206.1329,108.6000,107.0600,1.4384,616.0000,400,2,-206.1329,-11166.0093,11612.0000
2026-03-17,0.0000,106.0200,108.6000,-2.3757,-1032.0000,400,0,0.0000,-11166.0093,10580.0000
2026-03-18,0.0000,106.6000,106.0200,0.5471,232.0000,400,0,0.0000,-11166.0093,10812.0000
2026-03-19,0.0000,105.9600,106.6000,-0.6004,-256.0000,400,0,0.0000,-11166.0093,10556.0000
2026-03-20,0.0000,102.1800,105.9600,-3.5674,-1512.0000,400,0,0.0000,-11166.0093,9044.0000
2026-03-23,-144.1912,98.0400,102.1800,-4.0517,-1656.0000,400,2,-144.1912,-11310.2005,7388.0000
2026-03-24,0.0000,99.2500,98.0400,1.2342,484.0000,400,0,0.0000,-11310.2005,7872.0000
2026-03-25,0.0000,99.9900,99.2500,0.7456,296.0000,400,0,0.0000,-11310.2005,8168.0000
2026-03-26,0.0000,96.8800,99.9900,-3.1103,-1244.0000,400,0,0.0000,-11310.2005,6924.0000
2026-03-27,0.0000,97.5000,96.8800,0.6400,248.0000,400,0,0.0000,-11310.2005,7172.0000
2026-03-30,0.0000,95.8300,97.5000,-1.7128,-668.0000,400,0,0.0000,-11310.2005,6504.0000
2026-03-31,-109.7821,94.0500,95.8300,-1.8575,-712.0000,400,2,-109.7821,-11419.9826,5792.0000
2026-04-01,0.0000,96.3300,94.0500,2.4242,912.0000,400,0,0.0000,-11419.9826,6704.0000
2026-04-02,-135.6461,93.2000,96.3300,-3.2492,-1252.0000,400,2,-135.6461,-11555.6287,5452.0000
2026-04-03,0.0000,91.7800,93.2000,-1.5236,-568.0000,400,0,0.0000,-11555.6287,4884.0000
2026-04-07,-141.9571,95.6200,91.7800,4.1839,1536.0000,400,2,-141.9571,-11697.5859,6420.0000
2026-04-08,33.3448,101.1800,95.6200,5.8147,2224.0000,400,2,33.3448,-11664.2411,8644.0000
2026-04-09,0.0000,99.7200,101.1800,-1.4430,-584.0000,400,0,0.0000,-11664.2411,8060.0000
2026-04-10,0.0000,101.0100,99.7200,1.2936,516.0000,400,0,0.0000,-11664.2411,8576.0000
2026-04-13,201.2477,100.6400,101.0100,-0.3663,-148.0000,400,2,201.2477,-11462.9934,8428.0000
2026-04-14,0.0000,101.5200,100.6400,0.8744,352.0000,400,0,0.0000,-11462.9934,8780.0000
2026-04-15,-181.4086,103.9100,101.5200,2.3542,956.0000,400,2,-181.4086,-11644.4020,9736.0000
2026-04-16,0.0000,104.1800,103.9100,0.2598,108.0000,400,0,0.0000,-11644.4020,9844.0000
2026-04-17,272.2627,105.2300,104.1800,1.0079,420.0000,400,2,272.2627,-11372.1393,10264.0000
2026-04-20,49.8929,107.9600,105.2300,2.5943,1092.0000,400,2,49.8929,-11322.2464,11356.0000
2026-04-21,0.0000,107.4600,107.9600,-0.4631,-200.0000,400,0,0.0000,-11322.2464,11156.0000
2026-04-22,0.0000,107.8700,107.4600,0.3815,164.0000,400,0,0.0000,-11322.2464,11320.0000
2026-04-23,16.3675,105.9800,107.8700,-1.7521,-756.0000,400,2,16.3675,-11305.8789,10564.0000
2026-04-24,-402.1451,110.9600,105.9800,4.6990,1992.0000,400,2,-402.1451,-11708.0239,12556.0000
2026-04-27,0.0000,116.5800,110.9600,5.0649,2248.0000,400,0,0.0000,-11708.0239,14804.0000
2026-04-28,86.7318,114.0000,116.5800,-2.2131,-1032.0000,400,2,86.7318,-11621.2921,13772.0000
2026-04-29,0.0000,112.4700,114.0000,-1.3421,-612.0000,400,0,0.0000,-11621.2921,13160.0000
2026-04-30,-340.1215,118.7300,112.4700,5.5659,2504.0000,400,2,-340.1215,-11961.4137,15664.0000
2026-05-06,246.1688,123.1000,118.7300,3.6806,1748.0000,400,2,246.1688,-11715.2448,17412.0000
2026-05-07,330.2192,125.3400,123.1000,1.8197,896.0000,400,2,330.2192,-11385.0256,18308.0000
2026-05-08,0.0000,120.3100,125.3400,-4.0131,-2012.0000,400,0,0.0000,-11385.0256,16296.0000
2026-05-11,0.0000,122.5200,120.3100,1.8369,884.0000,400,0,0.0000,-11385.0256,17180.0000
2026-05-12,235.2143,121.9800,122.5200,-0.4407,-216.0000,400,2,235.2143,-11149.8113,16964.0000
2026-05-13,-322.7370,121.8600,121.9800,-0.0984,-48.0000,400,2,-322.7370,-11472.5483,16916.0000
2026-05-14,487.5756,117.9000,121.8600,-3.2496,-1584.0000,400,2,487.5756,-10984.9727,15332.0000
2026-05-15,1095.9854,119.0200,117.9000,0.9500,448.0000,400,4,1095.9854,-9888.9873,15780.0000
2026-05-18,0.0000,117.6200,119.0200,-1.1763,-560.0000,400,0,0.0000,-9888.9873,15220.0000
2026-05-19,0.0000,118.8200,117.6200,1.0202,480.0000,400,0,0.0000,-9888.9873,15700.0000
2026-05-20,-310.0573,133.8100,118.8200,12.6157,5996.0000,400,2,-310.0573,-10199.0446,21696.0000
2026-05-21,-424.2461,127.2200,133.8100,-4.9249,-2636.0000,400,2,-424.2461,-10623.2907,19060.0000
2026-05-22,0.0000,131.3300,127.2200,3.2306,1644.0000,400,0,0.0000,-10623.2907,20704.0000
2026-05-25,-589.5685,156.0000,131.3300,18.7847,9868.0000,400,2,-589.5685,-11212.8592,30572.0000
2026-05-26,0.0000,149.1800,156.0000,-4.3718,-2728.0000,400,0,0.0000,-11212.8592,27844.0000
2026-05-27,82.2920,146.2200,149.1800,-1.9842,-1184.0000,400,2,82.2920,-11130.5671,26660.0000
2026-05-28,0.0000,153.7000,146.2200,5.1156,2992.0000,400,0,0.0000,-11130.5671,29652.0000
2026-05-29,0.0000,139.9100,153.7000,-8.9720,-5516.0000,400,0,0.0000,-11130.5671,24136.0000
2026-06-01,0.0000,132.4400,139.9100,-5.3391,-2988.0000,400,0,0.0000,-11130.5671,21148.0000
2026-06-02,0.0000,132.4800,132.4400,0.0302,16.0000,400,0,0.0000,-11130.5671,21164.0000
2026-06-03,0.0000,134.0000,132.4800,1.1473,608.0000,400,0,0.0000,-11130.5671,21772.0000
2026-06-04,0.0000,134.8800,134.0000,0.6567,352.0000,400,0,0.0000,-11130.5671,22124.0000
2026-06-05,692.7553,127.4000,134.8800,-5.5457,-2992.0000,400,2,692.7553,-10437.8118,19132.0000
2026-06-08,0.0000,121.9200,127.4000,-4.3014,-2192.0000,400,0,0.0000,-10437.8118,16940.0000
2026-06-09,0.0000,127.3000,121.9200,4.4127,2152.0000,400,0,0.0000,-10437.8118,19092.0000
2026-06-10,0.0000,125.3400,127.3000,-1.5397,-784.0000,400,0,0.0000,-10437.8118,18308.0000
2026-06-11,0.0000,127.4000,125.3400,1.6435,824.0000,400,0,0.0000,-10437.8118,19132.0000
2026-06-12,-327.7988,124.8800,127.4000,-1.9780,-1008.0000,400,2,-327.7988,-10765.6107,18124.0000
2026-06-15,0.0000,130.5200,124.8800,4.5163,2256.0000,400,0,0.0000,-10765.6107,20380.0000
2026-06-16,0.0000,130.1400,130.5200,-0.2911,-152.0000,400,0,0.0000,-10765.6107,20228.0000
2026-06-17,-287.2343,134.7000,130.1400,3.5039,1824.0000,400,2,-287.2343,-11052.8449,22052.0000
2026-06-18,-530.6354,140.7000,134.7000,4.4543,2400.0000,400,2,-530.6354,-11583.4804,24452.0000
2026-06-22,0.0000,145.5900,140.7000,3.4755,1956.0000,400,0,0.0000,-11583.4804,26408.0000
2026-06-23,231.2750,141.7000,145.5900,-2.6719,-1556.0000,400,2,231.2750,-11352.2053,24852.0000
2026-06-24,-758.9300,151.5300,141.7000,6.9372,3932.0000,400,2,-758.9300,-12111.1354,28784.0000
2026-06-25,0.0000,156.8600,151.5300,3.5175,2132.0000,400,0,0.0000,-12111.1354,30916.0000
2026-06-26,0.0000,148.7600,156.8600,-5.1638,-3240.0000,400,0,0.0000,-12111.1354,27676.0000
2026-06-29,832.2626,151.0000,148.7600,1.5058,896.0000,400,2,832.2626,-11278.8727,28572.0000
2026-06-30,0.0000,158.8200,151.0000,5.1788,3128.0000,400,0,0.0000,-11278.8727,31700.0000
2026-07-01,-495.7223,154.4800,158.8200,-2.7327,-1736.0000,400,2,-495.7223,-11774.5950,29964.0000
2026-07-02,0.0000,144.1000,154.4800,-6.7193,-4152.0000,400,0,0.0000,-11774.5950,25812.0000
2026-07-03,0.0000,140.3100,144.1000,-2.6301,-1516.0000,400,0,0.0000,-11774.5950,24296.0000
2026-07-06,402.2916,143.9900,140.3100,2.6228,1472.0000,400,2,402.2916,-11372.3034,25768.0000
2026-07-07,0.0000,145.4200,143.9900,0.9931,572.0000,400,0,0.0000,-11372.3034,26340.0000
2026-07-08,436.6710,152.1000,145.4200,4.5936,2672.0000,400,2,436.6710,-10935.6324,29012.0000
2026-07-09,-559.7498,173.0000,152.1000,13.7410,8360.0000,400,2,-559.7498,-11495.3823,37372.0000
2026-07-10,0.0000,163.0200,173.0000,-5.7688,-3992.0000,400,0,0.0000,-11495.3823,33380.0000
2026-07-13,0.0000,163.5800,163.0200,0.3435,224.0000,400,0,0.0000,-11495.3823,33604.0000
2026-07-14,0.0000,160.9900,163.5800,-1.5833,-1036.0000,400,0,0.0000,-11495.3823,32568.0000
2026-07-15,0.0000,153.6400,160.9900,-4.5655,-2940.0000,400,0,0.0000,-11495.3823,29628.0000
2026-07-16,0.0000,151.8000,153.6400,-1.1976,-736.0000,400,0,0.0000,-11495.3823,28892.0000
2026-07-17,0.0000,139.8800,151.8000,-7.8524,-4768.0000,400,0,0.0000,-11495.3823,24124.0000
2026-07-20,0.0000,144.0000,139.8800,2.9454,1648.0000,400,0,0.0000,-11495.3823,25772.0000
2026-07-21,-621.7999,160.0000,144.0000,11.1111,6400.0000,400,2,-621.7999,-12117.1822,32172.0000
2026-07-22,0.0000,155.5900,160.0000,-2.7563,-1764.0000,400,0,0.0000,-12117.1822,30408.0000
2026-07-23,0.0000,145.0900,155.5900,-6.7485,-4200.0000,400,0,0.0000,-12117.1822,26208.0000
2026-07-24,0.0000,143.7300,145.0900,-0.9373,-544.0000,400,0,0.0000,-12117.1822,25664.0000
2026-07-27,0.0000,143.7700,143.7300,0.0278,16.0000,400,0,0.0000,-12117.1822,25680.0000
2026-07-28,0.0000,136.7000,143.7700,-4.9176,-2828.0000,400,0,0.0000,-12117.1822,22852.0000
2026-07-29,0.0000,130.9000,136.7000,-4.2429,-2320.0000,400,0,0.0000,-12117.1822,20532.0000
2026-07-30,0.0000,122.9900,130.9000,-6.0428,-3164.0000,400,0,0.0000,-12117.1822,17368.0000
2026-07-31,-431.5627,123.9900,122.9900,0.8131,400.0000,400,2,-431.5627,-12548.7449,17768.0000
2026-08-03,0.0000,116.5000,123.9900,-6.0408,-2996.0000,400,0,0.0000,-12548.7449,14772.0000
2026-08-04,0.0000,121.1000,116.5000,3.9485,1840.0000,400,0,0.0000,-12548.7449,16612.0000
2026-08-05,0.0000,125.4500,121.1000,3.5921,1740.0000,400,0,0.0000,-12548.7449,18352.0000
2026-08-06,0.0000,124.1500,125.4500,-1.0363,-520.0000,400,0,0.0000,-12548.7449,17832.0000
2026-08-07,0.0000,128.5000,124.1500,3.5038,1740.0000,400,0,0.0000,-12548.7449,19572.0000
2026-08-10,0.0000,126.2500,128.5000,-1.7510,-900.0000,400,0,0.0000,-12548.7449,18672.0000
2026-08-11,0.0000,125.4100,126.2500,-0.6653,-336.0000,400,0,0.0000,-12548.7449,18336.0000
2026-08-12,0.0000,127.9600,125.4100,2.0333,1020.0000,400,0,0.0000,-12548.7449,19356.0000
2026-08-13,0.0000,129.4400,127.9600,1.1566,592.0000,400,0,0.0000,-12548.7449,19948.0000
2026-08-14,459.0025,132.8700,129.4400,2.6499,1372.0000,400,2,459.0025,-12089.7424,21320.0000
2026-08-17,-313.8020,136.7600,132.8700,2.9277,1556.0000,400,2,-313.8020,-12403.5444,22876.0000
2026-08-18,0.0000,134.9800,136.7600,-1.3016,-712.0000,400,0,0.0000,-12403.5444,22164.0000
2026-08-19,251.9725,128.0100,134.9800,-5.1637,-2788.0000,400,2,251.9725,-12151.5719,19376.0000
2026-08-20,0.0000,125.5000,128.0100,-1.9608,-1004.0000,400,0,0.0000,-12151.5719,18372.0000
2026-08-21,0.0000,124.8000,125.5000,-0.5578,-280.0000,400,0,0.0000,-12151.5719,18092.0000
2026-08-24,331.5269,120.5800,124.8000,-3.3814,-1688.0000,400,2,331.5269,-11820.0450,16404.0000
2026-08-25,0.0000,120.0000,120.5800,-0.4810,-232.0000,400,0,0.0000,-11820.0450,16172.0000
2026-08-26,0.0000,124.1500,120.0000,3.4583,1660.0000,400,0,0.0000,-11820.0450,17832.0000
2026-08-27,0.0000,126.3300,124.1500,1.7559,872.0000,400,0,0.0000,-11820.0450,18704.0000
2026-08-28,0.0000,125.8800,126.3300,-0.3562,-180.0000,400,0,0.0000,-11820.0450,18524.0000
2026-08-31,-229.9121,128.7000,125.8800,2.2402,1128.0000,400,2,-229.9121,-12049.9571,19652.0000
2026-09-01,0.0000,126.1100,128.7000,-2.0124,-1036.0000,400,0,0.0000,-12049.9571,18616.0000
2026-09-02,0.0000,122.5500,126.1100,-2.8229,-1424.0000,400,0,0.0000,-12049.9571,17192.0000
2026-09-03,0.0000,123.8700,122.5500,1.0771,528.0000,400,0,0.0000,-12049.9571,17720.0000
2026-09-04,0.0000,121.1400,123.8700,-2.2039,-1092.0000,400,0,0.0000,-12049.9571,16628.0000
2026-09-07,0.0000,124.1200,121.1400,2.4600,1192.0000,400,0,0.0000,-12049.9571,17820.0000
2026-09-08,0.0000,121.5200,124.1200,-2.0947,-1040.0000,400,0,0.0000,-12049.9571,16780.0000
2026-09-09,0.0000,120.5100,121.5200,-0.8311,-404.0000,400,0,0.0000,-12049.9571,16376.0000
2026-09-10,0.0000,119.1800,120.5100,-1.1036,-532.0000,400,0,0.0000,-12049.9571,15844.0000
2026-09-11,0.0000,117.4100,119.1800,-1.4851,-708.0000,400,0,0.0000,-12049.9571,15136.0000
2026-09-14,0.0000,114.0700,117.4100,-2.8447,-1336.0000,400,0,0.0000,-12049.9571,13800.0000
2026-09-15,316.1939,114.8600,114.0700,0.6926,316.0000,400,2,316.1939,-11733.7632,14116.0000
2026-09-16,-202.2468,120.9000,114.8600,5.2586,2416.0000,400,2,-202.2468,-11936.0100,16532.0000
2026-09-17,0.0000,118.6200,120.9000,-1.8859,-912.0000,400,0,0.0000,-11936.0100,15620.0000
2026-09-18,312.9326,122.0000,118.6200,2.8494,1352.0000,400,2,312.9326,-11623.0774,16972.0000
2026-09-21,0.0000,122.0100,122.0000,0.0082,4.0000,400,0,0.0000,-11623.0774,16976.0000
2026-09-22,-46.9223,122.4100,122.0100,0.3278,160.0000,400,2,-46.9223,-11669.9997,17136.0000
2026-09-23,0.0000,121.3900,122.4100,-0.8333,-408.0000,400,0,0.0000,-11669.9997,16728.0000
2026-09-24,0.0000,119.9800,121.3900,-1.1615,-564.0000,400,0,0.0000,-11669.9997,16164.0000
