family,config,strategy,params,code,name,period,net,gross,fees,slip,turnover,trips,wins,mdd,bench,rejects,overnight,pure_gross
grid,grid#00,grid,"{""mode"": ""pct"", ""spacing"": 0.01, ""anchor"": ""open""}",sh.688981,中芯国际,样本内,-37791.24,-12492.00,25299.24,5294.00,27318280.00,1094,515,-37910.04,-12116.00,0,0,-7198.00
grid,grid#00,grid,"{""mode"": ""pct"", ""spacing"": 0.01, ""anchor"": ""open""}",sh.688981,中芯国际,样本外,-40401.92,-21290.00,19111.92,7350.00,36276894.00,689,441,-43558.33,28280.00,2,1,-13940.00
grid,grid#00,grid,"{""mode"": ""pct"", ""spacing"": 0.01, ""anchor"": ""open""}",sh.688099,晶晨股份,样本内,-61210.10,3364.26,64574.36,17185.08,87627650.70,1401,937,-61618.67,4686.84,0,0,20549.34
grid,grid#00,grid,"{""mode"": ""pct"", ""spacing"": 0.01, ""anchor"": ""open""}",sh.688099,晶晨股份,样本外,-37147.48,-13990.02,23157.46,9021.18,44980221.06,759,532,-44632.05,14319.96,0,0,-4968.84
grid,grid#00,grid,"{""mode"": ""pct"", ""spacing"": 0.01, ""anchor"": ""open""}",sz.300033,同花顺,样本内,-61657.29,-24985.00,36672.29,8728.00,43643663.00,1341,814,-61963.49,-9618.00,0,0,-16257.00
grid,grid#00,grid,"{""mode"": ""pct"", ""spacing"": 0.01, ""anchor"": ""open""}",sz.300033,同花顺,样本外,-80834.51,-54723.00,26111.51,10072.00,50608245.00,724,482,-81437.48,40590.00,2,1,-44651.00
grid,grid#00,grid,"{""mode"": ""pct"", ""spacing"": 0.01, ""anchor"": ""open""}",sh.603369,今世缘,样本内,-62958.11,-11580.00,51378.11,13776.00,71047460.00,1352,879,-64166.29,3624.00,6,3,2196.00
grid,grid#00,grid,"{""mode"": ""pct"", ""spacing"": 0.01, ""anchor"": ""open""}",sh.603369,今世缘,样本外,-33881.69,-20668.00,13213.69,5908.00,22796012.00,604,318,-34420.57,-13784.00,10,5,-14760.00
grid,grid#00,grid,"{""mode"": ""pct"", ""spacing"": 0.01, ""anchor"": ""open""}",sz.000596,古井贡酒,样本内,-61251.53,-2692.00,58559.53,16348.00,81888772.00,1346,895,-61643.12,1058.00,12,6,13656.00
grid,grid#00,grid,"{""mode"": ""pct"", ""spacing"": 0.01, ""anchor"": ""open""}",sz.000596,古井贡酒,样本外,-28294.56,-13308.00,14986.56,5024.00,25052360.00,688,403,-28782.35,-17386.00,10,5,-8284.00
grid,grid#01,grid,"{""mode"": ""pct"", ""spacing"": 0.01, ""anchor"": ""vwap""}",sh.688981,中芯国际,样本内,-19606.55,-3654.00,15952.55,3296.00,17180094.00,762,293,-19851.53,-12116.00,0,0,-358.00
grid,grid#01,grid,"{""mode"": ""pct"", ""spacing"": 0.01, ""anchor"": ""vwap""}",sh.688981,中芯国际,样本外,-13683.11,1752.00,15435.11,5956.00,29476212.00,633,349,-18072.35,28280.00,0,0,7708.00
grid,grid#01,grid,"{""mode"": ""pct"", ""spacing"": 0.01, ""anchor"": ""vwap""}",sh.688099,晶晨股份,样本内,-84187.61,-26400.84,57786.77,15301.32,77994330.48,1476,710,-84547.50,4686.84,0,0,-11099.52
grid,grid#01,grid,"{""mode"": ""pct"", ""spacing"": 0.01, ""anchor"": ""vwap""}",sh.688099,晶晨股份,样本外,-16444.96,3417.84,19862.80,7842.42,38610842.16,746,424,-19329.31,14319.96,0,0,11260.26
grid,grid#01,grid,"{""mode"": ""pct"", ""spacing"": 0.01, ""anchor"": ""vwap""}",sz.300033,同花顺,样本内,-25410.62,4308.00,29718.62,7041.00,35238396.00,1248,605,-25545.49,-9618.00,0,0,11349.00
grid,grid#01,grid,"{""mode"": ""pct"", ""spacing"": 0.01, ""anchor"": ""vwap""}",sz.300033,同花顺,样本外,-31503.51,-11225.00,20278.51,7838.00,39327055.00,659,375,-33153.57,40590.00,14,1,-3387.00
grid,grid#01,grid,"{""mode"": ""pct"", ""spacing"": 0.01, ""anchor"": ""vwap""}",sh.603369,今世缘,样本内,-40467.07,-184.00,40283.07,10592.00,54590248.00,1241,591,-40635.97,3624.00,6,3,10408.00
grid,grid#01,grid,"{""mode"": ""pct"", ""spacing"": 0.01, ""anchor"": ""vwap""}",sh.603369,今世缘,样本外,-10221.74,-2164.00,8057.74,3584.00,13655564.00,417,188,-10230.55,-13784.00,2,1,1420.00
grid,grid#01,grid,"{""mode"": ""pct"", ""spacing"": 0.01, ""anchor"": ""vwap""}",sz.000596,古井贡酒,样本内,-46957.34,405.00,47362.34,12980.00,64965415.00,1276,639,-48710.87,1058.00,33,4,13385.00
grid,grid#01,grid,"{""mode"": ""pct"", ""spacing"": 0.01, ""anchor"": ""vwap""}",sz.000596,古井贡酒,样本外,-7763.55,1891.00,9654.54,3210.00,16025375.00,517,229,-8375.31,-17386.00,4,2,5101.00
grid,grid#02,grid,"{""mode"": ""pct"", ""spacing"": 0.015, ""anchor"": ""open""}",sh.688981,中芯国际,样本内,-24029.22,-6772.00,17257.22,3570.00,18676964.00,760,396,-24054.75,-12116.00,0,0,-3202.00
grid,grid#02,grid,"{""mode"": ""pct"", ""spacing"": 0.015, ""anchor"": ""open""}",sh.688981,中芯国际,样本外,-19049.46,-3656.00,15393.46,5910.00,29317664.00,572,377,-23019.81,28280.00,0,0,2254.00
grid,grid#02,grid,"{""mode"": ""pct"", ""spacing"": 0.015, ""anchor"": ""open""}",sh.688099,晶晨股份,样本内,-40992.72,15938.64,56931.36,15061.62,76797330.72,1296,869,-45362.40,4686.84,0,0,31000.26
grid,grid#02,grid,"{""mode"": ""pct"", ""spacing"": 0.015, ""anchor"": ""open""}",sh.688099,晶晨股份,样本外,-28755.96,-9176.28,19579.68,7704.24,38051438.76,666,458,-40117.94,14319.96,0,0,-1472.04
grid,grid#02,grid,"{""mode"": ""pct"", ""spacing"": 0.015, ""anchor"": ""open""}",sz.300033,同花顺,样本内,-45822.49,-15638.00,30184.49,7203.00,36063754.00,1169,713,-46690.52,-9618.00,0,0,-8435.00
grid,grid#02,grid,"{""mode"": ""pct"", ""spacing"": 0.015, ""anchor"": ""open""}",sz.300033,同花顺,样本外,-59905.89,-38855.00,21050.89,8143.00,40895725.00,612,432,-62706.15,40590.00,4,2,-30712.00
grid,grid#02,grid,"{""mode"": ""pct"", ""spacing"": 0.015, ""anchor"": ""open""}",sh.603369,今世缘,样本内,-40827.94,-428.00,40399.94,10704.00,55285988.00,1131,718,-43712.76,3624.00,6,3,10276.00
grid,grid#02,grid,"{""mode"": ""pct"", ""spacing"": 0.015, ""anchor"": ""open""}",sh.603369,今世缘,样本外,-20310.01,-11100.00,9210.01,4132.00,15732348.00,447,230,-20457.06,-13784.00,10,5,-6968.00
grid,grid#02,grid,"{""mode"": ""pct"", ""spacing"": 0.015, ""anchor"": ""open""}",sz.000596,古井贡酒,样本内,-38126.85,8995.00,47121.85,13035.00,65181511.00,1150,771,-38969.19,1058.00,12,6,22030.00
grid,grid#02,grid,"{""mode"": ""pct"", ""spacing"": 0.015, ""anchor"": ""open""}",sz.000596,古井贡酒,样本外,-22654.69,-11944.00,10710.69,3562.00,17792754.00,532,314,-22759.04,-17386.00,10,5,-8382.00
grid,grid#03,grid,"{""mode"": ""pct"", ""spacing"": 0.015, ""anchor"": ""vwap""}",sh.688981,中芯国际,样本内,-9115.34,-1702.00,7413.34,1508.00,8115314.00,352,153,-9176.20,-12116.00,0,0,-194.00
grid,grid#03,grid,"{""mode"": ""pct"", ""spacing"": 0.015, ""anchor"": ""vwap""}",sh.688981,中芯国际,样本外,-6319.03,3616.00,9935.03,3882.00,19056856.00,397,245,-8082.02,28280.00,2,1,7498.00
grid,grid#03,grid,"{""mode"": ""pct"", ""spacing"": 0.015, ""anchor"": ""vwap""}",sh.688099,晶晨股份,样本内,-41915.05,-2123.46,39791.59,10527.06,53095464.78,1025,519,-41978.71,4686.84,0,0,8403.60
grid,grid#03,grid,"{""mode"": ""pct"", ""spacing"": 0.015, ""anchor"": ""vwap""}",sh.688099,晶晨股份,样本外,-10210.38,3020.22,13230.60,5273.40,25756596.90,497,272,-11919.93,14319.96,0,0,8293.62
grid,grid#03,grid,"{""mode"": ""pct"", ""spacing"": 0.015, ""anchor"": ""vwap""}",sz.300033,同花顺,样本内,-19098.15,-1165.00,17933.15,4296.00,21489505.00,745,379,-19252.52,-9618.00,0,0,3131.00
grid,grid#03,grid,"{""mode"": ""pct"", ""spacing"": 0.015, ""anchor"": ""vwap""}",sz.300033,同花顺,样本外,-25499.80,-13402.00,12097.80,4706.00,23494322.00,403,243,-25718.19,40590.00,2,1,-8696.00
grid,grid#03,grid,"{""mode"": ""pct"", ""spacing"": 0.015, ""anchor"": ""vwap""}",sh.603369,今世缘,样本内,-17545.27,3740.00,21285.27,5468.00,28351124.00,657,306,-19197.40,3624.00,16,1,9208.00
grid,grid#03,grid,"{""mode"": ""pct"", ""spacing"": 0.015, ""anchor"": ""vwap""}",sh.603369,今世缘,样本外,-2756.56,924.00,3680.56,1640.00,6204508.00,198,99,-3869.75,-13784.00,2,1,2564.00
grid,grid#03,grid,"{""mode"": ""pct"", ""spacing"": 0.015, ""anchor"": ""vwap""}",sz.000596,古井贡酒,样本内,-19087.01,7614.00,26701.01,7181.00,35890396.00,749,383,-21420.11,1058.00,4,2,14795.00
grid,grid#03,grid,"{""mode"": ""pct"", ""spacing"": 0.015, ""anchor"": ""vwap""}",sz.000596,古井贡酒,样本外,1465.80,6111.00,4645.20,1543.00,7737077.00,250,138,-2226.52,-17386.00,23,2,7654.00
grid,grid#04,grid,"{""mode"": ""pct"", ""spacing"": 0.02, ""anchor"": ""open""}",sh.688981,中芯国际,样本内,-18511.84,-7282.00,11229.84,2316.00,12209522.00,503,257,-18511.84,-12116.00,0,0,-4966.00
grid,grid#04,grid,"{""mode"": ""pct"", ""spacing"": 0.02, ""anchor"": ""open""}",sh.688981,中芯国际,样本外,-15365.17,-3488.00,11877.17,4620.00,22809204.00,445,312,-19343.76,28280.00,0,0,1132.00
grid,grid#04,grid,"{""mode"": ""pct"", ""spacing"": 0.02, ""anchor"": ""open""}",sh.688099,晶晨股份,样本内,-29745.24,17895.72,47640.96,12594.12,64044613.92,1132,756,-34978.39,4686.84,0,0,30489.84
grid,grid#04,grid,"{""mode"": ""pct"", ""spacing"": 0.02, ""anchor"": ""open""}",sh.688099,晶晨股份,样本外,-17059.40,-1562.28,15497.12,6127.86,30117662.04,548,375,-25379.17,14319.96,0,0,4565.58
grid,grid#04,grid,"{""mode"": ""pct"", ""spacing"": 0.02, ""anchor"": ""open""}",sz.300033,同花顺,样本内,-31799.35,-9187.00,22612.35,5438.00,27132199.00,894,584,-32335.99,-9618.00,0,0,-3749.00
grid,grid#04,grid,"{""mode"": ""pct"", ""spacing"": 0.02, ""anchor"": ""open""}",sz.300033,同花顺,样本外,-48014.59,-31911.00,16103.59,6228.00,31266039.00,492,351,-48319.18,40590.00,4,2,-25683.00
grid,grid#04,grid,"{""mode"": ""pct"", ""spacing"": 0.02, ""anchor"": ""open""}",sh.603369,今世缘,样本内,-24703.92,6152.00,30855.92,8092.00,41760224.00,879,558,-27178.96,3624.00,6,3,14244.00
grid,grid#04,grid,"{""mode"": ""pct"", ""spacing"": 0.02, ""anchor"": ""open""}",sh.603369,今世缘,样本外,-14989.98,-8976.00,6013.98,2684.00,10222688.00,284,151,-14998.50,-13784.00,10,5,-6292.00
grid,grid#04,grid,"{""mode"": ""pct"", ""spacing"": 0.02, ""anchor"": ""open""}",sz.000596,古井贡酒,样本内,-30867.22,4127.00,34994.22,9587.00,47885627.00,886,594,-32070.98,1058.00,12,6,13714.00
grid,grid#04,grid,"{""mode"": ""pct"", ""spacing"": 0.02, ""anchor"": ""open""}",sz.000596,古井贡酒,样本外,-11700.81,-4327.00,7373.81,2443.00,12237855.00,375,233,-11906.04,-17386.00,10,5,-1884.00
grid,grid#05,grid,"{""mode"": ""pct"", ""spacing"": 0.02, ""anchor"": ""vwap""}",sh.688981,中芯国际,样本内,-3654.45,30.00,3684.45,748.00,4025830.00,176,87,-4459.03,-12116.00,0,0,778.00
grid,grid#05,grid,"{""mode"": ""pct"", ""spacing"": 0.02, ""anchor"": ""vwap""}",sh.688981,中芯国际,样本外,-3788.38,2340.00,6128.38,2394.00,11835828.00,249,154,-7529.91,28280.00,2,1,4734.00
grid,grid#05,grid,"{""mode"": ""pct"", ""spacing"": 0.02, ""anchor"": ""vwap""}",sh.688099,晶晨股份,样本内,-20661.85,3400.92,24062.77,6313.98,31887110.52,619,336,-23540.10,4686.84,0,0,9714.90
grid,grid#05,grid,"{""mode"": ""pct"", ""spacing"": 0.02, ""anchor"": ""vwap""}",sh.688099,晶晨股份,样本外,-1383.90,6663.66,8047.56,3206.34,15699563.22,301,170,-5625.00,14319.96,0,0,9870.00
grid,grid#05,grid,"{""mode"": ""pct"", ""spacing"": 0.02, ""anchor"": ""vwap""}",sz.300033,同花顺,样本内,-10607.65,-514.00,10093.65,2477.00,12307538.00,410,215,-11192.68,-9618.00,0,0,1963.00
grid,grid#05,grid,"{""mode"": ""pct"", ""spacing"": 0.02, ""anchor"": ""vwap""}",sz.300033,同花顺,样本外,-15467.59,-8118.00,7349.59,2845.00,14214030.00,247,159,-15736.92,40590.00,4,2,-5273.00
grid,grid#05,grid,"{""mode"": ""pct"", ""spacing"": 0.02, ""anchor"": ""vwap""}",sh.603369,今世缘,样本内,-4648.89,5440.00,10088.89,2560.00,13370552.00,316,158,-7222.76,3624.00,4,2,8000.00
grid,grid#05,grid,"{""mode"": ""pct"", ""spacing"": 0.02, ""anchor"": ""vwap""}",sh.603369,今世缘,样本外,-2788.58,-844.00,1944.58,864.00,3302036.00,104,56,-2905.30,-13784.00,4,2,20.00
grid,grid#05,grid,"{""mode"": ""pct"", ""spacing"": 0.02, ""anchor"": ""vwap""}",sz.000596,古井贡酒,样本内,-4827.28,9551.00,14378.28,3802.00,19028951.00,401,207,-9138.09,1058.00,4,2,13353.00
grid,grid#05,grid,"{""mode"": ""pct"", ""spacing"": 0.02, ""anchor"": ""vwap""}",sz.000596,古井贡酒,样本外,1357.29,3270.00,1912.71,632.00,3144508.00,107,57,-1084.14,-17386.00,6,3,3902.00
grid,grid#06,grid,"{""mode"": ""atr"", ""spacing"": 3, ""anchor"": ""open""}",sh.688981,中芯国际,样本内,-41536.94,-13852.00,27684.94,5802.00,29550700.00,1210,557,-41552.43,-12116.00,0,0,-8050.00
grid,grid#06,grid,"{""mode"": ""atr"", ""spacing"": 3, ""anchor"": ""open""}",sh.688981,中芯国际,样本外,-31803.59,-14320.00,17483.59,6716.00,32964448.00,675,438,-35424.74,28280.00,2,1,-7604.00
grid,grid#06,grid,"{""mode"": ""atr"", ""spacing"": 3, ""anchor"": ""open""}",sh.688099,晶晨股份,样本内,-40164.11,8657.40,48821.51,12943.80,66341030.16,1200,794,-42441.18,4686.84,0,0,21601.20
grid,grid#06,grid,"{""mode"": ""atr"", ""spacing"": 3, ""anchor"": ""open""}",sh.688099,晶晨股份,样本外,-27142.47,-7904.46,19238.01,7492.74,37360874.34,684,456,-31825.50,14319.96,0,0,-411.72
grid,grid#06,grid,"{""mode"": ""atr"", ""spacing"": 3, ""anchor"": ""open""}",sz.300033,同花顺,样本内,-48513.26,-17080.00,31433.26,7451.00,37249492.00,1233,733,-48581.60,-9618.00,0,0,-9629.00
grid,grid#06,grid,"{""mode"": ""atr"", ""spacing"": 3, ""anchor"": ""open""}",sz.300033,同花顺,样本外,-63626.11,-41201.00,22425.11,8630.00,43406897.00,657,444,-64690.80,40590.00,4,2,-32571.00
grid,grid#06,grid,"{""mode"": ""atr"", ""spacing"": 3, ""anchor"": ""open""}",sh.603369,今世缘,样本内,-52311.01,-8524.00,43787.01,11832.00,61047796.00,1226,784,-54232.44,3624.00,6,3,3308.00
grid,grid#06,grid,"{""mode"": ""atr"", ""spacing"": 3, ""anchor"": ""open""}",sh.603369,今世缘,样本外,-30950.58,-16740.00,14210.58,6380.00,24373492.00,657,325,-31149.78,-13784.00,10,5,-10360.00
grid,grid#06,grid,"{""mode"": ""atr"", ""spacing"": 3, ""anchor"": ""open""}",sz.000596,古井贡酒,样本内,-46807.26,345.00,47152.26,13294.00,66718653.00,1166,738,-46952.67,1058.00,12,6,13639.00
grid,grid#06,grid,"{""mode"": ""atr"", ""spacing"": 3, ""anchor"": ""open""}",sz.000596,古井贡酒,样本外,-26734.81,-11872.00,14862.81,4970.00,24795650.00,707,419,-27140.63,-17386.00,10,5,-6902.00
grid,grid#07,grid,"{""mode"": ""atr"", ""spacing"": 3, ""anchor"": ""vwap""}",sh.688981,中芯国际,样本内,-21480.98,-4590.00,16890.98,3496.00,17850414.00,831,264,-21687.29,-12116.00,0,0,-1094.00
grid,grid#07,grid,"{""mode"": ""atr"", ""spacing"": 3, ""anchor"": ""vwap""}",sh.688981,中芯国际,样本外,-15781.40,-4466.00,11315.40,4356.00,21348006.00,484,230,-18146.27,28280.00,2,1,-110.00
grid,grid#07,grid,"{""mode"": ""atr"", ""spacing"": 3, ""anchor"": ""vwap""}",sh.688099,晶晨股份,样本内,-16425.89,7661.94,24087.83,6364.74,32616184.86,673,361,-18668.70,4686.84,0,0,14026.68
grid,grid#07,grid,"{""mode"": ""atr"", ""spacing"": 3, ""anchor"": ""vwap""}",sh.688099,晶晨股份,样本外,-6163.16,4810.92,10974.08,4297.68,21319600.44,436,231,-7490.33,14319.96,0,0,9108.60
grid,grid#07,grid,"{""mode"": ""atr"", ""spacing"": 3, ""anchor"": ""vwap""}",sz.300033,同花顺,样本内,-22971.19,-4850.00,18121.19,4272.00,21343940.00,806,359,-23178.68,-9618.00,0,0,-578.00
grid,grid#07,grid,"{""mode"": ""atr"", ""spacing"": 3, ""anchor"": ""vwap""}",sz.300033,同花顺,样本外,-24588.54,-11929.00,12659.54,4864.00,24413489.00,428,235,-25047.58,40590.00,0,0,-7065.00
grid,grid#07,grid,"{""mode"": ""atr"", ""spacing"": 3, ""anchor"": ""vwap""}",sh.603369,今世缘,样本内,-19164.85,4064.00,23228.85,6272.00,32421480.00,763,338,-20645.95,3624.00,2,1,10336.00
grid,grid#07,grid,"{""mode"": ""atr"", ""spacing"": 3, ""anchor"": ""vwap""}",sh.603369,今世缘,样本外,-11902.05,-3312.00,8590.05,3856.00,14433800.00,454,148,-11914.45,-13784.00,0,0,544.00
grid,grid#07,grid,"{""mode"": ""atr"", ""spacing"": 3, ""anchor"": ""vwap""}",sz.000596,古井贡酒,样本内,-17395.24,9462.00,26857.24,7516.00,37835170.00,771,376,-19756.33,1058.00,4,2,16978.00
grid,grid#07,grid,"{""mode"": ""atr"", ""spacing"": 3, ""anchor"": ""vwap""}",sz.000596,古井贡酒,样本外,-10277.38,-1663.00,8614.38,2807.00,14071655.00,465,194,-10277.38,-17386.00,8,4,1144.00
grid,grid#08,grid,"{""mode"": ""atr"", ""spacing"": 5, ""anchor"": ""open""}",sh.688981,中芯国际,样本内,-22168.35,-7074.00,15094.35,3140.00,16088642.00,692,307,-22168.35,-12116.00,0,0,-3934.00
grid,grid#08,grid,"{""mode"": ""atr"", ""spacing"": 5, ""anchor"": ""open""}",sh.688981,中芯国际,样本外,-22172.42,-11878.00,10294.42,3950.00,19418470.00,429,267,-25168.06,28280.00,2,1,-7928.00
grid,grid#08,grid,"{""mode"": ""atr"", ""spacing"": 5, ""anchor"": ""open""}",sh.688099,晶晨股份,样本内,-8020.67,16113.48,24134.15,6429.60,32750994.96,653,445,-12866.90,4686.84,0,0,22543.08
grid,grid#08,grid,"{""mode"": ""atr"", ""spacing"": 5, ""anchor"": ""open""}",sh.688099,晶晨股份,样本外,-4099.99,6057.36,10157.35,3993.12,19739734.92,380,250,-8374.41,14319.96,0,0,10050.48
grid,grid#08,grid,"{""mode"": ""atr"", ""spacing"": 5, ""anchor"": ""open""}",sz.300033,同花顺,样本内,-20890.61,-3543.00,17347.61,4111.00,20582061.00,731,433,-21576.35,-9618.00,0,0,568.00
grid,grid#08,grid,"{""mode"": ""atr"", ""spacing"": 5, ""anchor"": ""open""}",sz.300033,同花顺,样本外,-45884.27,-33406.00,12478.27,4798.00,24150228.00,386,251,-46685.05,40590.00,2,1,-28608.00
grid,grid#08,grid,"{""mode"": ""atr"", ""spacing"": 5, ""anchor"": ""open""}",sh.603369,今世缘,样本内,-25451.27,-856.00,24595.27,6604.00,34131120.00,744,454,-27074.10,3624.00,6,3,5748.00
grid,grid#08,grid,"{""mode"": ""atr"", ""spacing"": 5, ""anchor"": ""open""}",sh.603369,今世缘,样本外,-17197.93,-8916.00,8281.93,3708.00,14100588.00,404,191,-17214.44,-13784.00,8,4,-5208.00
grid,grid#08,grid,"{""mode"": ""atr"", ""spacing"": 5, ""anchor"": ""open""}",sz.000596,古井贡酒,样本内,-17768.79,7924.00,25692.79,7256.00,36517604.00,682,433,-22208.27,1058.00,12,6,15180.00
grid,grid#08,grid,"{""mode"": ""atr"", ""spacing"": 5, ""anchor"": ""open""}",sz.000596,古井贡酒,样本外,-17031.32,-8542.00,8489.32,2800.00,14050716.00,422,239,-17138.02,-17386.00,10,5,-5742.00
grid,grid#09,grid,"{""mode"": ""atr"", ""spacing"": 5, ""anchor"": ""vwap""}",sh.688981,中芯国际,样本内,-7119.20,-2274.00,4845.20,996.00,5113258.00,240,105,-7214.70,-12116.00,0,0,-1278.00
grid,grid#09,grid,"{""mode"": ""atr"", ""spacing"": 5, ""anchor"": ""vwap""}",sh.688981,中芯国际,样本外,-3108.43,2.00,3110.43,1174.00,5789642.00,140,82,-4471.37,28280.00,2,1,1176.00
grid,grid#09,grid,"{""mode"": ""atr"", ""spacing"": 5, ""anchor"": ""vwap""}",sh.688099,晶晨股份,样本内,-1327.27,3135.84,4463.11,1195.68,6019064.40,135,73,-3488.88,4686.84,0,0,4331.52
grid,grid#09,grid,"{""mode"": ""atr"", ""spacing"": 5, ""anchor"": ""vwap""}",sh.688099,晶晨股份,样本外,4780.43,7174.08,2393.65,947.52,4654229.52,99,65,-1330.75,14319.96,0,0,8121.60
grid,grid#09,grid,"{""mode"": ""atr"", ""spacing"": 5, ""anchor"": ""vwap""}",sz.300033,同花顺,样本内,-4410.25,1293.00,5703.25,1368.00,6825273.00,254,125,-4410.25,-9618.00,0,0,2661.00
grid,grid#09,grid,"{""mode"": ""atr"", ""spacing"": 5, ""anchor"": ""vwap""}",sz.300033,同花顺,样本外,-18446.69,-14327.00,4119.69,1573.00,7882237.00,138,77,-18861.84,40590.00,4,2,-12754.00
grid,grid#09,grid,"{""mode"": ""atr"", ""spacing"": 5, ""anchor"": ""vwap""}",sh.603369,今世缘,样本内,-805.27,4096.00,4901.27,1296.00,6781688.00,160,85,-3432.62,3624.00,17,2,5392.00
grid,grid#09,grid,"{""mode"": ""atr"", ""spacing"": 5, ""anchor"": ""vwap""}",sh.603369,今世缘,样本外,-3948.36,-1276.00,2672.36,1200.00,4498980.00,144,68,-3955.05,-13784.00,8,2,-76.00
grid,grid#09,grid,"{""mode"": ""atr"", ""spacing"": 5, ""anchor"": ""vwap""}",sz.000596,古井贡酒,样本内,-3487.18,1632.00,5119.18,1448.00,7235234.00,146,74,-4794.64,1058.00,2,1,3080.00
grid,grid#09,grid,"{""mode"": ""atr"", ""spacing"": 5, ""anchor"": ""vwap""}",sz.000596,古井贡酒,样本外,-258.03,2623.00,2881.03,925.00,4662119.00,162,92,-1931.51,-17386.00,37,2,3548.00
grid,grid#10,grid,"{""mode"": ""atr"", ""spacing"": 8, ""anchor"": ""open""}",sh.688981,中芯国际,样本内,-10305.85,-4186.00,6119.85,1268.00,6550822.00,288,151,-10305.85,-12116.00,0,0,-2918.00
grid,grid#10,grid,"{""mode"": ""atr"", ""spacing"": 8, ""anchor"": ""open""}",sh.688981,中芯国际,样本外,-11682.81,-8012.00,3670.81,1406.00,6899300.00,155,101,-12289.78,28280.00,2,1,-6606.00
grid,grid#10,grid,"{""mode"": ""atr"", ""spacing"": 8, ""anchor"": ""open""}",sh.688099,晶晨股份,样本内,-6880.40,448.38,7328.78,1982.46,9991178.22,216,147,-7987.40,4686.84,0,0,2430.84
grid,grid#10,grid,"{""mode"": ""atr"", ""spacing"": 8, ""anchor"": ""open""}",sh.688099,晶晨股份,样本外,422.45,4213.08,3790.63,1477.68,7347989.40,151,98,-2572.74,14319.96,0,0,5690.76
grid,grid#10,grid,"{""mode"": ""atr"", ""spacing"": 8, ""anchor"": ""open""}",sz.300033,同花顺,样本内,-8799.67,-1358.00,7441.67,1773.00,8911676.00,322,196,-10829.33,-9618.00,0,0,415.00
grid,grid#10,grid,"{""mode"": ""atr"", ""spacing"": 8, ""anchor"": ""open""}",sz.300033,同花顺,样本外,-12833.74,-6974.00,5859.74,2256.00,11309190.00,189,132,-14515.80,40590.00,4,2,-4718.00
grid,grid#10,grid,"{""mode"": ""atr"", ""spacing"": 8, ""anchor"": ""open""}",sh.603369,今世缘,样本内,-4050.99,4824.00,8874.99,2392.00,12478072.00,288,186,-6837.11,3624.00,6,3,7216.00
grid,grid#10,grid,"{""mode"": ""atr"", ""spacing"": 8, ""anchor"": ""open""}",sh.603369,今世缘,样本外,-7315.10,-3644.00,3671.10,1656.00,6165252.00,189,95,-7315.10,-13784.00,6,3,-1988.00
grid,grid#10,grid,"{""mode"": ""atr"", ""spacing"": 8, ""anchor"": ""open""}",sz.000596,古井贡酒,样本内,-8037.55,1479.00,9516.55,2661.00,13370995.00,273,166,-9309.27,1058.00,12,6,4140.00
grid,grid#10,grid,"{""mode"": ""atr"", ""spacing"": 8, ""anchor"": ""open""}",sz.000596,古井贡酒,样本外,-9691.88,-6051.00,3640.88,1193.00,6002697.00,188,102,-9776.78,-17386.00,10,5,-4858.00
grid,grid#11,grid,"{""mode"": ""atr"", ""spacing"": 8, ""anchor"": ""vwap""}",sh.688981,中芯国际,样本内,-2962.97,-1922.00,1040.97,208.00,1076422.00,50,15,-3067.89,-12116.00,0,0,-1714.00
grid,grid#11,grid,"{""mode"": ""atr"", ""spacing"": 8, ""anchor"": ""vwap""}",sh.688981,中芯国际,样本外,805.77,1558.00,752.23,278.00,1396338.00,35,21,-1376.91,28280.00,2,1,1836.00
grid,grid#11,grid,"{""mode"": ""atr"", ""spacing"": 8, ""anchor"": ""vwap""}",sh.688099,晶晨股份,样本内,-456.20,287.64,743.84,169.20,966978.00,22,13,-1666.00,4686.84,0,0,456.84
grid,grid#11,grid,"{""mode"": ""atr"", ""spacing"": 8, ""anchor"": ""vwap""}",sh.688099,晶晨股份,样本外,2798.46,3319.14,520.68,197.40,1003511.10,21,15,-491.05,14319.96,0,0,3516.54
grid,grid#11,grid,"{""mode"": ""atr"", ""spacing"": 8, ""anchor"": ""vwap""}",sz.300033,同花顺,样本内,-2034.07,-492.00,1542.07,374.00,1881266.00,72,39,-2195.39,-9618.00,0,0,-118.00
grid,grid#11,grid,"{""mode"": ""atr"", ""spacing"": 8, ""anchor"": ""vwap""}",sz.300033,同花顺,样本外,1666.50,3369.00,1702.50,648.00,3239747.00,57,33,-2679.71,40590.00,0,0,4017.00
grid,grid#11,grid,"{""mode"": ""atr"", ""spacing"": 8, ""anchor"": ""vwap""}",sh.603369,今世缘,样本内,-228.45,336.00,564.45,136.00,771016.00,18,9,-750.14,3624.00,2,1,472.00
grid,grid#11,grid,"{""mode"": ""atr"", ""spacing"": 8, ""anchor"": ""vwap""}",sh.603369,今世缘,样本外,-1517.00,-984.00,533.00,240.00,905512.00,28,14,-1924.88,-13784.00,4,2,-744.00
grid,grid#11,grid,"{""mode"": ""atr"", ""spacing"": 8, ""anchor"": ""vwap""}",sz.000596,古井贡酒,样本内,-59.81,527.00,586.81,162.00,781207.00,16,11,-1072.61,1058.00,2,1,689.00
grid,grid#11,grid,"{""mode"": ""atr"", ""spacing"": 8, ""anchor"": ""vwap""}",sz.000596,古井贡酒,样本外,-1150.53,-563.00,587.53,195.00,987495.00,33,17,-1538.78,-17386.00,21,4,-368.00
grid,grid#12,grid,"{""mode"": ""pct"", ""spacing"": 0.02, ""anchor"": ""ma10"", ""max_hold_days"": 5}",sh.688981,中芯国际,样本内,-25185.45,-9358.00,15827.45,3340.00,16892370.00,541,288,-27977.14,-12116.00,0,216,-6018.00
grid,grid#12,grid,"{""mode"": ""pct"", ""spacing"": 0.02, ""anchor"": ""ma10"", ""max_hold_days"": 5}",sh.688981,中芯国际,样本外,-38287.51,-26590.00,11697.51,4514.00,22062282.00,316,208,-50986.74,28280.00,0,125,-22076.00
grid,grid#12,grid,"{""mode"": ""pct"", ""spacing"": 0.02, ""anchor"": ""ma10"", ""max_hold_days"": 5}",sh.688099,晶晨股份,样本内,18298.95,62804.22,44505.27,11671.98,59958783.60,693,527,-37657.12,4686.84,0,283,74476.20
grid,grid#12,grid,"{""mode"": ""pct"", ""spacing"": 0.02, ""anchor"": ""ma10"", ""max_hold_days"": 5}",sh.688099,晶晨股份,样本外,-7291.81,7354.56,14646.37,5747.16,28438859.64,355,272,-37034.98,14319.96,0,134,13101.72
grid,grid#12,grid,"{""mode"": ""pct"", ""spacing"": 0.02, ""anchor"": ""ma10"", ""max_hold_days"": 5}",sz.300033,同花顺,样本内,-47431.28,-25071.00,22360.28,5313.00,26622893.00,636,424,-48564.79,-9618.00,0,253,-19758.00
grid,grid#12,grid,"{""mode"": ""pct"", ""spacing"": 0.02, ""anchor"": ""ma10"", ""max_hold_days"": 5}",sz.300033,同花顺,样本外,-45828.50,-29682.00,16146.50,6230.00,31226297.00,352,262,-53614.99,40590.00,2,145,-23452.00
grid,grid#12,grid,"{""mode"": ""pct"", ""spacing"": 0.02, ""anchor"": ""ma10"", ""max_hold_days"": 5}",sh.603369,今世缘,样本内,-36247.20,-2412.00,33835.20,9220.00,47449532.00,672,459,-41638.03,3624.00,0,259,6808.00
grid,grid#12,grid,"{""mode"": ""pct"", ""spacing"": 0.02, ""anchor"": ""ma10"", ""max_hold_days"": 5}",sh.603369,今世缘,样本外,-19856.62,-11368.00,8488.62,3800.00,14508752.00,266,152,-21142.88,-13784.00,0,116,-7568.00
grid,grid#12,grid,"{""mode"": ""pct"", ""spacing"": 0.02, ""anchor"": ""ma10"", ""max_hold_days"": 5}",sz.000596,古井贡酒,样本内,-39875.82,-3250.00,36625.82,10306.00,51626440.00,625,436,-40376.07,1058.00,0,238,7056.00
grid,grid#12,grid,"{""mode"": ""pct"", ""spacing"": 0.02, ""anchor"": ""ma10"", ""max_hold_days"": 5}",sz.000596,古井贡酒,样本外,-22481.15,-13676.00,8805.15,2945.00,14561074.00,284,188,-24625.36,-17386.00,0,128,-10731.00
grid,grid#13,grid,"{""mode"": ""pct"", ""spacing"": 0.03, ""anchor"": ""ma10"", ""max_hold_days"": 5}",sh.688981,中芯国际,样本内,-10866.09,1232.00,12098.09,2520.00,13022796.00,443,234,-12893.77,-12116.00,0,171,3752.00
grid,grid#13,grid,"{""mode"": ""pct"", ""spacing"": 0.03, ""anchor"": ""ma10"", ""max_hold_days"": 5}",sh.688981,中芯国际,样本外,-18320.71,-8632.00,9688.71,3736.00,18388292.00,279,196,-29092.00,28280.00,2,104,-4896.00
grid,grid#13,grid,"{""mode"": ""pct"", ""spacing"": 0.03, ""anchor"": ""ma10"", ""max_hold_days"": 5}",sh.688099,晶晨股份,样本内,11954.70,49823.76,37869.06,9988.44,51077089.26,691,511,-21006.96,4686.84,0,244,59812.20
grid,grid#13,grid,"{""mode"": ""pct"", ""spacing"": 0.03, ""anchor"": ""ma10"", ""max_hold_days"": 5}",sh.688099,晶晨股份,样本外,-11439.17,1384.62,12823.79,5070.36,24890766.66,331,259,-33353.45,14319.96,0,115,6454.98
grid,grid#13,grid,"{""mode"": ""pct"", ""spacing"": 0.03, ""anchor"": ""ma10"", ""max_hold_days"": 5}",sz.300033,同花顺,样本内,-35204.87,-15699.00,19505.87,4614.00,23168109.00,599,368,-42074.96,-9618.00,0,231,-11085.00
grid,grid#13,grid,"{""mode"": ""pct"", ""spacing"": 0.03, ""anchor"": ""ma10"", ""max_hold_days"": 5}",sz.300033,同花顺,样本外,-41198.73,-28277.00,12921.73,5009.00,25061057.00,340,263,-53830.36,40590.00,0,112,-23268.00
grid,grid#13,grid,"{""mode"": ""pct"", ""spacing"": 0.03, ""anchor"": ""ma10"", ""max_hold_days"": 5}",sh.603369,今世缘,样本内,-16621.47,10568.00,27189.47,7308.00,37525984.00,636,442,-20719.85,3624.00,0,215,17876.00
grid,grid#13,grid,"{""mode"": ""pct"", ""spacing"": 0.03, ""anchor"": ""ma10"", ""max_hold_days"": 5}",sh.603369,今世缘,样本外,-11189.78,-4460.00,6729.78,2980.00,11554132.00,249,137,-12981.60,-13784.00,0,105,-1480.00
grid,grid#13,grid,"{""mode"": ""pct"", ""spacing"": 0.03, ""anchor"": ""ma10"", ""max_hold_days"": 5}",sz.000596,古井贡酒,样本内,-23030.88,6025.00,29055.88,8140.00,40598577.00,600,422,-23446.24,1058.00,0,220,14165.00
grid,grid#13,grid,"{""mode"": ""pct"", ""spacing"": 0.03, ""anchor"": ""ma10"", ""max_hold_days"": 5}",sz.000596,古井贡酒,样本外,-16282.64,-8923.00,7359.64,2453.00,12193981.00,292,184,-17532.75,-17386.00,0,107,-6470.00
grid,grid#14,grid,"{""mode"": ""pct"", ""spacing"": 0.05, ""anchor"": ""ma10"", ""max_hold_days"": 5}",sh.688981,中芯国际,样本内,-5900.32,-100.00,5800.32,1200.00,6301380.00,251,145,-7223.49,-12116.00,0,100,1100.00
grid,grid#14,grid,"{""mode"": ""pct"", ""spacing"": 0.05, ""anchor"": ""ma10"", ""max_hold_days"": 5}",sh.688981,中芯国际,样本外,-10978.11,-5242.00,5736.11,2246.00,11004514.00,205,147,-16452.88,28280.00,0,80,-2996.00
grid,grid#14,grid,"{""mode"": ""pct"", ""spacing"": 0.05, ""anchor"": ""ma10"", ""max_hold_days"": 5}",sh.688099,晶晨股份,样本内,10673.61,34632.42,23958.81,6339.36,32447718.06,584,413,-14634.75,4686.84,0,180,40971.78
grid,grid#14,grid,"{""mode"": ""pct"", ""spacing"": 0.05, ""anchor"": ""ma10"", ""max_hold_days"": 5}",sh.688099,晶晨股份,样本外,-15249.62,-6480.36,8769.26,3493.98,17002586.52,290,218,-27591.15,14319.96,0,90,-2986.38
grid,grid#14,grid,"{""mode"": ""pct"", ""spacing"": 0.05, ""anchor"": ""ma10"", ""max_hold_days"": 5}",sz.300033,同花顺,样本内,-8254.27,4498.00,12752.27,3084.00,15339136.00,450,297,-21685.89,-9618.00,0,157,7582.00
grid,grid#14,grid,"{""mode"": ""pct"", ""spacing"": 0.05, ""anchor"": ""ma10"", ""max_hold_days"": 5}",sz.300033,同花顺,样本外,-33318.05,-26282.00,7036.05,2727.00,13686866.00,193,141,-38958.25,40590.00,2,72,-23555.00
grid,grid#14,grid,"{""mode"": ""pct"", ""spacing"": 0.05, ""anchor"": ""ma10"", ""max_hold_days"": 5}",sh.603369,今世缘,样本内,1823.13,16304.00,14480.87,3824.00,19546152.00,414,286,-11912.03,3624.00,0,136,20128.00
grid,grid#14,grid,"{""mode"": ""pct"", ""spacing"": 0.05, ""anchor"": ""ma10"", ""max_hold_days"": 5}",sh.603369,今世缘,样本外,-3414.62,44.00,3458.62,1532.00,5911108.00,172,113,-13258.35,-13784.00,0,58,1576.00
grid,grid#14,grid,"{""mode"": ""pct"", ""spacing"": 0.05, ""anchor"": ""ma10"", ""max_hold_days"": 5}",sz.000596,古井贡酒,样本内,-7782.73,10240.00,18022.73,4996.00,24996085.00,439,302,-15710.96,1058.00,0,134,15236.00
grid,grid#14,grid,"{""mode"": ""pct"", ""spacing"": 0.05, ""anchor"": ""ma10"", ""max_hold_days"": 5}",sz.000596,古井贡酒,样本外,-10908.14,-6884.00,4024.14,1357.00,6681834.00,205,118,-14822.70,-17386.00,0,74,-5527.00
grid,grid#15,grid,"{""mode"": ""datr"", ""spacing"": 0.5, ""anchor"": ""ma10"", ""max_hold_days"": 5}",sh.688981,中芯国际,样本内,-26429.73,-5248.00,21181.73,4456.00,22408896.00,651,332,-28598.63,-12116.00,0,261,-792.00
grid,grid#15,grid,"{""mode"": ""datr"", ""spacing"": 0.5, ""anchor"": ""ma10"", ""max_hold_days"": 5}",sh.688981,中芯国际,样本外,-28001.21,-15196.00,12805.21,4922.00,24081712.00,351,234,-42010.52,28280.00,2,136,-10274.00
grid,grid#15,grid,"{""mode"": ""datr"", ""spacing"": 0.5, ""anchor"": ""ma10"", ""max_hold_days"": 5}",sh.688099,晶晨股份,样本内,-10394.18,30585.72,40979.90,10752.66,55506801.66,710,513,-43777.33,4686.84,0,263,41338.38
grid,grid#15,grid,"{""mode"": ""datr"", ""spacing"": 0.5, ""anchor"": ""ma10"", ""max_hold_days"": 5}",sh.688099,晶晨股份,样本外,-22002.57,-8392.32,13610.25,5259.30,26417788.20,346,261,-38779.85,14319.96,0,123,-3133.02
grid,grid#15,grid,"{""mode"": ""datr"", ""spacing"": 0.5, ""anchor"": ""ma10"", ""max_hold_days"": 5}",sz.300033,同花顺,样本内,-45434.66,-22408.00,23026.66,5434.00,27239584.00,600,393,-46233.71,-9618.00,0,249,-16974.00
grid,grid#15,grid,"{""mode"": ""datr"", ""spacing"": 0.5, ""anchor"": ""ma10"", ""max_hold_days"": 5}",sz.300033,同花顺,样本外,-45670.03,-29384.00,16286.03,6265.00,31541610.00,362,279,-53453.30,40590.00,0,144,-23119.00
grid,grid#15,grid,"{""mode"": ""datr"", ""spacing"": 0.5, ""anchor"": ""ma10"", ""max_hold_days"": 5}",sh.603369,今世缘,样本内,-45492.97,-12412.00,33080.97,8952.00,46367456.00,665,459,-47747.76,3624.00,0,262,-3460.00
grid,grid#15,grid,"{""mode"": ""datr"", ""spacing"": 0.5, ""anchor"": ""ma10"", ""max_hold_days"": 5}",sh.603369,今世缘,样本外,-25016.47,-15584.00,9432.47,4216.00,16164680.00,313,186,-25454.60,-13784.00,0,131,-11368.00
grid,grid#15,grid,"{""mode"": ""datr"", ""spacing"": 0.5, ""anchor"": ""ma10"", ""max_hold_days"": 5}",sz.000596,古井贡酒,样本内,-39418.60,-2191.00,37227.60,10536.00,52832259.00,628,447,-39787.93,1058.00,0,244,8345.00
grid,grid#15,grid,"{""mode"": ""datr"", ""spacing"": 0.5, ""anchor"": ""ma10"", ""max_hold_days"": 5}",sz.000596,古井贡酒,样本外,-28441.61,-19053.00,9388.61,3141.00,15610795.00,319,198,-30105.74,-17386.00,0,132,-15912.00
grid,grid#16,grid,"{""mode"": ""datr"", ""spacing"": 1.0, ""anchor"": ""ma10"", ""max_hold_days"": 5}",sh.688981,中芯国际,样本内,-12547.44,654.00,13201.44,2774.00,13923642.00,507,252,-13488.51,-12116.00,0,194,3428.00
grid,grid#16,grid,"{""mode"": ""datr"", ""spacing"": 1.0, ""anchor"": ""ma10"", ""max_hold_days"": 5}",sh.688981,中芯国际,样本外,-16959.87,-8498.00,8461.87,3216.00,15915550.00,271,184,-25533.92,28280.00,0,96,-5282.00
grid,grid#16,grid,"{""mode"": ""datr"", ""spacing"": 1.0, ""anchor"": ""ma10"", ""max_hold_days"": 5}",sh.688099,晶晨股份,样本内,-6442.83,16581.60,23024.43,6147.60,31714007.64,538,383,-18633.90,4686.84,0,176,22729.20
grid,grid#16,grid,"{""mode"": ""datr"", ""spacing"": 1.0, ""anchor"": ""ma10"", ""max_hold_days"": 5}",sh.688099,晶晨股份,样本外,-21680.59,-13003.02,8677.57,3384.00,16830473.46,272,195,-25636.21,14319.96,0,101,-9619.02
grid,grid#16,grid,"{""mode"": ""datr"", ""spacing"": 1.0, ""anchor"": ""ma10"", ""max_hold_days"": 5}",sz.300033,同花顺,样本内,-21306.93,-5985.00,15321.93,3635.00,18101091.00,549,348,-23153.48,-9618.00,0,191,-2350.00
grid,grid#16,grid,"{""mode"": ""datr"", ""spacing"": 1.0, ""anchor"": ""ma10"", ""max_hold_days"": 5}",sz.300033,同花顺,样本外,-45961.97,-36958.00,9003.97,3488.00,17426640.00,247,182,-50979.51,40590.00,0,81,-33470.00
grid,grid#16,grid,"{""mode"": ""datr"", ""spacing"": 1.0, ""anchor"": ""ma10"", ""max_hold_days"": 5}",sh.603369,今世缘,样本内,-12181.38,9376.00,21557.38,5956.00,30595984.00,552,376,-18526.89,3624.00,0,181,15332.00
grid,grid#16,grid,"{""mode"": ""datr"", ""spacing"": 1.0, ""anchor"": ""ma10"", ""max_hold_days"": 5}",sh.603369,今世缘,样本外,-17452.86,-11208.00,6244.86,2780.00,10709160.00,245,145,-18322.56,-13784.00,0,106,-8428.00
grid,grid#16,grid,"{""mode"": ""datr"", ""spacing"": 1.0, ""anchor"": ""ma10"", ""max_hold_days"": 5}",sz.000596,古井贡酒,样本内,-11194.62,14088.00,25282.62,7210.00,36288352.00,551,381,-15170.77,1058.00,0,190,21298.00
grid,grid#16,grid,"{""mode"": ""datr"", ""spacing"": 1.0, ""anchor"": ""ma10"", ""max_hold_days"": 5}",sz.000596,古井贡酒,样本外,-17428.14,-10880.00,6548.14,2151.00,10675086.00,256,165,-19232.74,-17386.00,0,104,-8729.00
grid,grid#17,grid,"{""mode"": ""datr"", ""spacing"": 1.5, ""anchor"": ""ma10"", ""max_hold_days"": 5}",sh.688981,中芯国际,样本内,-4812.41,2574.00,7386.41,1552.00,7894398.00,324,175,-5423.92,-12116.00,0,109,4126.00
grid,grid#17,grid,"{""mode"": ""datr"", ""spacing"": 1.5, ""anchor"": ""ma10"", ""max_hold_days"": 5}",sh.688981,中芯国际,样本外,-9185.45,-4660.00,4525.45,1712.00,8463424.00,192,132,-14779.42,28280.00,0,64,-2948.00
grid,grid#17,grid,"{""mode"": ""datr"", ""spacing"": 1.5, ""anchor"": ""ma10"", ""max_hold_days"": 5}",sh.688099,晶晨股份,样本内,-2322.06,9548.52,11870.58,3316.32,16466465.04,352,246,-12106.02,4686.84,0,112,12864.84
grid,grid#17,grid,"{""mode"": ""datr"", ""spacing"": 1.5, ""anchor"": ""ma10"", ""max_hold_days"": 5}",sh.688099,晶晨股份,样本外,-14241.57,-9469.56,4772.01,1900.68,9186031.56,184,131,-19324.71,14319.96,0,71,-7568.88
grid,grid#17,grid,"{""mode"": ""datr"", ""spacing"": 1.5, ""anchor"": ""ma10"", ""max_hold_days"": 5}",sz.300033,同花顺,样本内,-8618.55,922.00,9540.55,2230.00,11186234.00,394,247,-13196.13,-9618.00,0,126,3152.00
grid,grid#17,grid,"{""mode"": ""datr"", ""spacing"": 1.5, ""anchor"": ""ma10"", ""max_hold_days"": 5}",sz.300033,同花顺,样本外,-29375.75,-24136.00,5239.75,2036.00,10122292.00,163,115,-33359.04,40590.00,2,55,-22100.00
grid,grid#17,grid,"{""mode"": ""datr"", ""spacing"": 1.5, ""anchor"": ""ma10"", ""max_hold_days"": 5}",sh.603369,今世缘,样本内,3792.43,17272.00,13479.57,3728.00,18968764.00,422,296,-6345.14,3624.00,0,124,21000.00
grid,grid#17,grid,"{""mode"": ""datr"", ""spacing"": 1.5, ""anchor"": ""ma10"", ""max_hold_days"": 5}",sh.603369,今世缘,样本外,-11771.57,-7164.00,4607.57,2044.00,7890676.00,207,117,-13183.09,-13784.00,0,70,-5120.00
grid,grid#17,grid,"{""mode"": ""datr"", ""spacing"": 1.5, ""anchor"": ""ma10"", ""max_hold_days"": 5}",sz.000596,古井贡酒,样本内,-4462.20,9135.00,13597.20,3934.00,19691874.00,383,249,-13299.03,1058.00,0,128,13069.00
grid,grid#17,grid,"{""mode"": ""datr"", ""spacing"": 1.5, ""anchor"": ""ma10"", ""max_hold_days"": 5}",sz.000596,古井贡酒,样本外,-15144.48,-11379.00,3765.48,1230.00,6131569.00,187,113,-15552.52,-17386.00,0,70,-10149.00
orb,orb#00,orb,"{""n_or"": 6, ""buffer"": 0.0, ""sides"": ""both""}",sh.688981,中芯国际,样本内,-12147.75,2458.00,14605.75,3054.00,15428630.00,753,289,-14114.83,-12116.00,0,0,5512.00
orb,orb#00,orb,"{""n_or"": 6, ""buffer"": 0.0, ""sides"": ""both""}",sh.688981,中芯国际,样本外,-14344.71,-4618.00,9726.71,3720.00,18282646.00,445,183,-17697.83,28280.00,2,1,-898.00
orb,orb#00,orb,"{""n_or"": 6, ""buffer"": 0.0, ""sides"": ""both""}",sh.688099,晶晨股份,样本内,-45134.32,-18894.00,26240.32,7013.34,35757284.16,765,324,-50075.59,4686.84,0,0,-11880.66
orb,orb#00,orb,"{""n_or"": 6, ""buffer"": 0.0, ""sides"": ""both""}",sh.688099,晶晨股份,样本外,-27667.70,-16934.10,10733.60,4167.96,20834162.82,452,168,-29828.15,14319.96,0,0,-12766.14
orb,orb#00,orb,"{""n_or"": 6, ""buffer"": 0.0, ""sides"": ""both""}",sz.300033,同花顺,样本内,-18810.43,-1757.00,17053.43,3999.00,19996515.00,796,310,-19600.47,-9618.00,0,0,2242.00
orb,orb#00,orb,"{""n_or"": 6, ""buffer"": 0.0, ""sides"": ""both""}",sz.300033,同花顺,样本外,-14352.44,-2487.00,11865.44,4551.00,22952065.00,418,165,-20070.00,40590.00,2,1,2064.00
orb,orb#00,orb,"{""n_or"": 6, ""buffer"": 0.0, ""sides"": ""both""}",sh.603369,今世缘,样本内,-48172.81,-25784.00,22388.81,6080.00,31331936.00,760,281,-49743.18,3624.00,0,0,-19704.00
orb,orb#00,orb,"{""n_or"": 6, ""buffer"": 0.0, ""sides"": ""both""}",sh.603369,今世缘,样本外,-9007.86,-1812.00,7195.86,3200.00,12235812.00,400,165,-9871.44,-13784.00,0,0,1388.00
orb,orb#00,orb,"{""n_or"": 6, ""buffer"": 0.0, ""sides"": ""both""}",sz.000596,古井贡酒,样本内,-41548.33,-16588.00,24960.33,7071.00,35466714.00,741,289,-45459.79,1058.00,0,0,-9517.00
orb,orb#00,orb,"{""n_or"": 6, ""buffer"": 0.0, ""sides"": ""both""}",sz.000596,古井贡酒,样本外,-6435.96,612.00,7047.96,2336.00,11592524.00,403,178,-9762.04,-17386.00,0,0,2948.00
orb,orb#01,orb,"{""n_or"": 6, ""buffer"": 0.0, ""sides"": ""zheng""}",sh.688981,中芯国际,样本内,-7492.73,190.00,7682.73,1604.00,8144262.00,395,138,-9660.95,-12116.00,0,0,1794.00
orb,orb#01,orb,"{""n_or"": 6, ""buffer"": 0.0, ""sides"": ""zheng""}",sh.688981,中芯国际,样本外,-5909.57,-542.00,5367.57,2078.00,10134862.00,244,95,-11754.98,28280.00,0,0,1536.00
orb,orb#01,orb,"{""n_or"": 6, ""buffer"": 0.0, ""sides"": ""zheng""}",sh.688099,晶晨股份,样本内,-21505.12,-8679.96,12825.16,3423.48,17440679.16,369,140,-24912.62,4686.84,0,0,-5256.48
orb,orb#01,orb,"{""n_or"": 6, ""buffer"": 0.0, ""sides"": ""zheng""}",sh.688099,晶晨股份,样本外,-18081.48,-12371.34,5710.14,2222.16,11109449.22,237,83,-20937.51,14319.96,0,0,-10149.18
orb,orb#01,orb,"{""n_or"": 6, ""buffer"": 0.0, ""sides"": ""zheng""}",sz.300033,同花顺,样本内,-15224.13,-6158.00,9066.13,2130.00,10635246.00,421,130,-15306.06,-9618.00,0,0,-4028.00
orb,orb#01,orb,"{""n_or"": 6, ""buffer"": 0.0, ""sides"": ""zheng""}",sz.300033,同花顺,样本外,-4305.33,2466.00,6771.33,2593.00,13073098.00,237,86,-10928.65,40590.00,0,0,5059.00
orb,orb#01,orb,"{""n_or"": 6, ""buffer"": 0.0, ""sides"": ""zheng""}",sh.603369,今世缘,样本内,-24188.84,-13236.00,10952.84,2928.00,15119668.00,366,128,-24863.71,3624.00,0,0,-10308.00
orb,orb#01,orb,"{""n_or"": 6, ""buffer"": 0.0, ""sides"": ""zheng""}",sh.603369,今世缘,样本外,-5643.60,-2248.00,3395.60,1504.00,5797768.00,188,71,-6554.89,-13784.00,0,0,-744.00
orb,orb#01,orb,"{""n_or"": 6, ""buffer"": 0.0, ""sides"": ""zheng""}",sz.000596,古井贡酒,样本内,-17408.36,-4155.00,13253.36,3722.00,18641301.00,389,157,-20655.05,1058.00,0,0,-433.00
orb,orb#01,orb,"{""n_or"": 6, ""buffer"": 0.0, ""sides"": ""zheng""}",sz.000596,古井贡酒,样本外,-5535.92,-2090.00,3445.92,1148.00,5709096.00,196,66,-7884.14,-17386.00,0,0,-942.00
orb,orb#02,orb,"{""n_or"": 6, ""buffer"": 0.5, ""sides"": ""both""}",sh.688981,中芯国际,样本内,-11670.55,1512.00,13182.55,2750.00,13929436.00,679,265,-13882.44,-12116.00,0,0,4262.00
orb,orb#02,orb,"{""n_or"": 6, ""buffer"": 0.5, ""sides"": ""both""}",sh.688981,中芯国际,样本外,-14692.69,-6214.00,8478.69,3226.00,15930418.00,388,163,-18016.62,28280.00,2,1,-2988.00
orb,orb#02,orb,"{""n_or"": 6, ""buffer"": 0.5, ""sides"": ""both""}",sh.688099,晶晨股份,样本内,-47457.44,-24717.30,22740.14,6085.56,31032061.14,667,284,-52347.15,4686.84,0,0,-18631.74
orb,orb#02,orb,"{""n_or"": 6, ""buffer"": 0.5, ""sides"": ""both""}",sh.688099,晶晨股份,样本外,-28395.24,-18874.26,9520.98,3711.12,18483450.30,401,155,-30321.18,14319.96,0,0,-15163.14
orb,orb#02,orb,"{""n_or"": 6, ""buffer"": 0.5, ""sides"": ""both""}",sz.300033,同花顺,样本内,-22477.27,-7079.00,15398.27,3601.00,18050099.00,718,282,-22977.36,-9618.00,0,0,-3478.00
orb,orb#02,orb,"{""n_or"": 6, ""buffer"": 0.5, ""sides"": ""both""}",sz.300033,同花顺,样本外,-7107.58,3035.00,10142.58,3889.00,19613849.00,357,156,-15364.91,40590.00,2,1,6924.00
orb,orb#02,orb,"{""n_or"": 6, ""buffer"": 0.5, ""sides"": ""both""}",sh.603369,今世缘,样本内,-49513.29,-30028.00,19485.29,5288.00,27207428.00,661,242,-50751.95,3624.00,0,0,-24740.00
orb,orb#02,orb,"{""n_or"": 6, ""buffer"": 0.5, ""sides"": ""both""}",sh.603369,今世缘,样本外,-8098.55,-1924.00,6174.55,2744.00,10506516.00,343,147,-8975.25,-13784.00,0,0,820.00
orb,orb#02,orb,"{""n_or"": 6, ""buffer"": 0.5, ""sides"": ""both""}",sz.000596,古井贡酒,样本内,-39507.50,-18084.00,21423.50,6092.00,30546256.00,638,247,-42613.49,1058.00,0,0,-11992.00
orb,orb#02,orb,"{""n_or"": 6, ""buffer"": 0.5, ""sides"": ""both""}",sz.000596,古井贡酒,样本外,-5402.17,853.00,6255.17,2063.00,10238223.00,359,158,-8865.50,-17386.00,0,0,2916.00
orb,orb#03,orb,"{""n_or"": 6, ""buffer"": 0.5, ""sides"": ""zheng""}",sh.688981,中芯国际,样本内,-5943.73,732.00,6675.73,1388.00,7070764.00,343,119,-8670.79,-12116.00,0,0,2120.00
orb,orb#03,orb,"{""n_or"": 6, ""buffer"": 0.5, ""sides"": ""zheng""}",sh.688981,中芯国际,样本外,-1489.09,3074.00,4563.09,1764.00,8620062.00,207,86,-10255.84,28280.00,0,0,4838.00
orb,orb#03,orb,"{""n_or"": 6, ""buffer"": 0.5, ""sides"": ""zheng""}",sh.688099,晶晨股份,样本内,-23477.92,-12611.04,10866.88,2910.24,14802693.24,314,125,-27384.89,4686.84,0,0,-9700.80
orb,orb#03,orb,"{""n_or"": 6, ""buffer"": 0.5, ""sides"": ""zheng""}",sh.688099,晶晨股份,样本外,-17126.56,-12216.24,4910.32,1914.78,9554267.16,204,77,-18844.41,14319.96,0,0,-10301.46
orb,orb#03,orb,"{""n_or"": 6, ""buffer"": 0.5, ""sides"": ""zheng""}",sz.300033,同花顺,样本内,-19429.79,-11197.00,8232.79,1932.00,9656565.00,381,117,-19477.05,-9618.00,0,0,-9265.00
orb,orb#03,orb,"{""n_or"": 6, ""buffer"": 0.5, ""sides"": ""zheng""}",sz.300033,同花顺,样本外,-1170.88,4485.00,5655.88,2163.00,10916509.00,198,78,-8469.32,40590.00,0,0,6648.00
orb,orb#03,orb,"{""n_or"": 6, ""buffer"": 0.5, ""sides"": ""zheng""}",sh.603369,今世缘,样本内,-26145.50,-16532.00,9613.50,2568.00,13293732.00,321,111,-26896.42,3624.00,0,0,-13964.00
orb,orb#03,orb,"{""n_or"": 6, ""buffer"": 0.5, ""sides"": ""zheng""}",sh.603369,今世缘,样本外,-4038.97,-1276.00,2762.97,1224.00,4711484.00,153,60,-5335.74,-13784.00,0,0,-52.00
orb,orb#03,orb,"{""n_or"": 6, ""buffer"": 0.5, ""sides"": ""zheng""}",sz.000596,古井贡酒,样本内,-15121.02,-4009.00,11112.02,3126.00,15643627.00,326,135,-18759.52,1058.00,0,0,-883.00
orb,orb#03,orb,"{""n_or"": 6, ""buffer"": 0.5, ""sides"": ""zheng""}",sz.000596,古井贡酒,样本外,-4485.92,-1517.00,2968.92,980.00,4876969.00,170,56,-6487.52,-17386.00,0,0,-537.00
orb,orb#04,orb,"{""n_or"": 6, ""buffer"": 1.0, ""sides"": ""both""}",sh.688981,中芯国际,样本内,-10187.40,1130.00,11317.40,2360.00,12001122.00,583,232,-12594.74,-12116.00,0,0,3490.00
orb,orb#04,orb,"{""n_or"": 6, ""buffer"": 1.0, ""sides"": ""both""}",sh.688981,中芯国际,样本外,-6715.11,250.00,6965.11,2646.00,13058914.00,319,143,-11384.20,28280.00,2,1,2896.00
orb,orb#04,orb,"{""n_or"": 6, ""buffer"": 1.0, ""sides"": ""both""}",sh.688099,晶晨股份,样本内,-54185.74,-34694.46,19491.28,5202.90,26597086.62,568,226,-58532.06,4686.84,0,0,-29491.56
orb,orb#04,orb,"{""n_or"": 6, ""buffer"": 1.0, ""sides"": ""both""}",sh.688099,晶晨股份,样本外,-19561.17,-11364.60,8196.57,3214.80,15913322.04,345,150,-22785.35,14319.96,0,0,-8149.80
orb,orb#04,orb,"{""n_or"": 6, ""buffer"": 1.0, ""sides"": ""both""}",sz.300033,同花顺,样本内,-19120.47,-6279.00,12841.47,3008.00,15104685.00,598,236,-20545.12,-9618.00,0,0,-3271.00
orb,orb#04,orb,"{""n_or"": 6, ""buffer"": 1.0, ""sides"": ""both""}",sz.300033,同花顺,样本外,-8730.77,-309.00,8421.77,3229.00,16291931.00,296,129,-14526.58,40590.00,2,1,2920.00
orb,orb#04,orb,"{""n_or"": 6, ""buffer"": 1.0, ""sides"": ""both""}",sh.603369,今世缘,样本内,-45803.40,-29564.00,16239.40,4432.00,22723756.00,554,187,-46810.05,3624.00,0,0,-25132.00
orb,orb#04,orb,"{""n_or"": 6, ""buffer"": 1.0, ""sides"": ""both""}",sh.603369,今世缘,样本外,-4687.83,240.00,4927.83,2200.00,8332712.00,275,128,-5648.54,-13784.00,0,0,2440.00
orb,orb#04,orb,"{""n_or"": 6, ""buffer"": 1.0, ""sides"": ""both""}",sz.000596,古井贡酒,样本内,-35834.47,-18187.00,17647.47,5021.00,25247947.00,529,202,-38901.19,1058.00,0,0,-13166.00
orb,orb#04,orb,"{""n_or"": 6, ""buffer"": 1.0, ""sides"": ""both""}",sz.000596,古井贡酒,样本外,-5364.43,0.00,5364.43,1761.00,8778970.00,308,129,-8165.99,-17386.00,0,0,1761.00
orb,orb#05,orb,"{""n_or"": 6, ""buffer"": 1.0, ""sides"": ""zheng""}",sh.688981,中芯国际,样本内,-6794.49,-996.00,5798.49,1208.00,6176104.00,298,104,-8933.39,-12116.00,0,0,212.00
orb,orb#05,orb,"{""n_or"": 6, ""buffer"": 1.0, ""sides"": ""zheng""}",sh.688981,中芯国际,样本外,2061.30,5766.00,3704.70,1428.00,6987546.00,168,76,-5797.77,28280.00,0,0,7194.00
orb,orb#05,orb,"{""n_or"": 6, ""buffer"": 1.0, ""sides"": ""zheng""}",sh.688099,晶晨股份,样本内,-24187.25,-15055.98,9131.27,2447.76,12458661.30,264,99,-26983.37,4686.84,0,0,-12608.22
orb,orb#05,orb,"{""n_or"": 6, ""buffer"": 1.0, ""sides"": ""zheng""}",sh.688099,晶晨股份,样本外,-12593.41,-8448.72,4144.69,1615.86,8059638.96,173,73,-15543.80,14319.96,0,0,-6832.86
orb,orb#05,orb,"{""n_or"": 6, ""buffer"": 1.0, ""sides"": ""zheng""}",sz.300033,同花顺,样本内,-14720.28,-7770.00,6950.28,1624.00,8143538.00,321,104,-15104.99,-9618.00,0,0,-6146.00
orb,orb#05,orb,"{""n_or"": 6, ""buffer"": 1.0, ""sides"": ""zheng""}",sz.300033,同花顺,样本外,-1937.23,2830.00,4767.23,1822.00,9215336.00,165,68,-8866.15,40590.00,0,0,4652.00
orb,orb#05,orb,"{""n_or"": 6, ""buffer"": 1.0, ""sides"": ""zheng""}",sh.603369,今世缘,样本内,-24664.57,-16440.00,8224.57,2192.00,11348216.00,274,92,-25389.75,3624.00,0,0,-14248.00
orb,orb#05,orb,"{""n_or"": 6, ""buffer"": 1.0, ""sides"": ""zheng""}",sh.603369,今世缘,样本外,-1819.69,408.00,2227.69,992.00,3772272.00,124,55,-4011.59,-13784.00,0,0,1400.00
orb,orb#05,orb,"{""n_or"": 6, ""buffer"": 1.0, ""sides"": ""zheng""}",sz.000596,古井贡酒,样本内,-12687.08,-3570.00,9117.08,2565.00,12901928.00,269,106,-16391.70,1058.00,0,0,-1005.00
orb,orb#05,orb,"{""n_or"": 6, ""buffer"": 1.0, ""sides"": ""zheng""}",sz.000596,古井贡酒,样本外,-4612.19,-2022.00,2590.19,848.00,4231506.00,149,51,-6399.19,-17386.00,0,0,-1174.00
orb,orb#06,orb,"{""n_or"": 12, ""buffer"": 0.0, ""sides"": ""both""}",sh.688981,中芯国际,样本内,-5836.73,5380.00,11216.73,2340.00,11815256.00,577,246,-7680.06,-12116.00,0,0,7720.00
orb,orb#06,orb,"{""n_or"": 12, ""buffer"": 0.0, ""sides"": ""both""}",sh.688981,中芯国际,样本外,-2896.02,5070.00,7966.02,3060.00,14966782.00,364,156,-12388.85,28280.00,2,1,8130.00
orb,orb#06,orb,"{""n_or"": 12, ""buffer"": 0.0, ""sides"": ""both""}",sh.688099,晶晨股份,样本内,-35117.04,-14686.56,20430.48,5479.26,27830478.48,599,240,-38670.98,4686.84,0,0,-9207.30
orb,orb#06,orb,"{""n_or"": 12, ""buffer"": 0.0, ""sides"": ""both""}",sh.688099,晶晨股份,样本外,-17692.86,-8818.14,8874.72,3457.32,17221319.82,374,160,-21170.31,14319.96,0,0,-5360.82
orb,orb#06,orb,"{""n_or"": 12, ""buffer"": 0.0, ""sides"": ""both""}",sz.300033,同花顺,样本内,-14116.93,-353.00,13763.93,3220.00,16104927.00,641,256,-16397.20,-9618.00,0,0,2867.00
orb,orb#06,orb,"{""n_or"": 12, ""buffer"": 0.0, ""sides"": ""both""}",sz.300033,同花顺,样本外,-16333.02,-6766.00,9567.02,3663.00,18511144.00,336,133,-21448.64,40590.00,2,1,-3103.00
orb,orb#06,orb,"{""n_or"": 12, ""buffer"": 0.0, ""sides"": ""both""}",sh.603369,今世缘,样本内,-35458.01,-18688.00,16770.01,4584.00,23494992.00,573,205,-36528.94,3624.00,0,0,-14104.00
orb,orb#06,orb,"{""n_or"": 12, ""buffer"": 0.0, ""sides"": ""both""}",sh.603369,今世缘,样本外,-5042.88,300.00,5342.88,2376.00,9075636.00,297,124,-5892.48,-13784.00,0,0,2676.00
orb,orb#06,orb,"{""n_or"": 12, ""buffer"": 0.0, ""sides"": ""both""}",sz.000596,古井贡酒,样本内,-34665.57,-16137.00,18528.57,5297.00,26584349.00,554,209,-37069.97,1058.00,0,0,-10840.00
orb,orb#06,orb,"{""n_or"": 12, ""buffer"": 0.0, ""sides"": ""both""}",sz.000596,古井贡酒,样本外,-5149.48,349.00,5498.48,1821.00,9019701.00,315,138,-6842.25,-17386.00,0,0,2170.00
orb,orb#07,orb,"{""n_or"": 12, ""buffer"": 0.0, ""sides"": ""zheng""}",sh.688981,中芯国际,样本内,-5810.51,-374.00,5436.51,1132.00,5762982.00,279,108,-7016.04,-12116.00,0,0,758.00
orb,orb#07,orb,"{""n_or"": 12, ""buffer"": 0.0, ""sides"": ""zheng""}",sh.688981,中芯国际,样本外,-246.95,3926.00,4172.95,1616.00,7886270.00,189,78,-10567.85,28280.00,0,0,5542.00
orb,orb#07,orb,"{""n_or"": 12, ""buffer"": 0.0, ""sides"": ""zheng""}",sh.688099,晶晨股份,样本内,-12856.27,-3770.34,9085.93,2428.02,12316978.86,263,100,-17246.33,4686.84,0,0,-1342.32
orb,orb#07,orb,"{""n_or"": 12, ""buffer"": 0.0, ""sides"": ""zheng""}",sh.688099,晶晨股份,样本外,-11485.42,-7103.58,4381.84,1708.92,8517863.58,182,78,-15966.44,14319.96,0,0,-5394.66
orb,orb#07,orb,"{""n_or"": 12, ""buffer"": 0.0, ""sides"": ""zheng""}",sz.300033,同花顺,样本内,-8067.03,-1343.00,6724.03,1570.00,7802731.00,310,102,-9482.36,-9618.00,0,0,227.00
orb,orb#07,orb,"{""n_or"": 12, ""buffer"": 0.0, ""sides"": ""zheng""}",sz.300033,同花顺,样本外,-8903.65,-3866.00,5037.65,1925.00,9729350.00,175,60,-14569.06,40590.00,0,0,-1941.00
orb,orb#07,orb,"{""n_or"": 12, ""buffer"": 0.0, ""sides"": ""zheng""}",sh.603369,今世缘,样本内,-19256.41,-11340.00,7916.41,2112.00,10897844.00,264,89,-20374.81,3624.00,0,0,-9228.00
orb,orb#07,orb,"{""n_or"": 12, ""buffer"": 0.0, ""sides"": ""zheng""}",sh.603369,今世缘,样本外,-3292.54,-884.00,2408.54,1064.00,4119748.00,133,53,-3590.81,-13784.00,0,0,180.00
orb,orb#07,orb,"{""n_or"": 12, ""buffer"": 0.0, ""sides"": ""zheng""}",sz.000596,古井贡酒,样本内,-14714.97,-5376.00,9338.97,2636.00,13210724.00,275,107,-17073.34,1058.00,0,0,-2740.00
orb,orb#07,orb,"{""n_or"": 12, ""buffer"": 0.0, ""sides"": ""zheng""}",sz.000596,古井贡酒,样本外,-2672.89,-282.00,2390.89,798.00,3958418.00,136,51,-3854.38,-17386.00,0,0,516.00
orb,orb#08,orb,"{""n_or"": 12, ""buffer"": 0.5, ""sides"": ""both""}",sh.688981,中芯国际,样本内,-6958.30,2830.00,9788.30,2040.00,10299482.00,504,201,-8863.76,-12116.00,0,0,4870.00
orb,orb#08,orb,"{""n_or"": 12, ""buffer"": 0.5, ""sides"": ""both""}",sh.688981,中芯国际,样本外,-904.55,5728.00,6632.55,2538.00,12462244.00,305,136,-11242.84,28280.00,2,1,8266.00
orb,orb#08,orb,"{""n_or"": 12, ""buffer"": 0.5, ""sides"": ""both""}",sh.688099,晶晨股份,样本内,-39345.29,-22588.20,16757.09,4512.00,22867537.92,495,198,-42845.30,4686.84,0,0,-18076.20
orb,orb#08,orb,"{""n_or"": 12, ""buffer"": 0.5, ""sides"": ""both""}",sh.688099,晶晨股份,样本外,-14911.01,-7523.76,7387.25,2898.96,14324054.64,312,133,-17395.98,14319.96,0,0,-4624.80
orb,orb#08,orb,"{""n_or"": 12, ""buffer"": 0.5, ""sides"": ""both""}",sz.300033,同花顺,样本内,-16058.43,-4503.00,11555.43,2687.00,13476225.00,536,215,-18521.35,-9618.00,0,0,-1816.00
orb,orb#08,orb,"{""n_or"": 12, ""buffer"": 0.5, ""sides"": ""both""}",sz.300033,同花顺,样本外,-6861.74,574.00,7435.74,2849.00,14398942.00,260,110,-14295.17,40590.00,2,1,3423.00
orb,orb#08,orb,"{""n_or"": 12, ""buffer"": 0.5, ""sides"": ""both""}",sh.603369,今世缘,样本内,-31712.56,-17956.00,13756.56,3752.00,19200756.00,469,162,-32727.48,3624.00,0,0,-14204.00
orb,orb#08,orb,"{""n_or"": 12, ""buffer"": 0.5, ""sides"": ""both""}",sh.603369,今世缘,样本外,-4616.13,-236.00,4380.13,1952.00,7419316.00,244,110,-5789.27,-13784.00,0,0,1716.00
orb,orb#08,orb,"{""n_or"": 12, ""buffer"": 0.5, ""sides"": ""both""}",sz.000596,古井贡酒,样本内,-34865.93,-19593.00,15272.93,4358.00,21877205.00,458,166,-37571.28,1058.00,0,0,-15235.00
orb,orb#08,orb,"{""n_or"": 12, ""buffer"": 0.5, ""sides"": ""both""}",sz.000596,古井贡酒,样本外,-5134.43,-594.00,4540.43,1494.00,7417534.00,261,113,-6989.86,-17386.00,0,0,900.00
orb,orb#09,orb,"{""n_or"": 12, ""buffer"": 0.5, ""sides"": ""zheng""}",sh.688981,中芯国际,样本内,-5646.69,-958.00,4688.69,972.00,4949878.00,241,84,-6863.81,-12116.00,0,0,14.00
orb,orb#09,orb,"{""n_or"": 12, ""buffer"": 0.5, ""sides"": ""zheng""}",sh.688981,中芯国际,样本外,1812.56,5346.00,3533.44,1366.00,6674246.00,161,69,-9992.35,28280.00,0,0,6712.00
orb,orb#09,orb,"{""n_or"": 12, ""buffer"": 0.5, ""sides"": ""zheng""}",sh.688099,晶晨股份,样本内,-13967.76,-6607.26,7360.50,1979.64,9994409.94,215,83,-17334.23,4686.84,0,0,-4627.62
orb,orb#09,orb,"{""n_or"": 12, ""buffer"": 0.5, ""sides"": ""zheng""}",sh.688099,晶晨股份,样本外,-8079.40,-4495.08,3584.32,1412.82,6966161.40,149,67,-12128.11,14319.96,0,0,-3082.26
orb,orb#09,orb,"{""n_or"": 12, ""buffer"": 0.5, ""sides"": ""zheng""}",sz.300033,同花顺,样本内,-9325.57,-3502.00,5823.57,1349.00,6726104.00,267,86,-11503.76,-9618.00,0,0,-2153.00
orb,orb#09,orb,"{""n_or"": 12, ""buffer"": 0.5, ""sides"": ""zheng""}",sz.300033,同花顺,样本外,-6426.45,-2330.00,4096.45,1566.00,7922914.00,140,51,-12356.77,40590.00,0,0,-764.00
orb,orb#09,orb,"{""n_or"": 12, ""buffer"": 0.5, ""sides"": ""zheng""}",sh.603369,今世缘,样本内,-16070.27,-9592.00,6478.27,1720.00,8913256.00,215,73,-17553.09,3624.00,0,0,-7872.00
orb,orb#09,orb,"{""n_or"": 12, ""buffer"": 0.5, ""sides"": ""zheng""}",sh.603369,今世缘,样本外,-2817.01,-856.00,1961.01,864.00,3361680.00,108,45,-3496.67,-13784.00,0,0,8.00
orb,orb#09,orb,"{""n_or"": 12, ""buffer"": 0.5, ""sides"": ""zheng""}",sz.000596,古井贡酒,样本内,-13017.43,-5394.00,7623.43,2151.00,10776084.00,225,87,-14429.11,1058.00,0,0,-3243.00
orb,orb#09,orb,"{""n_or"": 12, ""buffer"": 0.5, ""sides"": ""zheng""}",sz.000596,古井贡酒,样本外,-2509.16,-457.00,2052.16,676.00,3350827.00,118,41,-4019.06,-17386.00,0,0,219.00
orb,orb#10,orb,"{""n_or"": 12, ""buffer"": 1.0, ""sides"": ""both""}",sh.688981,中芯国际,样本内,-6787.22,1348.00,8135.22,1688.00,8567276.00,419,166,-8619.88,-12116.00,0,0,3036.00
orb,orb#10,orb,"{""n_or"": 12, ""buffer"": 1.0, ""sides"": ""both""}",sh.688981,中芯国际,样本外,2799.21,7956.00,5156.79,1952.00,9656356.00,238,111,-7246.15,28280.00,2,1,9908.00
orb,orb#10,orb,"{""n_or"": 12, ""buffer"": 1.0, ""sides"": ""both""}",sh.688099,晶晨股份,样本内,-33271.07,-20487.30,12783.77,3431.94,17482953.78,379,149,-36836.40,4686.84,0,0,-17055.36
orb,orb#10,orb,"{""n_or"": 12, ""buffer"": 1.0, ""sides"": ""both""}",sh.688099,晶晨股份,样本外,-14494.93,-8696.88,5798.05,2278.56,11265127.32,245,110,-16305.95,14319.96,0,0,-6418.32
orb,orb#10,orb,"{""n_or"": 12, ""buffer"": 1.0, ""sides"": ""both""}",sz.300033,同花顺,样本内,-16509.53,-7327.00,9182.53,2133.00,10685963.00,426,166,-19431.46,-9618.00,0,0,-5194.00
orb,orb#10,orb,"{""n_or"": 12, ""buffer"": 1.0, ""sides"": ""both""}",sz.300033,同花顺,样本外,-1040.28,4871.00,5911.28,2261.00,11426883.00,208,89,-8456.11,40590.00,2,1,7132.00
orb,orb#10,orb,"{""n_or"": 12, ""buffer"": 1.0, ""sides"": ""both""}",sh.603369,今世缘,样本内,-30818.56,-20016.00,10802.56,2944.00,15083888.00,368,132,-31477.69,3624.00,0,0,-17072.00
orb,orb#10,orb,"{""n_or"": 12, ""buffer"": 1.0, ""sides"": ""both""}",sh.603369,今世缘,样本外,-2961.03,344.00,3305.03,1480.00,5563952.00,185,84,-3747.54,-13784.00,0,0,1824.00
orb,orb#10,orb,"{""n_or"": 12, ""buffer"": 1.0, ""sides"": ""both""}",sz.000596,古井贡酒,样本内,-30166.06,-18459.00,11707.06,3315.00,16666241.00,351,122,-32253.90,1058.00,0,0,-15144.00
orb,orb#10,orb,"{""n_or"": 12, ""buffer"": 1.0, ""sides"": ""both""}",sz.000596,古井贡酒,样本外,-6372.50,-2649.00,3723.50,1212.00,6049805.00,215,86,-7825.77,-17386.00,0,0,-1437.00
orb,orb#11,orb,"{""n_or"": 12, ""buffer"": 1.0, ""sides"": ""zheng""}",sh.688981,中芯国际,样本内,-6437.32,-2370.00,4067.32,840.00,4300702.00,209,73,-7088.58,-12116.00,0,0,-1530.00
orb,orb#11,orb,"{""n_or"": 12, ""buffer"": 1.0, ""sides"": ""zheng""}",sh.688981,中芯国际,样本外,5201.88,7974.00,2772.12,1060.00,5215598.00,127,59,-5767.78,28280.00,0,0,9034.00
orb,orb#11,orb,"{""n_or"": 12, ""buffer"": 1.0, ""sides"": ""zheng""}",sh.688099,晶晨股份,样本内,-14332.40,-8437.44,5894.96,1590.48,8031540.48,174,70,-16985.68,4686.84,0,0,-6846.96
orb,orb#11,orb,"{""n_or"": 12, ""buffer"": 1.0, ""sides"": ""zheng""}",sh.688099,晶晨股份,样本外,-7423.11,-4475.34,2947.77,1147.74,5732859.78,123,57,-11114.40,14319.96,0,0,-3327.60
orb,orb#11,orb,"{""n_or"": 12, ""buffer"": 1.0, ""sides"": ""zheng""}",sz.300033,同花顺,样本内,-9683.93,-4751.00,4932.93,1138.00,5676777.00,226,74,-12277.25,-9618.00,0,0,-3613.00
orb,orb#11,orb,"{""n_or"": 12, ""buffer"": 1.0, ""sides"": ""zheng""}",sz.300033,同花顺,样本外,-2207.21,1108.00,3315.21,1265.00,6398990.00,114,42,-8496.00,40590.00,0,0,2373.00
orb,orb#11,orb,"{""n_or"": 12, ""buffer"": 1.0, ""sides"": ""zheng""}",sh.603369,今世缘,样本内,-14884.41,-9680.00,5204.41,1368.00,7139160.00,171,63,-17010.15,3624.00,0,0,-8312.00
orb,orb#11,orb,"{""n_or"": 12, ""buffer"": 1.0, ""sides"": ""zheng""}",sh.603369,今世缘,样本外,-1420.47,148.00,1568.47,696.00,2665604.00,87,38,-1829.60,-13784.00,0,0,844.00
orb,orb#11,orb,"{""n_or"": 12, ""buffer"": 1.0, ""sides"": ""zheng""}",sz.000596,古井贡酒,样本内,-11344.44,-5373.00,5971.44,1675.00,8432165.00,176,61,-12676.75,1058.00,0,0,-3698.00
orb,orb#11,orb,"{""n_or"": 12, ""buffer"": 1.0, ""sides"": ""zheng""}",sz.000596,古井贡酒,样本外,-2871.32,-1068.00,1803.32,592.00,2935918.00,104,38,-4190.63,-17386.00,0,0,-476.00
gap,gap#00,gap,"{""theta"": 0.5, ""mode"": ""fade""}",sh.688981,中芯国际,样本内,1448.56,2612.00,1163.44,232.00,1203688.00,58,38,-770.92,-12116.00,0,0,2844.00
gap,gap#00,gap,"{""theta"": 0.5, ""mode"": ""fade""}",sh.688981,中芯国际,样本外,531.22,1672.00,1140.78,426.00,2176368.00,51,26,-3568.33,28280.00,0,0,2098.00
gap,gap#00,gap,"{""theta"": 0.5, ""mode"": ""fade""}",sh.688099,晶晨股份,样本内,4764.43,6017.88,1253.45,327.12,1661668.08,35,24,-3128.32,4686.84,0,0,6345.00
gap,gap#00,gap,"{""theta"": 0.5, ""mode"": ""fade""}",sh.688099,晶晨股份,样本外,-4156.94,-3290.94,866.00,344.04,1690739.46,36,15,-5523.61,14319.96,0,0,-2946.90
gap,gap#00,gap,"{""theta"": 0.5, ""mode"": ""fade""}",sz.300033,同花顺,样本内,-4070.50,-2886.00,1184.50,270.00,1345900.00,56,27,-4087.31,-9618.00,3,0,-2616.00
gap,gap#00,gap,"{""theta"": 0.5, ""mode"": ""fade""}",sz.300033,同花顺,样本外,-5724.62,-4756.00,968.62,365.00,1869870.00,33,17,-8604.27,40590.00,14,1,-4391.00
gap,gap#00,gap,"{""theta"": 0.5, ""mode"": ""fade""}",sh.603369,今世缘,样本内,827.69,1832.00,1004.31,272.00,1391336.00,34,19,-1353.11,3624.00,0,0,2104.00
gap,gap#00,gap,"{""theta"": 0.5, ""mode"": ""fade""}",sh.603369,今世缘,样本外,-1207.55,-668.00,539.55,240.00,919812.00,30,14,-2142.02,-13784.00,0,0,-428.00
gap,gap#00,gap,"{""theta"": 0.5, ""mode"": ""fade""}",sz.000596,古井贡酒,样本内,2610.94,3243.00,632.06,175.00,907489.00,19,10,-869.77,1058.00,3,1,3418.00
gap,gap#00,gap,"{""theta"": 0.5, ""mode"": ""fade""}",sz.000596,古井贡酒,样本外,-2320.94,-2006.00,314.94,100.00,519512.00,18,9,-4055.90,-17386.00,4,2,-1906.00
gap,gap#01,gap,"{""theta"": 0.5, ""mode"": ""follow""}",sh.688981,中芯国际,样本内,-3984.99,-2824.00,1160.99,232.00,1203260.00,58,18,-4306.31,-12116.00,0,0,-2592.00
gap,gap#01,gap,"{""theta"": 0.5, ""mode"": ""follow""}",sh.688981,中芯国际,样本外,-1723.44,-582.00,1141.44,424.00,2179462.00,51,23,-4157.08,28280.00,0,0,-158.00
gap,gap#01,gap,"{""theta"": 0.5, ""mode"": ""follow""}",sh.688099,晶晨股份,样本内,-9438.39,-8192.10,1246.29,327.12,1661332.50,35,9,-10005.14,4686.84,0,0,-7864.98
gap,gap#01,gap,"{""theta"": 0.5, ""mode"": ""follow""}",sh.688099,晶晨股份,样本外,97.68,964.44,866.76,344.04,1690465.92,36,15,-4340.82,14319.96,0,0,1308.48
gap,gap#01,gap,"{""theta"": 0.5, ""mode"": ""follow""}",sz.300033,同花顺,样本内,729.62,1916.00,1186.38,271.00,1344168.00,56,22,-1981.01,-9618.00,0,0,2187.00
gap,gap#01,gap,"{""theta"": 0.5, ""mode"": ""follow""}",sz.300033,同花顺,样本外,-786.93,181.00,967.93,369.00,1866223.00,33,15,-5208.87,40590.00,0,0,550.00
gap,gap#01,gap,"{""theta"": 0.5, ""mode"": ""follow""}",sh.603369,今世缘,样本内,-3082.56,-2080.00,1002.56,272.00,1391688.00,34,12,-3706.33,3624.00,0,0,-1808.00
gap,gap#01,gap,"{""theta"": 0.5, ""mode"": ""follow""}",sh.603369,今世缘,样本外,392.23,932.00,539.77,236.00,919044.00,30,13,-1484.76,-13784.00,0,0,1168.00
gap,gap#01,gap,"{""theta"": 0.5, ""mode"": ""follow""}",sz.000596,古井贡酒,样本内,-3671.91,-3041.00,630.91,179.00,908801.00,19,6,-4672.67,1058.00,0,0,-2862.00
gap,gap#01,gap,"{""theta"": 0.5, ""mode"": ""follow""}",sz.000596,古井贡酒,样本外,-217.91,97.00,314.91,100.00,517547.00,18,8,-2029.99,-17386.00,0,0,197.00
gap,gap#02,gap,"{""theta"": 1.0, ""mode"": ""fade""}",sh.688981,中芯国际,样本内,1126.45,1352.00,225.55,44.00,241956.00,11,9,-566.69,-12116.00,0,0,1396.00
gap,gap#02,gap,"{""theta"": 1.0, ""mode"": ""fade""}",sh.688981,中芯国际,样本外,-436.59,-222.00,214.59,82.00,389690.00,11,4,-2299.85,28280.00,0,0,-140.00
gap,gap#02,gap,"{""theta"": 1.0, ""mode"": ""fade""}",sh.688099,晶晨股份,样本内,2180.52,2475.96,295.44,78.96,414190.32,9,6,-2087.43,4686.84,0,0,2554.92
gap,gap#02,gap,"{""theta"": 1.0, ""mode"": ""fade""}",sh.688099,晶晨股份,样本外,-2697.21,-2563.38,133.83,50.76,260576.46,6,2,-3259.90,14319.96,0,0,-2512.62
gap,gap#02,gap,"{""theta"": 1.0, ""mode"": ""fade""}",sz.300033,同花顺,样本内,-1974.61,-1741.00,233.61,54.00,289011.00,11,3,-2434.84,-9618.00,3,0,-1687.00
gap,gap#02,gap,"{""theta"": 1.0, ""mode"": ""fade""}",sz.300033,同花顺,样本外,-4507.32,-4346.00,161.32,57.00,309244.00,6,3,-5818.33,40590.00,14,1,-4289.00
gap,gap#02,gap,"{""theta"": 1.0, ""mode"": ""fade""}",sh.603369,今世缘,样本内,-764.71,-528.00,236.71,72.00,364920.00,9,6,-1314.62,3624.00,0,0,-456.00
gap,gap#02,gap,"{""theta"": 1.0, ""mode"": ""fade""}",sh.603369,今世缘,样本外,-1018.59,-900.00,118.59,48.00,224252.00,6,2,-1636.27,-13784.00,0,0,-852.00
gap,gap#02,gap,"{""theta"": 1.0, ""mode"": ""fade""}",sz.000596,古井贡酒,样本内,627.76,839.00,211.24,59.00,313891.00,6,3,-601.08,1058.00,3,1,898.00
gap,gap#02,gap,"{""theta"": 1.0, ""mode"": ""fade""}",sz.000596,古井贡酒,样本外,-3303.28,-3243.00,60.28,24.00,118143.00,3,1,-4055.90,-17386.00,4,2,-3219.00
gap,gap#03,gap,"{""theta"": 1.0, ""mode"": ""follow""}",sh.688981,中芯国际,样本内,-1664.36,-1440.00,224.36,44.00,241956.00,11,2,-2129.15,-12116.00,0,0,-1396.00
gap,gap#03,gap,"{""theta"": 1.0, ""mode"": ""follow""}",sh.688981,中芯国际,样本外,238.97,454.00,215.03,82.00,390706.00,11,7,-1675.69,28280.00,0,0,536.00
gap,gap#03,gap,"{""theta"": 1.0, ""mode"": ""follow""}",sh.688099,晶晨股份,样本内,-3518.93,-3226.08,292.85,78.96,414782.52,9,2,-4756.15,4686.84,0,0,-3147.12
gap,gap#03,gap,"{""theta"": 1.0, ""mode"": ""follow""}",sh.688099,晶晨股份,样本外,3575.34,3711.12,135.78,50.76,261825.72,6,4,-491.18,14319.96,0,0,3761.88
gap,gap#03,gap,"{""theta"": 1.0, ""mode"": ""follow""}",sz.300033,同花顺,样本内,1486.76,1722.00,235.24,57.00,287728.00,11,6,-1185.21,-9618.00,0,0,1779.00
gap,gap#03,gap,"{""theta"": 1.0, ""mode"": ""follow""}",sz.300033,同花顺,样本外,-618.92,-458.00,160.92,61.00,306244.00,6,3,-2190.21,40590.00,0,0,-397.00
gap,gap#03,gap,"{""theta"": 1.0, ""mode"": ""follow""}",sh.603369,今世缘,样本内,-440.95,-204.00,236.95,72.00,365292.00,9,3,-1211.70,3624.00,0,0,-132.00
gap,gap#03,gap,"{""theta"": 1.0, ""mode"": ""follow""}",sh.603369,今世缘,样本外,820.88,940.00,119.12,44.00,224380.00,6,3,-670.00,-13784.00,0,0,984.00
gap,gap#03,gap,"{""theta"": 1.0, ""mode"": ""follow""}",sz.000596,古井贡酒,样本内,-1501.09,-1290.00,211.09,60.00,314230.00,6,1,-1501.09,1058.00,0,0,-1230.00
gap,gap#03,gap,"{""theta"": 1.0, ""mode"": ""follow""}",sz.000596,古井贡酒,样本外,1003.10,1064.00,60.90,24.00,116600.00,3,2,-808.99,-17386.00,0,0,1088.00
gap,gap#04,gap,"{""theta"": 1.5, ""mode"": ""fade""}",sh.688981,中芯国际,样本内,94.08,166.00,71.92,16.00,82278.00,4,3,-422.28,-12116.00,0,0,182.00
gap,gap#04,gap,"{""theta"": 1.5, ""mode"": ""fade""}",sh.688981,中芯国际,样本外,-1992.15,-1918.00,74.15,28.00,131738.00,4,0,-1992.15,28280.00,0,0,-1890.00
gap,gap#04,gap,"{""theta"": 1.5, ""mode"": ""fade""}",sh.688099,晶晨股份,样本内,327.89,485.04,157.15,39.48,220524.00,5,2,-2087.43,4686.84,0,0,524.52
gap,gap#04,gap,"{""theta"": 1.5, ""mode"": ""fade""}",sh.688099,晶晨股份,样本外,-1877.65,-1835.82,41.83,16.92,81438.78,2,0,-1877.65,14319.96,0,0,-1818.90
gap,gap#04,gap,"{""theta"": 1.5, ""mode"": ""fade""}",sz.300033,同花顺,样本内,-1994.85,-1926.00,68.85,13.00,77224.00,3,0,-1994.85,-9618.00,3,0,-1913.00
gap,gap#04,gap,"{""theta"": 1.5, ""mode"": ""fade""}",sz.300033,同花顺,样本外,-6795.31,-6706.00,89.31,29.00,169192.00,4,1,-7911.05,40590.00,14,1,-6677.00
gap,gap#04,gap,"{""theta"": 1.5, ""mode"": ""fade""}",sh.603369,今世缘,样本内,706.01,760.00,53.99,16.00,85856.00,2,2,0.00,3624.00,0,0,776.00
gap,gap#04,gap,"{""theta"": 1.5, ""mode"": ""fade""}",sh.603369,今世缘,样本外,570.67,608.00,37.33,16.00,66088.00,2,1,-47.02,-13784.00,0,0,624.00
gap,gap#04,gap,"{""theta"": 1.5, ""mode"": ""fade""}",sz.000596,古井贡酒,样本内,560.23,625.00,64.77,17.00,103691.00,2,1,-43.66,1058.00,1,0,642.00
gap,gap#04,gap,"{""theta"": 1.5, ""mode"": ""fade""}",sz.000596,古井贡酒,样本外,752.62,773.00,20.38,8.00,39177.00,1,1,0.00,-17386.00,0,0,781.00
gap,gap#05,gap,"{""theta"": 1.5, ""mode"": ""follow""}",sh.688981,中芯国际,样本内,-269.95,-198.00,71.95,16.00,82278.00,4,1,-639.27,-12116.00,0,0,-182.00
gap,gap#05,gap,"{""theta"": 1.5, ""mode"": ""follow""}",sh.688981,中芯国际,样本外,2182.54,2258.00,75.46,28.00,132750.00,4,4,0.00,28280.00,0,0,2286.00
gap,gap#05,gap,"{""theta"": 1.5, ""mode"": ""follow""}",sh.688099,晶晨股份,样本内,-1312.68,-1156.20,156.48,39.48,221116.20,5,2,-2697.67,4686.84,0,0,-1116.72
gap,gap#05,gap,"{""theta"": 1.5, ""mode"": ""follow""}",sh.688099,晶晨股份,样本外,1252.03,1294.38,42.35,16.92,80931.18,2,1,-64.70,14319.96,0,0,1311.30
gap,gap#05,gap,"{""theta"": 1.5, ""mode"": ""follow""}",sz.300033,同花顺,样本内,1912.27,1983.00,70.73,16.00,77089.00,3,3,0.00,-9618.00,0,0,1999.00
gap,gap#05,gap,"{""theta"": 1.5, ""mode"": ""follow""}",sz.300033,同花顺,样本外,1867.90,1958.00,90.10,33.00,166192.00,4,3,-1193.68,40590.00,0,0,1991.00
gap,gap#05,gap,"{""theta"": 1.5, ""mode"": ""follow""}",sh.603369,今世缘,样本内,-845.57,-792.00,53.57,16.00,85856.00,2,0,-845.57,3624.00,0,0,-776.00
gap,gap#05,gap,"{""theta"": 1.5, ""mode"": ""follow""}",sh.603369,今世缘,样本外,-677.02,-640.00,37.02,16.00,66088.00,2,0,-677.02,-13784.00,0,0,-624.00
gap,gap#05,gap,"{""theta"": 1.5, ""mode"": ""follow""}",sz.000596,古井贡酒,样本内,-726.45,-662.00,64.45,20.00,103694.00,2,0,-726.45,1058.00,0,0,-642.00
gap,gap#05,gap,"{""theta"": 1.5, ""mode"": ""follow""}",sz.000596,古井贡酒,样本外,-808.99,-789.00,19.99,8.00,39177.00,1,0,-808.99,-17386.00,0,0,-781.00
xday_mr,xday_mr#00,xday_mr,"{""anchor"": ""ma20"", ""theta"": 1.0, ""max_hold_days"": 2}",sh.688981,中芯国际,样本内,-9383.27,-4926.00,4457.27,928.00,4700294.00,232,110,-9904.47,-12116.00,0,232,-3998.00
xday_mr,xday_mr#00,xday_mr,"{""anchor"": ""ma20"", ""theta"": 1.0, ""max_hold_days"": 2}",sh.688981,中芯国际,样本外,-4846.25,-2308.00,2538.25,964.00,4783188.00,117,62,-11736.31,28280.00,0,117,-1344.00
xday_mr,xday_mr#00,xday_mr,"{""anchor"": ""ma20"", ""theta"": 1.0, ""max_hold_days"": 2}",sh.688099,晶晨股份,样本内,71.24,7371.48,7300.24,1979.64,9996510.84,221,109,-15114.56,4686.84,0,221,9351.12
xday_mr,xday_mr#00,xday_mr,"{""anchor"": ""ma20"", ""theta"": 1.0, ""max_hold_days"": 2}",sh.688099,晶晨股份,样本外,11176.42,13981.56,2805.14,1077.24,5418489.00,118,59,-11452.73,14319.96,0,118,15058.80
xday_mr,xday_mr#00,xday_mr,"{""anchor"": ""ma20"", ""theta"": 1.0, ""max_hold_days"": 2}",sz.300033,同花顺,样本内,-7979.91,-2931.00,5048.91,1188.00,5955953.00,236,118,-19176.96,-9618.00,0,236,-1743.00
xday_mr,xday_mr#00,xday_mr,"{""anchor"": ""ma20"", ""theta"": 1.0, ""max_hold_days"": 2}",sz.300033,同花顺,样本外,7522.60,10761.00,3238.40,1250.00,6260565.00,116,65,-16504.19,40590.00,0,116,12011.00
xday_mr,xday_mr#00,xday_mr,"{""anchor"": ""ma20"", ""theta"": 1.0, ""max_hold_days"": 2}",sh.603369,今世缘,样本内,-7008.24,-524.00,6484.24,1760.00,9100636.00,221,112,-11339.79,3624.00,21,221,1236.00
xday_mr,xday_mr#00,xday_mr,"{""anchor"": ""ma20"", ""theta"": 1.0, ""max_hold_days"": 2}",sh.603369,今世缘,样本外,-1354.16,1036.00,2390.16,1060.00,4049404.00,133,64,-5336.39,-13784.00,6,133,2096.00
xday_mr,xday_mr#00,xday_mr,"{""anchor"": ""ma20"", ""theta"": 1.0, ""max_hold_days"": 2}",sz.000596,古井贡酒,样本内,-575.91,6684.00,7259.91,2064.00,10390451.00,219,104,-15787.02,1058.00,0,219,8748.00
xday_mr,xday_mr#00,xday_mr,"{""anchor"": ""ma20"", ""theta"": 1.0, ""max_hold_days"": 2}",sz.000596,古井贡酒,样本外,5316.53,7600.00,2283.47,757.00,3759042.00,130,60,-4829.38,-17386.00,2,130,8357.00
xday_mr,xday_mr#01,xday_mr,"{""anchor"": ""ma20"", ""theta"": 1.0, ""max_hold_days"": 5}",sh.688981,中芯国际,样本内,-4849.01,-2072.00,2777.01,578.00,2923244.00,144,74,-7042.26,-12116.00,0,144,-1494.00
xday_mr,xday_mr#01,xday_mr,"{""anchor"": ""ma20"", ""theta"": 1.0, ""max_hold_days"": 5}",sh.688981,中芯国际,样本外,-18841.81,-17226.00,1615.81,616.00,3053226.00,74,30,-26027.03,28280.00,0,74,-16610.00
xday_mr,xday_mr#01,xday_mr,"{""anchor"": ""ma20"", ""theta"": 1.0, ""max_hold_days"": 5}",sh.688099,晶晨股份,样本内,11285.08,16251.66,4966.58,1339.50,6761683.20,147,75,-16839.87,4686.84,0,147,17591.16
xday_mr,xday_mr#01,xday_mr,"{""anchor"": ""ma20"", ""theta"": 1.0, ""max_hold_days"": 5}",sh.688099,晶晨股份,样本外,11987.92,13795.44,1807.52,693.72,3491470.20,76,43,-15622.03,14319.96,0,76,14489.16
xday_mr,xday_mr#01,xday_mr,"{""anchor"": ""ma20"", ""theta"": 1.0, ""max_hold_days"": 5}",sz.300033,同花顺,样本内,-4669.04,-1543.00,3126.04,740.00,3696573.00,146,79,-16733.50,-9618.00,0,146,-803.00
xday_mr,xday_mr#01,xday_mr,"{""anchor"": ""ma20"", ""theta"": 1.0, ""max_hold_days"": 5}",sz.300033,同花顺,样本外,6134.10,8243.00,2108.90,809.00,4069553.00,76,44,-16239.97,40590.00,0,76,9052.00
xday_mr,xday_mr#01,xday_mr,"{""anchor"": ""ma20"", ""theta"": 1.0, ""max_hold_days"": 5}",sh.603369,今世缘,样本内,-6669.27,-2524.00,4145.27,1128.00,5818360.00,141,74,-15056.88,3624.00,0,141,-1396.00
xday_mr,xday_mr#01,xday_mr,"{""anchor"": ""ma20"", ""theta"": 1.0, ""max_hold_days"": 5}",sh.603369,今世缘,样本外,-8374.94,-6860.00,1514.94,668.00,2579964.00,84,40,-10735.20,-13784.00,6,84,-6192.00
xday_mr,xday_mr#01,xday_mr,"{""anchor"": ""ma20"", ""theta"": 1.0, ""max_hold_days"": 5}",sz.000596,古井贡酒,样本内,-8744.54,-4112.00,4632.54,1315.00,6600027.00,139,69,-13386.31,1058.00,0,139,-2797.00
xday_mr,xday_mr#01,xday_mr,"{""anchor"": ""ma20"", ""theta"": 1.0, ""max_hold_days"": 5}",sz.000596,古井贡酒,样本外,-52.59,1405.00,1457.59,482.00,2397981.00,83,40,-7286.53,-17386.00,0,83,1887.00
xday_mr,xday_mr#02,xday_mr,"{""anchor"": ""ma20"", ""theta"": 1.5, ""max_hold_days"": 2}",sh.688981,中芯国际,样本内,-3916.22,-762.00,3154.22,656.00,3301562.00,164,81,-6102.08,-12116.00,0,164,-106.00
xday_mr,xday_mr#02,xday_mr,"{""anchor"": ""ma20"", ""theta"": 1.5, ""max_hold_days"": 2}",sh.688981,中芯国际,样本外,12671.75,14638.00,1966.25,746.00,3690226.00,90,50,-4924.64,28280.00,0,90,15384.00
xday_mr,xday_mr#02,xday_mr,"{""anchor"": ""ma20"", ""theta"": 1.5, ""max_hold_days"": 2}",sh.688099,晶晨股份,样本内,2569.65,7069.74,4500.09,1237.98,6227747.22,143,75,-9294.95,4686.84,0,143,8307.72
xday_mr,xday_mr#02,xday_mr,"{""anchor"": ""ma20"", ""theta"": 1.5, ""max_hold_days"": 2}",sh.688099,晶晨股份,样本外,9731.72,11765.04,2033.32,786.78,3924069.48,86,47,-10863.52,14319.96,0,86,12551.82
xday_mr,xday_mr#02,xday_mr,"{""anchor"": ""ma20"", ""theta"": 1.5, ""max_hold_days"": 2}",sz.300033,同花顺,样本内,-6099.32,-2566.00,3533.32,821.00,4121270.00,165,77,-19979.44,-9618.00,0,165,-1745.00
xday_mr,xday_mr#02,xday_mr,"{""anchor"": ""ma20"", ""theta"": 1.5, ""max_hold_days"": 2}",sz.300033,同花顺,样本外,9951.81,12269.00,2317.19,892.00,4474635.00,81,49,-10051.66,40590.00,0,81,13161.00
xday_mr,xday_mr#02,xday_mr,"{""anchor"": ""ma20"", ""theta"": 1.5, ""max_hold_days"": 2}",sh.603369,今世缘,样本内,9041.70,13740.00,4698.30,1304.00,6666108.00,163,87,-5910.91,3624.00,0,163,15044.00
xday_mr,xday_mr#02,xday_mr,"{""anchor"": ""ma20"", ""theta"": 1.5, ""max_hold_days"": 2}",sh.603369,今世缘,样本外,-3831.19,-2060.00,1771.19,780.00,3020908.00,98,40,-6439.81,-13784.00,6,98,-1280.00
xday_mr,xday_mr#02,xday_mr,"{""anchor"": ""ma20"", ""theta"": 1.5, ""max_hold_days"": 2}",sz.000596,古井贡酒,样本内,-11077.55,-6049.00,5028.55,1462.00,7370032.00,156,67,-12381.21,1058.00,0,156,-4587.00
xday_mr,xday_mr#02,xday_mr,"{""anchor"": ""ma20"", ""theta"": 1.5, ""max_hold_days"": 2}",sz.000596,古井贡酒,样本外,1786.18,3582.00,1795.82,591.00,2936976.00,103,42,-7718.63,-17386.00,2,103,4173.00
xday_mr,xday_mr#03,xday_mr,"{""anchor"": ""ma20"", ""theta"": 1.5, ""max_hold_days"": 5}",sh.688981,中芯国际,样本内,-3047.13,-918.00,2129.13,440.00,2215654.00,110,55,-6454.47,-12116.00,0,110,-478.00
xday_mr,xday_mr#03,xday_mr,"{""anchor"": ""ma20"", ""theta"": 1.5, ""max_hold_days"": 5}",sh.688981,中芯国际,样本外,-2775.57,-1550.00,1225.57,464.00,2307358.00,56,24,-14496.50,28280.00,0,56,-1086.00
xday_mr,xday_mr#03,xday_mr,"{""anchor"": ""ma20"", ""theta"": 1.5, ""max_hold_days"": 5}",sh.688099,晶晨股份,样本内,4163.13,7123.32,2960.19,823.44,4082353.26,93,48,-13810.76,4686.84,0,93,7946.76
xday_mr,xday_mr#03,xday_mr,"{""anchor"": ""ma20"", ""theta"": 1.5, ""max_hold_days"": 5}",sh.688099,晶晨股份,样本外,5933.67,7286.88,1353.21,521.70,2615392.08,57,32,-12829.16,14319.96,0,57,7808.58
xday_mr,xday_mr#03,xday_mr,"{""anchor"": ""ma20"", ""theta"": 1.5, ""max_hold_days"": 5}",sz.300033,同花顺,样本内,-4709.15,-2335.00,2374.15,559.00,2799157.00,110,55,-20098.32,-9618.00,0,110,-1776.00
xday_mr,xday_mr#03,xday_mr,"{""anchor"": ""ma20"", ""theta"": 1.5, ""max_hold_days"": 5}",sz.300033,同花顺,样本外,14544.60,16163.00,1618.40,621.00,3114635.00,57,33,-10536.50,40590.00,0,57,16784.00
xday_mr,xday_mr#03,xday_mr,"{""anchor"": ""ma20"", ""theta"": 1.5, ""max_hold_days"": 5}",sh.603369,今世缘,样本内,-3373.48,-208.00,3165.48,872.00,4477960.00,109,53,-9255.77,3624.00,0,109,664.00
xday_mr,xday_mr#03,xday_mr,"{""anchor"": ""ma20"", ""theta"": 1.5, ""max_hold_days"": 5}",sh.603369,今世缘,样本外,-3834.35,-2660.00,1174.35,516.00,1999500.00,65,29,-8075.48,-13784.00,6,65,-2144.00
xday_mr,xday_mr#03,xday_mr,"{""anchor"": ""ma20"", ""theta"": 1.5, ""max_hold_days"": 5}",sz.000596,古井贡酒,样本内,-7036.68,-3770.00,3266.68,947.00,4734647.00,100,45,-12084.18,1058.00,0,100,-2823.00
xday_mr,xday_mr#03,xday_mr,"{""anchor"": ""ma20"", ""theta"": 1.5, ""max_hold_days"": 5}",sz.000596,古井贡酒,样本外,-273.15,862.00,1135.15,374.00,1861058.00,65,32,-8964.20,-17386.00,0,65,1236.00
xday_mr,xday_mr#04,xday_mr,"{""anchor"": ""ma20"", ""theta"": 2.0, ""max_hold_days"": 2}",sh.688981,中芯国际,样本内,-3723.26,-1744.00,1979.26,416.00,2077688.00,104,49,-4653.72,-12116.00,0,104,-1328.00
xday_mr,xday_mr#04,xday_mr,"{""anchor"": ""ma20"", ""theta"": 2.0, ""max_hold_days"": 2}",sh.688981,中芯国际,样本外,8148.78,9574.00,1425.22,540.00,2677866.00,65,35,-5315.58,28280.00,0,65,10114.00
xday_mr,xday_mr#04,xday_mr,"{""anchor"": ""ma20"", ""theta"": 2.0, ""max_hold_days"": 2}",sh.688099,晶晨股份,样本内,-5759.98,-3138.66,2621.32,721.92,3682116.30,88,41,-9310.29,4686.84,0,88,-2416.74
xday_mr,xday_mr#04,xday_mr,"{""anchor"": ""ma20"", ""theta"": 2.0, ""max_hold_days"": 2}",sh.688099,晶晨股份,样本外,5247.10,6522.66,1275.56,499.14,2462139.18,53,27,-9053.27,14319.96,0,53,7021.80
xday_mr,xday_mr#04,xday_mr,"{""anchor"": ""ma20"", ""theta"": 2.0, ""max_hold_days"": 2}",sz.300033,同花顺,样本内,-2674.44,-233.00,2441.44,550.00,2785309.00,113,56,-13479.64,-9618.00,0,113,317.00
xday_mr,xday_mr#04,xday_mr,"{""anchor"": ""ma20"", ""theta"": 2.0, ""max_hold_days"": 2}",sz.300033,同花顺,样本外,5699.61,7156.00,1456.39,555.00,2798908.00,51,28,-10051.66,40590.00,0,51,7711.00
xday_mr,xday_mr#04,xday_mr,"{""anchor"": ""ma20"", ""theta"": 2.0, ""max_hold_days"": 2}",sh.603369,今世缘,样本内,1493.26,4304.00,2810.74,800.00,4013932.00,100,46,-6932.11,3624.00,0,100,5104.00
xday_mr,xday_mr#04,xday_mr,"{""anchor"": ""ma20"", ""theta"": 2.0, ""max_hold_days"": 2}",sh.603369,今世缘,样本外,-4439.92,-3300.00,1139.92,504.00,1944124.00,63,26,-6354.55,-13784.00,0,63,-2796.00
xday_mr,xday_mr#04,xday_mr,"{""anchor"": ""ma20"", ""theta"": 2.0, ""max_hold_days"": 2}",sz.000596,古井贡酒,样本内,-5561.20,-2317.00,3244.20,941.00,4751798.00,101,47,-7373.33,1058.00,0,101,-1376.00
xday_mr,xday_mr#04,xday_mr,"{""anchor"": ""ma20"", ""theta"": 2.0, ""max_hold_days"": 2}",sz.000596,古井贡酒,样本外,880.49,2100.00,1219.51,402.00,1991502.00,70,28,-3870.36,-17386.00,2,70,2502.00
xday_mr,xday_mr#05,xday_mr,"{""anchor"": ""ma20"", ""theta"": 2.0, ""max_hold_days"": 5}",sh.688981,中芯国际,样本内,-603.91,830.00,1433.91,298.00,1507470.00,74,42,-3936.16,-12116.00,0,74,1128.00
xday_mr,xday_mr#05,xday_mr,"{""anchor"": ""ma20"", ""theta"": 2.0, ""max_hold_days"": 5}",sh.688981,中芯国际,样本外,-4280.86,-3398.00,882.86,334.00,1667358.00,40,19,-16513.21,28280.00,0,40,-3064.00
xday_mr,xday_mr#05,xday_mr,"{""anchor"": ""ma20"", ""theta"": 2.0, ""max_hold_days"": 5}",sh.688099,晶晨股份,样本内,7543.69,9413.16,1869.47,513.24,2596718.04,61,32,-7312.64,4686.84,0,61,9926.40
xday_mr,xday_mr#05,xday_mr,"{""anchor"": ""ma20"", ""theta"": 2.0, ""max_hold_days"": 5}",sh.688099,晶晨股份,样本外,772.85,1711.74,938.89,375.06,1815671.10,39,21,-10193.12,14319.96,0,39,2086.80
xday_mr,xday_mr#05,xday_mr,"{""anchor"": ""ma20"", ""theta"": 2.0, ""max_hold_days"": 5}",sz.300033,同花顺,样本内,-1654.83,97.00,1751.83,404.00,2028541.00,81,43,-16734.82,-9618.00,0,81,501.00
xday_mr,xday_mr#05,xday_mr,"{""anchor"": ""ma20"", ""theta"": 2.0, ""max_hold_days"": 5}",sz.300033,同花顺,样本外,7498.59,8524.00,1025.41,390.00,1964846.00,36,20,-10536.50,40590.00,0,36,8914.00
xday_mr,xday_mr#05,xday_mr,"{""anchor"": ""ma20"", ""theta"": 2.0, ""max_hold_days"": 5}",sh.603369,今世缘,样本内,-1634.87,316.00,1950.87,552.00,2792620.00,69,31,-12580.94,3624.00,0,69,868.00
xday_mr,xday_mr#05,xday_mr,"{""anchor"": ""ma20"", ""theta"": 2.0, ""max_hold_days"": 5}",sh.603369,今世缘,样本外,-4555.04,-3740.00,815.04,360.00,1389852.00,45,19,-7751.50,-13784.00,0,45,-3380.00
xday_mr,xday_mr#05,xday_mr,"{""anchor"": ""ma20"", ""theta"": 2.0, ""max_hold_days"": 5}",sz.000596,古井贡酒,样本内,-6085.41,-3936.00,2149.41,626.00,3134829.00,66,27,-9245.97,1058.00,0,66,-3310.00
xday_mr,xday_mr#05,xday_mr,"{""anchor"": ""ma20"", ""theta"": 2.0, ""max_hold_days"": 5}",sz.000596,古井贡酒,样本外,1388.43,2266.00,877.57,291.00,1446422.00,50,22,-7510.62,-17386.00,0,50,2557.00
xday_mr,xday_mr#06,xday_mr,"{""anchor"": ""pvwap"", ""theta"": 1.0, ""max_hold_days"": 2}",sh.688981,中芯国际,样本内,-3033.19,-518.00,2515.19,518.00,2636746.00,129,83,-4368.38,-12116.00,0,129,-0.00
xday_mr,xday_mr#06,xday_mr,"{""anchor"": ""pvwap"", ""theta"": 1.0, ""max_hold_days"": 2}",sh.688981,中芯国际,样本外,10816.90,12286.00,1469.10,556.00,2747466.00,67,45,-2921.99,28280.00,0,67,12842.00
xday_mr,xday_mr#06,xday_mr,"{""anchor"": ""pvwap"", ""theta"": 1.0, ""max_hold_days"": 2}",sh.688099,晶晨股份,样本内,-6297.65,-2822.82,3474.83,941.88,4781016.72,103,69,-9886.12,4686.84,0,103,-1880.94
xday_mr,xday_mr#06,xday_mr,"{""anchor"": ""pvwap"", ""theta"": 1.0, ""max_hold_days"": 2}",sh.688099,晶晨股份,样本外,-11283.54,-9779.76,1503.78,566.82,2928750.48,63,38,-13177.38,14319.96,0,63,-9212.94
xday_mr,xday_mr#06,xday_mr,"{""anchor"": ""pvwap"", ""theta"": 1.0, ""max_hold_days"": 2}",sz.300033,同花顺,样本内,-4728.12,-2264.00,2464.12,585.00,2930938.00,113,69,-8792.34,-9618.00,0,113,-1679.00
xday_mr,xday_mr#06,xday_mr,"{""anchor"": ""pvwap"", ""theta"": 1.0, ""max_hold_days"": 2}",sz.300033,同花顺,样本外,-4715.29,-2907.00,1808.29,689.00,3465551.00,66,43,-14948.55,40590.00,0,66,-2218.00
xday_mr,xday_mr#06,xday_mr,"{""anchor"": ""pvwap"", ""theta"": 1.0, ""max_hold_days"": 2}",sh.603369,今世缘,样本内,1196.24,4164.00,2967.76,836.00,4183296.00,104,72,-4827.76,3624.00,0,104,5000.00
xday_mr,xday_mr#06,xday_mr,"{""anchor"": ""pvwap"", ""theta"": 1.0, ""max_hold_days"": 2}",sh.603369,今世缘,样本外,-403.89,992.00,1395.89,616.00,2387168.00,77,46,-2252.65,-13784.00,0,77,1608.00
xday_mr,xday_mr#06,xday_mr,"{""anchor"": ""pvwap"", ""theta"": 1.0, ""max_hold_days"": 2}",sz.000596,古井贡酒,样本内,-2619.63,1161.00,3780.63,1070.00,5399240.00,114,75,-6025.94,1058.00,0,114,2231.00
xday_mr,xday_mr#06,xday_mr,"{""anchor"": ""pvwap"", ""theta"": 1.0, ""max_hold_days"": 2}",sz.000596,古井贡酒,样本外,1399.24,2608.00,1208.76,401.00,2014646.00,68,46,-4000.80,-17386.00,0,68,3009.00
xday_mr,xday_mr#07,xday_mr,"{""anchor"": ""pvwap"", ""theta"": 1.0, ""max_hold_days"": 5}",sh.688981,中芯国际,样本内,-2895.31,-380.00,2515.31,518.00,2636880.00,129,83,-4250.49,-12116.00,0,129,138.00
xday_mr,xday_mr#07,xday_mr,"{""anchor"": ""pvwap"", ""theta"": 1.0, ""max_hold_days"": 5}",sh.688981,中芯国际,样本外,10735.11,12204.00,1468.89,556.00,2747120.00,67,45,-3316.84,28280.00,0,67,12760.00
xday_mr,xday_mr#07,xday_mr,"{""anchor"": ""pvwap"", ""theta"": 1.0, ""max_hold_days"": 5}",sh.688099,晶晨股份,样本内,-7399.65,-3925.44,3474.21,939.06,4780540.14,103,69,-10988.12,4686.84,0,103,-2986.38
xday_mr,xday_mr#07,xday_mr,"{""anchor"": ""pvwap"", ""theta"": 1.0, ""max_hold_days"": 5}",sh.688099,晶晨股份,样本外,-10995.86,-9492.12,1503.74,566.82,2928530.52,63,38,-12760.08,14319.96,0,63,-8925.30
xday_mr,xday_mr#07,xday_mr,"{""anchor"": ""pvwap"", ""theta"": 1.0, ""max_hold_days"": 5}",sz.300033,同花顺,样本内,-3445.33,-981.00,2464.33,585.00,2930475.00,113,70,-8878.25,-9618.00,0,113,-396.00
xday_mr,xday_mr#07,xday_mr,"{""anchor"": ""pvwap"", ""theta"": 1.0, ""max_hold_days"": 5}",sz.300033,同花顺,样本外,-3701.49,-1893.00,1808.49,689.00,3465435.00,66,43,-14153.80,40590.00,0,66,-1204.00
xday_mr,xday_mr#07,xday_mr,"{""anchor"": ""pvwap"", ""theta"": 1.0, ""max_hold_days"": 5}",sh.603369,今世缘,样本内,3047.19,6016.00,2968.81,836.00,4183348.00,104,72,-4504.17,3624.00,0,104,6852.00
xday_mr,xday_mr#07,xday_mr,"{""anchor"": ""pvwap"", ""theta"": 1.0, ""max_hold_days"": 5}",sh.603369,今世缘,样本外,140.00,1536.00,1396.00,616.00,2387072.00,77,46,-2168.30,-13784.00,0,77,2152.00
xday_mr,xday_mr#07,xday_mr,"{""anchor"": ""pvwap"", ""theta"": 1.0, ""max_hold_days"": 5}",sz.000596,古井贡酒,样本内,-2189.10,1592.00,3781.10,1071.00,5399689.00,114,75,-5767.85,1058.00,0,114,2663.00
xday_mr,xday_mr#07,xday_mr,"{""anchor"": ""pvwap"", ""theta"": 1.0, ""max_hold_days"": 5}",sz.000596,古井贡酒,样本外,1144.19,2353.00,1208.81,401.00,2015083.00,68,47,-4415.76,-17386.00,0,68,2754.00
xday_mr,xday_mr#08,xday_mr,"{""anchor"": ""pvwap"", ""theta"": 1.5, ""max_hold_days"": 2}",sh.688981,中芯国际,样本内,-1967.72,-764.00,1203.72,248.00,1252568.00,62,39,-2932.34,-12116.00,0,62,-516.00
xday_mr,xday_mr#08,xday_mr,"{""anchor"": ""pvwap"", ""theta"": 1.5, ""max_hold_days"": 2}",sh.688981,中芯国际,样本外,9816.31,10454.00,637.69,242.00,1188590.00,29,21,-1246.58,28280.00,0,29,10696.00
xday_mr,xday_mr#08,xday_mr,"{""anchor"": ""pvwap"", ""theta"": 1.5, ""max_hold_days"": 2}",sh.688099,晶晨股份,样本内,-2375.54,-1232.34,1143.20,304.56,1565864.22,34,24,-6854.22,4686.84,0,34,-927.78
xday_mr,xday_mr#08,xday_mr,"{""anchor"": ""pvwap"", ""theta"": 1.5, ""max_hold_days"": 2}",sh.688099,晶晨股份,样本外,-4030.58,-3485.52,545.06,203.04,1053670.44,23,14,-6282.23,14319.96,0,23,-3282.48
xday_mr,xday_mr#08,xday_mr,"{""anchor"": ""pvwap"", ""theta"": 1.5, ""max_hold_days"": 2}",sz.300033,同花顺,样本内,-5995.95,-4790.00,1205.95,292.00,1479102.00,55,32,-9395.21,-9618.00,0,55,-4498.00
xday_mr,xday_mr#08,xday_mr,"{""anchor"": ""pvwap"", ""theta"": 1.5, ""max_hold_days"": 2}",sz.300033,同花顺,样本外,-5070.80,-4376.00,694.80,258.00,1303218.00,26,17,-10611.07,40590.00,0,26,-4118.00
xday_mr,xday_mr#08,xday_mr,"{""anchor"": ""pvwap"", ""theta"": 1.5, ""max_hold_days"": 2}",sh.603369,今世缘,样本内,2367.27,3184.00,816.73,220.00,1118300.00,27,21,-1303.46,3624.00,0,27,3404.00
xday_mr,xday_mr#08,xday_mr,"{""anchor"": ""pvwap"", ""theta"": 1.5, ""max_hold_days"": 2}",sh.603369,今世缘,样本外,-2172.04,-1720.00,452.04,196.00,775528.00,25,13,-2682.54,-13784.00,0,25,-1524.00
xday_mr,xday_mr#08,xday_mr,"{""anchor"": ""pvwap"", ""theta"": 1.5, ""max_hold_days"": 2}",sz.000596,古井贡酒,样本内,1671.20,2301.00,629.80,181.00,908776.00,19,9,-2193.17,1058.00,0,19,2482.00
xday_mr,xday_mr#08,xday_mr,"{""anchor"": ""pvwap"", ""theta"": 1.5, ""max_hold_days"": 2}",sz.000596,古井贡酒,样本外,2815.02,3171.00,355.98,124.00,619571.00,19,13,-434.21,-17386.00,0,19,3295.00
xday_mr,xday_mr#09,xday_mr,"{""anchor"": ""pvwap"", ""theta"": 1.5, ""max_hold_days"": 5}",sh.688981,中芯国际,样本内,-1831.83,-628.00,1203.83,248.00,1252704.00,62,39,-2892.36,-12116.00,0,62,-380.00
xday_mr,xday_mr#09,xday_mr,"{""anchor"": ""pvwap"", ""theta"": 1.5, ""max_hold_days"": 5}",sh.688981,中芯国际,样本外,9948.34,10586.00,637.66,242.00,1188458.00,29,21,-1203.19,28280.00,0,29,10828.00
xday_mr,xday_mr#09,xday_mr,"{""anchor"": ""pvwap"", ""theta"": 1.5, ""max_hold_days"": 5}",sh.688099,晶晨股份,样本内,-3055.33,-1911.96,1143.37,304.56,1566543.84,34,24,-6645.49,4686.84,0,34,-1607.40
xday_mr,xday_mr#09,xday_mr,"{""anchor"": ""pvwap"", ""theta"": 1.5, ""max_hold_days"": 5}",sh.688099,晶晨股份,样本外,-4005.10,-3460.14,544.96,203.04,1053453.30,23,14,-6256.74,14319.96,0,23,-3257.10
xday_mr,xday_mr#09,xday_mr,"{""anchor"": ""pvwap"", ""theta"": 1.5, ""max_hold_days"": 5}",sz.300033,同花顺,样本内,-4932.95,-3727.00,1205.95,291.00,1478419.00,55,33,-9481.13,-9618.00,0,55,-3436.00
xday_mr,xday_mr#09,xday_mr,"{""anchor"": ""pvwap"", ""theta"": 1.5, ""max_hold_days"": 5}",sz.300033,同花顺,样本外,-4606.80,-3912.00,694.80,258.00,1302990.00,26,17,-10147.07,40590.00,0,26,-3654.00
xday_mr,xday_mr#09,xday_mr,"{""anchor"": ""pvwap"", ""theta"": 1.5, ""max_hold_days"": 5}",sh.603369,今世缘,样本内,2363.33,3180.00,816.67,220.00,1118296.00,27,21,-1419.34,3624.00,0,27,3400.00
xday_mr,xday_mr#09,xday_mr,"{""anchor"": ""pvwap"", ""theta"": 1.5, ""max_hold_days"": 5}",sh.603369,今世缘,样本外,-1792.10,-1340.00,452.10,196.00,775404.00,25,13,-2430.54,-13784.00,0,25,-1144.00
xday_mr,xday_mr#09,xday_mr,"{""anchor"": ""pvwap"", ""theta"": 1.5, ""max_hold_days"": 5}",sz.000596,古井贡酒,样本内,1671.20,2301.00,629.80,181.00,908776.00,19,9,-2193.17,1058.00,0,19,2482.00
xday_mr,xday_mr#09,xday_mr,"{""anchor"": ""pvwap"", ""theta"": 1.5, ""max_hold_days"": 5}",sz.000596,古井贡酒,样本外,3067.90,3424.00,356.10,124.00,619824.00,19,13,-414.00,-17386.00,0,19,3548.00
xday_mr,xday_mr#10,xday_mr,"{""anchor"": ""pvwap"", ""theta"": 2.0, ""max_hold_days"": 2}",sh.688981,中芯国际,样本内,-509.50,-52.00,457.50,92.00,467464.00,23,17,-1303.92,-12116.00,0,23,40.00
xday_mr,xday_mr#10,xday_mr,"{""anchor"": ""pvwap"", ""theta"": 2.0, ""max_hold_days"": 2}",sh.688981,中芯国际,样本外,8894.98,9156.00,261.02,102.00,484584.00,12,11,-1203.19,28280.00,0,12,9258.00
xday_mr,xday_mr#10,xday_mr,"{""anchor"": ""pvwap"", ""theta"": 2.0, ""max_hold_days"": 2}",sh.688099,晶晨股份,样本内,-344.80,-42.30,302.50,78.96,418908.18,9,6,-1131.18,4686.84,0,9,36.66
xday_mr,xday_mr#10,xday_mr,"{""anchor"": ""pvwap"", ""theta"": 2.0, ""max_hold_days"": 2}",sh.688099,晶晨股份,样本外,-3447.99,-3271.20,176.79,67.68,340605.24,8,3,-3923.42,14319.96,0,8,-3203.52
xday_mr,xday_mr#10,xday_mr,"{""anchor"": ""pvwap"", ""theta"": 2.0, ""max_hold_days"": 2}",sz.300033,同花顺,样本内,-1311.78,-803.00,508.78,122.00,617313.00,24,13,-3133.71,-9618.00,0,24,-681.00
xday_mr,xday_mr#10,xday_mr,"{""anchor"": ""pvwap"", ""theta"": 2.0, ""max_hold_days"": 2}",sz.300033,同花顺,样本外,-7595.36,-7105.00,490.36,182.00,924409.00,18,10,-11403.64,40590.00,0,18,-6923.00
xday_mr,xday_mr#10,xday_mr,"{""anchor"": ""pvwap"", ""theta"": 2.0, ""max_hold_days"": 2}",sh.603369,今世缘,样本内,1530.59,1808.00,277.41,72.00,372768.00,9,7,-818.09,3624.00,0,9,1880.00
xday_mr,xday_mr#10,xday_mr,"{""anchor"": ""pvwap"", ""theta"": 2.0, ""max_hold_days"": 2}",sh.603369,今世缘,样本外,-1485.03,-1268.00,217.03,92.00,373820.00,12,7,-2127.17,-13784.00,0,12,-1176.00
xday_mr,xday_mr#10,xday_mr,"{""anchor"": ""pvwap"", ""theta"": 2.0, ""max_hold_days"": 2}",sz.000596,古井贡酒,样本内,1641.42,1746.00,104.58,33.00,163749.00,3,1,-574.35,1058.00,0,3,1779.00
xday_mr,xday_mr#10,xday_mr,"{""anchor"": ""pvwap"", ""theta"": 2.0, ""max_hold_days"": 2}",sz.000596,古井贡酒,样本外,1017.38,1144.00,126.62,42.00,216666.00,7,5,-250.95,-17386.00,0,7,1186.00
xday_mr,xday_mr#11,xday_mr,"{""anchor"": ""pvwap"", ""theta"": 2.0, ""max_hold_days"": 5}",sh.688981,中芯国际,样本内,-509.50,-52.00,457.50,92.00,467464.00,23,17,-1303.92,-12116.00,0,23,40.00
xday_mr,xday_mr#11,xday_mr,"{""anchor"": ""pvwap"", ""theta"": 2.0, ""max_hold_days"": 5}",sh.688981,中芯国际,样本外,8894.98,9156.00,261.02,102.00,484584.00,12,11,-1203.19,28280.00,0,12,9258.00
xday_mr,xday_mr#11,xday_mr,"{""anchor"": ""pvwap"", ""theta"": 2.0, ""max_hold_days"": 5}",sh.688099,晶晨股份,样本内,-353.26,-50.76,302.50,78.96,418916.64,9,6,-1131.18,4686.84,0,9,28.20
xday_mr,xday_mr#11,xday_mr,"{""anchor"": ""pvwap"", ""theta"": 2.0, ""max_hold_days"": 5}",sh.688099,晶晨股份,样本外,-3543.80,-3367.08,176.72,67.68,340509.36,8,3,-4019.23,14319.96,0,8,-3299.40
xday_mr,xday_mr#11,xday_mr,"{""anchor"": ""pvwap"", ""theta"": 2.0, ""max_hold_days"": 5}",sz.300033,同花顺,样本内,-1397.69,-889.00,508.69,122.00,617227.00,24,13,-3219.62,-9618.00,0,24,-767.00
xday_mr,xday_mr#11,xday_mr,"{""anchor"": ""pvwap"", ""theta"": 2.0, ""max_hold_days"": 5}",sz.300033,同花顺,样本外,-7131.36,-6641.00,490.36,182.00,924181.00,18,10,-10939.64,40590.00,0,18,-6459.00
xday_mr,xday_mr#11,xday_mr,"{""anchor"": ""pvwap"", ""theta"": 2.0, ""max_hold_days"": 5}",sh.603369,今世缘,样本内,1530.59,1808.00,277.41,72.00,372768.00,9,7,-818.09,3624.00,0,9,1880.00
xday_mr,xday_mr#11,xday_mr,"{""anchor"": ""pvwap"", ""theta"": 2.0, ""max_hold_days"": 5}",sh.603369,今世缘,样本外,-1233.03,-1016.00,217.03,92.00,373568.00,12,7,-2082.86,-13784.00,0,12,-924.00
xday_mr,xday_mr#11,xday_mr,"{""anchor"": ""pvwap"", ""theta"": 2.0, ""max_hold_days"": 5}",sz.000596,古井贡酒,样本内,1641.42,1746.00,104.58,33.00,163749.00,3,1,-574.35,1058.00,0,3,1779.00
xday_mr,xday_mr#11,xday_mr,"{""anchor"": ""pvwap"", ""theta"": 2.0, ""max_hold_days"": 5}",sz.000596,古井贡酒,样本外,1017.38,1144.00,126.62,42.00,216666.00,7,5,-250.95,-17386.00,0,7,1186.00
tod,tod#00,tod,"{""mode"": ""fixed"", ""side"": ""dao"", ""entry"": 935, ""exit"": ""1125""}",sh.688981,中芯国际,样本内,-28760.65,-9876.00,18884.65,3932.00,19886916.00,971,404,-31129.91,-12116.00,0,0,-5944.00
tod,tod#00,tod,"{""mode"": ""fixed"", ""side"": ""dao"", ""entry"": 935, ""exit"": ""1125""}",sh.688981,中芯国际,样本外,-30498.95,-19116.00,11382.95,4362.00,21423596.00,522,241,-36606.37,28280.00,0,0,-14754.00
tod,tod#00,tod,"{""mode"": ""fixed"", ""side"": ""dao"", ""entry"": 935, ""exit"": ""1125""}",sh.688099,晶晨股份,样本内,-19506.10,14071.80,33577.90,8897.10,45590759.52,971,484,-26699.27,4686.84,0,0,22968.90
tod,tod#00,tod,"{""mode"": ""fixed"", ""side"": ""dao"", ""entry"": 935, ""exit"": ""1125""}",sh.688099,晶晨股份,样本外,-23373.19,-10769.58,12603.61,4870.14,24459244.62,529,269,-28895.52,14319.96,0,0,-5899.44
tod,tod#00,tod,"{""mode"": ""fixed"", ""side"": ""dao"", ""entry"": 935, ""exit"": ""1125""}",sz.300033,同花顺,样本内,-33183.83,-12352.00,20831.83,4883.00,24449108.00,971,441,-37664.94,-9618.00,0,0,-7469.00
tod,tod#00,tod,"{""mode"": ""fixed"", ""side"": ""dao"", ""entry"": 935, ""exit"": ""1125""}",sz.300033,同花顺,样本外,-72036.80,-57254.00,14782.80,5666.00,28563626.00,527,246,-72771.93,40590.00,0,0,-51588.00
tod,tod#00,tod,"{""mode"": ""fixed"", ""side"": ""dao"", ""entry"": 935, ""exit"": ""1125""}",sh.603369,今世缘,样本内,-49866.36,-21140.00,28726.36,7760.00,40119884.00,971,462,-53811.33,3624.00,0,0,-13380.00
tod,tod#00,tod,"{""mode"": ""fixed"", ""side"": ""dao"", ""entry"": 935, ""exit"": ""1125""}",sh.603369,今世缘,样本外,-18655.45,-9168.00,9487.45,4216.00,16158264.00,527,247,-20514.32,-13784.00,0,0,-4952.00
tod,tod#00,tod,"{""mode"": ""fixed"", ""side"": ""dao"", ""entry"": 935, ""exit"": ""1125""}",sz.000596,古井贡酒,样本内,-67047.66,-34278.00,32769.66,9247.00,46331078.00,969,444,-70948.25,1058.00,7,2,-25031.00
tod,tod#00,tod,"{""mode"": ""fixed"", ""side"": ""dao"", ""entry"": 935, ""exit"": ""1125""}",sz.000596,古井贡酒,样本外,-16888.70,-7662.00,9226.70,3058.00,15212804.00,527,250,-17679.94,-17386.00,9,3,-4604.00
tod,tod#01,tod,"{""mode"": ""fixed"", ""side"": ""dao"", ""entry"": 935, ""exit"": ""EOD""}",sh.688981,中芯国际,样本内,-20270.50,-1386.00,18884.50,3940.00,19878426.00,971,444,-22568.42,-12116.00,0,0,2554.00
tod,tod#01,tod,"{""mode"": ""fixed"", ""side"": ""dao"", ""entry"": 935, ""exit"": ""EOD""}",sh.688981,中芯国际,样本外,-22177.80,-10796.00,11381.80,4356.00,21415276.00,522,268,-30344.86,28280.00,2,1,-6440.00
tod,tod#01,tod,"{""mode"": ""fixed"", ""side"": ""dao"", ""entry"": 935, ""exit"": ""EOD""}",sh.688099,晶晨股份,样本内,-26489.60,7089.48,33579.08,8916.84,45597741.84,971,486,-36370.16,4686.84,0,0,16006.32
tod,tod#01,tod,"{""mode"": ""fixed"", ""side"": ""dao"", ""entry"": 935, ""exit"": ""EOD""}",sh.688099,晶晨股份,样本外,-14900.20,-2298.30,12601.90,4870.14,24450773.34,529,266,-21429.47,14319.96,0,0,2571.84
tod,tod#01,tod,"{""mode"": ""fixed"", ""side"": ""dao"", ""entry"": 935, ""exit"": ""EOD""}",sz.300033,同花顺,样本内,-23416.71,-2585.00,20831.71,4877.00,24439341.00,971,466,-28337.79,-9618.00,0,0,2292.00
tod,tod#01,tod,"{""mode"": ""fixed"", ""side"": ""dao"", ""entry"": 935, ""exit"": ""EOD""}",sz.300033,同花顺,样本外,-55147.08,-40369.00,14778.08,5673.00,28546741.00,527,257,-56201.77,40590.00,4,2,-34696.00
tod,tod#01,tod,"{""mode"": ""fixed"", ""side"": ""dao"", ""entry"": 935, ""exit"": ""EOD""}",sh.603369,今世缘,样本内,-43105.34,-14380.00,28725.34,7768.00,40113124.00,971,458,-46291.03,3624.00,6,3,-6612.00
tod,tod#01,tod,"{""mode"": ""fixed"", ""side"": ""dao"", ""entry"": 935, ""exit"": ""EOD""}",sh.603369,今世缘,样本外,-15815.55,-6328.00,9487.55,4216.00,16155424.00,527,247,-17745.98,-13784.00,6,3,-2112.00
tod,tod#01,tod,"{""mode"": ""fixed"", ""side"": ""dao"", ""entry"": 935, ""exit"": ""EOD""}",sz.000596,古井贡酒,样本内,-67679.07,-34909.00,32770.07,9244.00,46331709.00,969,458,-73315.02,1058.00,12,6,-25665.00
tod,tod#01,tod,"{""mode"": ""fixed"", ""side"": ""dao"", ""entry"": 935, ""exit"": ""EOD""}",sz.000596,古井贡酒,样本外,-13172.64,-3946.00,9226.64,3063.00,15209088.00,527,261,-14750.13,-17386.00,12,6,-883.00
tod,tod#02,tod,"{""mode"": ""fixed"", ""side"": ""dao"", ""entry"": 1000, ""exit"": ""1125""}",sh.688981,中芯国际,样本内,-25378.31,-6490.00,18888.31,3928.00,19890302.00,971,380,-26784.98,-12116.00,0,0,-2562.00
tod,tod#02,tod,"{""mode"": ""fixed"", ""side"": ""dao"", ""entry"": 1000, ""exit"": ""1125""}",sh.688981,中芯国际,样本外,-22050.94,-10662.00,11388.94,4362.00,21432050.00,522,234,-25125.30,28280.00,0,0,-6300.00
tod,tod#02,tod,"{""mode"": ""fixed"", ""side"": ""dao"", ""entry"": 1000, ""exit"": ""1125""}",sh.688099,晶晨股份,样本内,-15101.19,18479.46,33580.65,8916.84,45595167.18,971,495,-19931.11,4686.84,0,0,27396.30
tod,tod#02,tod,"{""mode"": ""fixed"", ""side"": ""dao"", ""entry"": 1000, ""exit"": ""1125""}",sh.688099,晶晨股份,样本外,-20608.89,-8003.16,12605.73,4875.78,24462011.04,529,257,-26264.63,14319.96,0,0,-3127.38
tod,tod#02,tod,"{""mode"": ""fixed"", ""side"": ""dao"", ""entry"": 1000, ""exit"": ""1125""}",sz.300033,同花顺,样本内,-27957.33,-7119.00,20838.33,4885.00,24454341.00,971,450,-32403.57,-9618.00,0,0,-2234.00
tod,tod#02,tod,"{""mode"": ""fixed"", ""side"": ""dao"", ""entry"": 1000, ""exit"": ""1125""}",sz.300033,同花顺,样本外,-52586.28,-37789.00,14797.28,5675.00,28583091.00,527,260,-54083.62,40590.00,0,0,-32114.00
tod,tod#02,tod,"{""mode"": ""fixed"", ""side"": ""dao"", ""entry"": 1000, ""exit"": ""1125""}",sh.603369,今世缘,样本内,-39798.93,-11060.00,28738.93,7760.00,40129964.00,971,447,-43303.56,3624.00,0,0,-3300.00
tod,tod#02,tod,"{""mode"": ""fixed"", ""side"": ""dao"", ""entry"": 1000, ""exit"": ""1125""}",sh.603369,今世缘,样本外,-14113.42,-4580.00,9533.42,4232.00,16248020.00,529,229,-15843.66,-13784.00,0,0,-348.00
tod,tod#02,tod,"{""mode"": ""fixed"", ""side"": ""dao"", ""entry"": 1000, ""exit"": ""1125""}",sz.000596,古井贡酒,样本内,-54950.38,-22276.00,32674.38,9226.00,46200394.00,966,448,-58116.42,1058.00,6,2,-13050.00
tod,tod#02,tod,"{""mode"": ""fixed"", ""side"": ""dao"", ""entry"": 1000, ""exit"": ""1125""}",sz.000596,古井贡酒,样本外,-11552.87,-2344.00,9208.87,3049.00,15177528.00,526,252,-12468.07,-17386.00,6,2,705.00
tod,tod#03,tod,"{""mode"": ""fixed"", ""side"": ""dao"", ""entry"": 1000, ""exit"": ""EOD""}",sh.688981,中芯国际,样本内,-16888.15,2000.00,18888.15,3936.00,19881812.00,971,442,-18528.84,-12116.00,0,0,5936.00
tod,tod#03,tod,"{""mode"": ""fixed"", ""side"": ""dao"", ""entry"": 1000, ""exit"": ""EOD""}",sh.688981,中芯国际,样本外,-13729.79,-2342.00,11387.79,4356.00,21423730.00,522,268,-20472.25,28280.00,2,1,2014.00
tod,tod#03,tod,"{""mode"": ""fixed"", ""side"": ""dao"", ""entry"": 1000, ""exit"": ""EOD""}",sh.688099,晶晨股份,样本内,-22084.69,11497.14,33581.83,8936.58,45602149.50,971,507,-29917.60,4686.84,0,0,20433.72
tod,tod#03,tod,"{""mode"": ""fixed"", ""side"": ""dao"", ""entry"": 1000, ""exit"": ""EOD""}",sh.688099,晶晨股份,样本外,-12135.91,468.12,12604.03,4875.78,24453539.76,529,276,-22776.34,14319.96,0,0,5343.90
tod,tod#03,tod,"{""mode"": ""fixed"", ""side"": ""dao"", ""entry"": 1000, ""exit"": ""EOD""}",sz.300033,同花顺,样本内,-18190.22,2648.00,20838.22,4879.00,24444574.00,971,478,-22417.17,-9618.00,0,0,7527.00
tod,tod#03,tod,"{""mode"": ""fixed"", ""side"": ""dao"", ""entry"": 1000, ""exit"": ""EOD""}",sz.300033,同花顺,样本外,-35696.56,-20904.00,14792.56,5682.00,28566206.00,527,265,-41732.76,40590.00,4,2,-15222.00
tod,tod#03,tod,"{""mode"": ""fixed"", ""side"": ""dao"", ""entry"": 1000, ""exit"": ""EOD""}",sh.603369,今世缘,样本内,-33037.91,-4300.00,28737.91,7768.00,40123204.00,971,459,-35551.14,3624.00,6,3,3468.00
tod,tod#03,tod,"{""mode"": ""fixed"", ""side"": ""dao"", ""entry"": 1000, ""exit"": ""EOD""}",sh.603369,今世缘,样本外,-12913.94,-3380.00,9533.94,4228.00,16246820.00,529,261,-14613.83,-13784.00,8,4,848.00
tod,tod#03,tod,"{""mode"": ""fixed"", ""side"": ""dao"", ""entry"": 1000, ""exit"": ""EOD""}",sz.000596,古井贡酒,样本内,-55858.86,-23184.00,32674.86,9218.00,46201302.00,966,444,-60709.53,1058.00,10,5,-13966.00
tod,tod#03,tod,"{""mode"": ""fixed"", ""side"": ""dao"", ""entry"": 1000, ""exit"": ""EOD""}",sz.000596,古井贡酒,样本外,-7836.81,1372.00,9208.81,3054.00,15173812.00,526,273,-9853.33,-17386.00,10,5,4426.00
tod,tod#04,tod,"{""mode"": ""fixed"", ""side"": ""dao"", ""entry"": 1030, ""exit"": ""1125""}",sh.688981,中芯国际,样本内,-23791.85,-4902.00,18889.85,3928.00,19891890.00,971,340,-24508.53,-12116.00,0,0,-974.00
tod,tod#04,tod,"{""mode"": ""fixed"", ""side"": ""dao"", ""entry"": 1030, ""exit"": ""1125""}",sh.688981,中芯国际,样本外,-20889.66,-9500.00,11389.66,4364.00,21433212.00,522,231,-23327.52,28280.00,0,0,-5136.00
tod,tod#04,tod,"{""mode"": ""fixed"", ""side"": ""dao"", ""entry"": 1030, ""exit"": ""1125""}",sh.688099,晶晨股份,样本内,-22861.76,10710.36,33572.12,8902.74,45587398.08,971,461,-26452.58,4686.84,0,0,19613.10
tod,tod#04,tod,"{""mode"": ""fixed"", ""side"": ""dao"", ""entry"": 1030, ""exit"": ""1125""}",sh.688099,晶晨股份,样本外,-22020.75,-9415.98,12604.77,4864.50,24460598.22,529,244,-24024.54,14319.96,0,0,-4551.48
tod,tod#04,tod,"{""mode"": ""fixed"", ""side"": ""dao"", ""entry"": 1030, ""exit"": ""1125""}",sz.300033,同花顺,样本内,-23853.75,-3011.00,20842.75,4886.00,24458449.00,971,421,-26079.20,-9618.00,0,0,1875.00
tod,tod#04,tod,"{""mode"": ""fixed"", ""side"": ""dao"", ""entry"": 1030, ""exit"": ""1125""}",sz.300033,同花顺,样本外,-49946.45,-35147.00,14799.45,5669.00,28585733.00,527,218,-50044.54,40590.00,0,0,-29478.00
tod,tod#04,tod,"{""mode"": ""fixed"", ""side"": ""dao"", ""entry"": 1030, ""exit"": ""1125""}",sh.603369,今世缘,样本内,-30469.20,-1828.00,28641.20,7744.00,39997284.00,968,432,-31692.07,3624.00,0,0,5916.00
tod,tod#04,tod,"{""mode"": ""fixed"", ""side"": ""dao"", ""entry"": 1030, ""exit"": ""1125""}",sh.603369,今世缘,样本外,-16351.32,-6840.00,9511.32,4224.00,16204824.00,528,201,-16612.01,-13784.00,0,0,-2616.00
tod,tod#04,tod,"{""mode"": ""fixed"", ""side"": ""dao"", ""entry"": 1030, ""exit"": ""1125""}",sz.000596,古井贡酒,样本内,-51462.52,-18820.00,32642.52,9210.00,46154124.00,965,419,-52360.36,1058.00,3,1,-9610.00
tod,tod#04,tod,"{""mode"": ""fixed"", ""side"": ""dao"", ""entry"": 1030, ""exit"": ""1125""}",sz.000596,古井贡酒,样本外,-15199.63,-6000.00,9199.63,3044.00,15180204.00,525,226,-15426.64,-17386.00,3,1,-2956.00
tod,tod#05,tod,"{""mode"": ""fixed"", ""side"": ""dao"", ""entry"": 1030, ""exit"": ""EOD""}",sh.688981,中芯国际,样本内,-15301.70,3588.00,18889.70,3936.00,19883400.00,971,444,-16242.38,-12116.00,0,0,7524.00
tod,tod#05,tod,"{""mode"": ""fixed"", ""side"": ""dao"", ""entry"": 1030, ""exit"": ""EOD""}",sh.688981,中芯国际,样本外,-12568.50,-1180.00,11388.50,4358.00,21424892.00,522,263,-17607.15,28280.00,2,1,3178.00
tod,tod#05,tod,"{""mode"": ""fixed"", ""side"": ""dao"", ""entry"": 1030, ""exit"": ""EOD""}",sh.688099,晶晨股份,样本内,-29845.26,3728.04,33573.30,8922.48,45594380.40,971,480,-33766.39,4686.84,0,0,12650.52
tod,tod#05,tod,"{""mode"": ""fixed"", ""side"": ""dao"", ""entry"": 1030, ""exit"": ""EOD""}",sh.688099,晶晨股份,样本外,-13547.77,-944.70,12603.07,4864.50,24452126.94,529,264,-19718.27,14319.96,0,0,3919.80
tod,tod#05,tod,"{""mode"": ""fixed"", ""side"": ""dao"", ""entry"": 1030, ""exit"": ""EOD""}",sz.300033,同花顺,样本内,-14086.64,6756.00,20842.64,4880.00,24448682.00,971,479,-16705.56,-9618.00,0,0,11636.00
tod,tod#05,tod,"{""mode"": ""fixed"", ""side"": ""dao"", ""entry"": 1030, ""exit"": ""EOD""}",sz.300033,同花顺,样本外,-33056.73,-18262.00,14794.73,5676.00,28568848.00,527,266,-35416.98,40590.00,4,2,-12586.00
tod,tod#05,tod,"{""mode"": ""fixed"", ""side"": ""dao"", ""entry"": 1030, ""exit"": ""EOD""}",sh.603369,今世缘,样本内,-23192.04,5448.00,28640.04,7744.00,39990008.00,968,467,-24981.13,3624.00,2,1,13192.00
tod,tod#05,tod,"{""mode"": ""fixed"", ""side"": ""dao"", ""entry"": 1030, ""exit"": ""EOD""}",sh.603369,今世缘,样本外,-12943.27,-3432.00,9511.27,4224.00,16201416.00,528,255,-13215.85,-13784.00,6,3,792.00
tod,tod#05,tod,"{""mode"": ""fixed"", ""side"": ""dao"", ""entry"": 1030, ""exit"": ""EOD""}",sz.000596,古井贡酒,样本内,-52371.01,-19728.00,32643.01,9202.00,46155032.00,965,437,-54015.40,1058.00,8,4,-10526.00
tod,tod#05,tod,"{""mode"": ""fixed"", ""side"": ""dao"", ""entry"": 1030, ""exit"": ""EOD""}",sz.000596,古井贡酒,样本外,-11155.48,-1956.00,9199.48,3053.00,15176160.00,525,262,-11579.80,-17386.00,8,4,1097.00
tod,tod#06,tod,"{""mode"": ""fixed"", ""side"": ""zheng"", ""entry"": 935, ""exit"": ""1125""}",sh.688981,中芯国际,样本内,-16879.04,2012.00,18891.04,3932.00,19886932.00,971,366,-17215.79,-12116.00,0,0,5944.00
tod,tod#06,tod,"{""mode"": ""fixed"", ""side"": ""zheng"", ""entry"": 935, ""exit"": ""1125""}",sh.688981,中芯国际,样本外,-998.34,10392.00,11390.34,4362.00,21423592.00,522,230,-13584.71,28280.00,0,0,14754.00
tod,tod#06,tod,"{""mode"": ""fixed"", ""side"": ""zheng"", ""entry"": 935, ""exit"": ""1125""}",sh.688099,晶晨股份,样本内,-65422.99,-31866.00,33556.99,8897.10,45590753.88,971,416,-68537.60,4686.84,0,0,-22968.90
tod,tod#06,tod,"{""mode"": ""fixed"", ""side"": ""zheng"", ""entry"": 935, ""exit"": ""1125""}",sh.688099,晶晨股份,样本外,-11577.25,1029.30,12606.55,4870.14,24459238.98,529,223,-16105.22,14319.96,0,0,5899.44
tod,tod#06,tod,"{""mode"": ""fixed"", ""side"": ""zheng"", ""entry"": 935, ""exit"": ""1125""}",sz.300033,同花顺,样本内,-18256.32,2586.00,20842.32,4883.00,24449102.00,971,418,-18494.27,-9618.00,0,0,7469.00
tod,tod#06,tod,"{""mode"": ""fixed"", ""side"": ""zheng"", ""entry"": 935, ""exit"": ""1125""}",sz.300033,同花顺,样本外,31113.42,45922.00,14808.58,5666.00,28563618.00,527,244,-11081.08,40590.00,0,0,51588.00
tod,tod#06,tod,"{""mode"": ""fixed"", ""side"": ""zheng"", ""entry"": 935, ""exit"": ""1125""}",sh.603369,今世缘,样本内,-23131.32,5612.00,28743.32,7768.00,40119892.00,971,417,-28188.08,3624.00,0,0,13380.00
tod,tod#06,tod,"{""mode"": ""fixed"", ""side"": ""zheng"", ""entry"": 935, ""exit"": ""1125""}",sh.603369,今世缘,样本外,-8749.93,740.00,9489.93,4212.00,16158268.00,527,206,-12515.41,-13784.00,0,0,4952.00
tod,tod#06,tod,"{""mode"": ""fixed"", ""side"": ""zheng"", ""entry"": 935, ""exit"": ""1125""}",sz.000596,古井贡酒,样本内,-16532.76,16265.00,32797.76,9252.00,46331549.00,969,443,-22207.90,1058.00,1,0,25517.00
tod,tod#06,tod,"{""mode"": ""fixed"", ""side"": ""zheng"", ""entry"": 935, ""exit"": ""1125""}",sz.000596,古井贡酒,样本外,-9403.05,-175.00,9228.05,3055.00,15211091.00,527,215,-13097.64,-17386.00,0,0,2880.00
tod,tod#07,tod,"{""mode"": ""fixed"", ""side"": ""zheng"", ""entry"": 935, ""exit"": ""EOD""}",sh.688981,中芯国际,样本内,-25376.19,-6494.00,18882.19,3940.00,19878426.00,971,381,-26572.77,-12116.00,0,0,-2554.00
tod,tod#07,tod,"{""mode"": ""fixed"", ""side"": ""zheng"", ""entry"": 935, ""exit"": ""EOD""}",sh.688981,中芯国际,样本外,-10078.63,1306.00,11384.63,4362.00,21414506.00,522,217,-17349.04,28280.00,0,0,5668.00
tod,tod#07,tod,"{""mode"": ""fixed"", ""side"": ""zheng"", ""entry"": 935, ""exit"": ""EOD""}",sh.688099,晶晨股份,样本内,-58488.59,-24923.16,33565.43,8916.84,45597696.72,971,430,-70893.13,4686.84,0,0,-16006.32
tod,tod#07,tod,"{""mode"": ""fixed"", ""side"": ""zheng"", ""entry"": 935, ""exit"": ""EOD""}",sh.688099,晶晨股份,样本外,-20048.23,-7447.62,12600.61,4875.78,24450762.06,529,230,-22132.16,14319.96,0,0,-2571.84
tod,tod#07,tod,"{""mode"": ""fixed"", ""side"": ""zheng"", ""entry"": 935, ""exit"": ""EOD""}",sz.300033,同花顺,样本内,-28001.43,-7169.00,20832.43,4877.00,24439347.00,971,403,-28455.93,-9618.00,0,0,-2292.00
tod,tod#07,tod,"{""mode"": ""fixed"", ""side"": ""zheng"", ""entry"": 935, ""exit"": ""EOD""}",sz.300033,同花顺,样本外,11301.14,26095.00,14793.86,5672.00,28543791.00,527,237,-14926.55,40590.00,0,0,31767.00
tod,tod#07,tod,"{""mode"": ""fixed"", ""side"": ""zheng"", ""entry"": 935, ""exit"": ""EOD""}",sh.603369,今世缘,样本内,-30487.82,-1756.00,28731.82,7764.00,40112524.00,971,424,-33307.18,3624.00,0,0,6008.00
tod,tod#07,tod,"{""mode"": ""fixed"", ""side"": ""zheng"", ""entry"": 935, ""exit"": ""EOD""}",sh.603369,今世缘,样本外,-13043.87,-3556.00,9487.87,4216.00,16153972.00,527,226,-13750.32,-13784.00,2,1,660.00
tod,tod#07,tod,"{""mode"": ""fixed"", ""side"": ""zheng"", ""entry"": 935, ""exit"": ""EOD""}",sz.000596,古井贡酒,样本内,-16173.62,16624.00,32797.62,9242.00,46331908.00,969,429,-26312.09,1058.00,0,0,25866.00
tod,tod#07,tod,"{""mode"": ""fixed"", ""side"": ""zheng"", ""entry"": 935, ""exit"": ""EOD""}",sz.000596,古井贡酒,样本外,-14246.53,-5021.00,9225.53,3062.00,15206245.00,527,218,-17609.29,-17386.00,2,1,-1959.00
tod,tod#08,tod,"{""mode"": ""fixed"", ""side"": ""zheng"", ""entry"": 1000, ""exit"": ""1125""}",sh.688981,中芯国际,样本内,-20257.09,-1366.00,18891.09,3928.00,19890310.00,971,336,-20425.07,-12116.00,0,0,2562.00
tod,tod#08,tod,"{""mode"": ""fixed"", ""side"": ""zheng"", ""entry"": 1000, ""exit"": ""1125""}",sh.688981,中芯国际,样本外,-9454.10,1938.00,11392.10,4362.00,21432046.00,522,208,-14787.00,28280.00,0,0,6300.00
tod,tod#08,tod,"{""mode"": ""fixed"", ""side"": ""zheng"", ""entry"": 1000, ""exit"": ""1125""}",sh.688099,晶晨股份,样本内,-69870.38,-36313.14,33557.24,8916.84,45595201.02,971,370,-69870.38,4686.84,0,0,-27396.30
tod,tod#08,tod,"{""mode"": ""fixed"", ""side"": ""zheng"", ""entry"": 1000, ""exit"": ""1125""}",sh.688099,晶晨股份,样本外,-14355.70,-1748.40,12607.30,4875.78,24462016.68,529,219,-17415.02,14319.96,0,0,3127.38
tod,tod#08,tod,"{""mode"": ""fixed"", ""side"": ""zheng"", ""entry"": 1000, ""exit"": ""1125""}",sz.300033,同花顺,样本内,-23493.90,-2651.00,20842.90,4885.00,24454339.00,971,387,-23535.39,-9618.00,0,0,2234.00
tod,tod#08,tod,"{""mode"": ""fixed"", ""side"": ""zheng"", ""entry"": 1000, ""exit"": ""1125""}",sz.300033,同花顺,样本外,11625.67,26439.00,14813.33,5675.00,28583101.00,527,208,-14145.14,40590.00,0,0,32114.00
tod,tod#08,tod,"{""mode"": ""fixed"", ""side"": ""zheng"", ""entry"": 1000, ""exit"": ""1125""}",sh.603369,今世缘,样本内,-33212.82,-4468.00,28744.82,7768.00,40129972.00,971,380,-34243.54,3624.00,0,0,3300.00
tod,tod#08,tod,"{""mode"": ""fixed"", ""side"": ""zheng"", ""entry"": 1000, ""exit"": ""1125""}",sh.603369,今世缘,样本外,-13413.60,-3880.00,9533.60,4228.00,16248024.00,529,184,-13617.24,-13784.00,0,0,348.00
tod,tod#08,tod,"{""mode"": ""fixed"", ""side"": ""zheng"", ""entry"": 1000, ""exit"": ""1125""}",sz.000596,古井贡酒,样本内,-28891.95,3798.00,32689.95,9226.00,46200356.00,966,420,-30743.97,1058.00,0,0,13024.00
tod,tod#08,tod,"{""mode"": ""fixed"", ""side"": ""zheng"", ""entry"": 1000, ""exit"": ""1125""}",sz.000596,古井贡酒,样本外,-12846.57,-3638.00,9208.57,3046.00,15177650.00,526,198,-13244.14,-17386.00,0,0,-592.00
tod,tod#09,tod,"{""mode"": ""fixed"", ""side"": ""zheng"", ""entry"": 1000, ""exit"": ""EOD""}",sh.688981,中芯国际,样本内,-28754.23,-9872.00,18882.23,3936.00,19881804.00,971,357,-30027.65,-12116.00,0,0,-5936.00
tod,tod#09,tod,"{""mode"": ""fixed"", ""side"": ""zheng"", ""entry"": 1000, ""exit"": ""EOD""}",sh.688981,中芯国际,样本外,-18534.39,-7148.00,11386.39,4362.00,21422960.00,522,202,-23088.04,28280.00,0,0,-2786.00
tod,tod#09,tod,"{""mode"": ""fixed"", ""side"": ""zheng"", ""entry"": 1000, ""exit"": ""EOD""}",sh.688099,晶晨股份,样本内,-62935.98,-29370.30,33565.68,8936.58,45602143.86,971,390,-67858.50,4686.84,0,0,-20433.72
tod,tod#09,tod,"{""mode"": ""fixed"", ""side"": ""zheng"", ""entry"": 1000, ""exit"": ""EOD""}",sh.688099,晶晨股份,样本外,-22826.68,-10225.32,12601.36,4881.42,24453539.76,529,214,-24765.24,14319.96,0,0,-5343.90
tod,tod#09,tod,"{""mode"": ""fixed"", ""side"": ""zheng"", ""entry"": 1000, ""exit"": ""EOD""}",sz.300033,同花顺,样本内,-33239.01,-12406.00,20833.01,4879.00,24444584.00,971,375,-33324.36,-9618.00,0,0,-7527.00
tod,tod#09,tod,"{""mode"": ""fixed"", ""side"": ""zheng"", ""entry"": 1000, ""exit"": ""EOD""}",sz.300033,同花顺,样本外,-8186.62,6612.00,14798.62,5681.00,28563274.00,527,223,-22860.53,40590.00,0,0,12293.00
tod,tod#09,tod,"{""mode"": ""fixed"", ""side"": ""zheng"", ""entry"": 1000, ""exit"": ""EOD""}",sh.603369,今世缘,样本内,-40569.32,-11836.00,28733.32,7764.00,40122604.00,971,415,-40791.99,3624.00,0,0,-4072.00
tod,tod#09,tod,"{""mode"": ""fixed"", ""side"": ""zheng"", ""entry"": 1000, ""exit"": ""EOD""}",sh.603369,今世缘,样本外,-18123.21,-8592.00,9531.21,4232.00,16243312.00,529,197,-18123.21,-13784.00,2,1,-4360.00
tod,tod#09,tod,"{""mode"": ""fixed"", ""side"": ""zheng"", ""entry"": 1000, ""exit"": ""EOD""}",sz.000596,古井贡酒,样本内,-28066.40,4624.00,32690.40,9216.00,46201182.00,966,434,-30649.91,1058.00,0,0,13840.00
tod,tod#09,tod,"{""mode"": ""fixed"", ""side"": ""zheng"", ""entry"": 1000, ""exit"": ""EOD""}",sz.000596,古井贡酒,样本外,-17690.05,-8484.00,9206.05,3053.00,15172804.00,526,206,-17921.30,-17386.00,2,1,-5431.00
tod,tod#10,tod,"{""mode"": ""fixed"", ""side"": ""zheng"", ""entry"": 1030, ""exit"": ""1125""}",sh.688981,中芯国际,样本内,-21845.12,-2954.00,18891.12,3928.00,19891898.00,971,281,-22365.82,-12116.00,0,0,974.00
tod,tod#10,tod,"{""mode"": ""fixed"", ""side"": ""zheng"", ""entry"": 1030, ""exit"": ""1125""}",sh.688981,中芯国际,样本外,-10620.23,772.00,11392.23,4364.00,21433212.00,522,195,-14114.85,28280.00,0,0,5136.00
tod,tod#10,tod,"{""mode"": ""fixed"", ""side"": ""zheng"", ""entry"": 1030, ""exit"": ""1125""}",sh.688099,晶晨股份,样本内,-62072.09,-28515.84,33556.25,8902.74,45587403.72,971,357,-62072.09,4686.84,0,0,-19613.10
tod,tod#10,tod,"{""mode"": ""fixed"", ""side"": ""zheng"", ""entry"": 1030, ""exit"": ""1125""}",sh.688099,晶晨股份,样本外,-12920.07,-313.02,12607.05,4864.50,24460581.30,529,224,-16717.22,14319.96,0,0,4551.48
tod,tod#10,tod,"{""mode"": ""fixed"", ""side"": ""zheng"", ""entry"": 1030, ""exit"": ""1125""}",sz.300033,同花顺,样本内,-27604.55,-6761.00,20843.55,4886.00,24458449.00,971,338,-27644.76,-9618.00,0,0,-1875.00
tod,tod#10,tod,"{""mode"": ""fixed"", ""side"": ""zheng"", ""entry"": 1030, ""exit"": ""1125""}",sz.300033,同花顺,样本外,8994.81,23809.00,14814.19,5669.00,28585731.00,527,213,-12114.30,40590.00,0,0,29478.00
tod,tod#10,tod,"{""mode"": ""fixed"", ""side"": ""zheng"", ""entry"": 1030, ""exit"": ""1125""}",sh.603369,今世缘,样本内,-42296.62,-13660.00,28636.62,7744.00,39997284.00,968,338,-42296.62,3624.00,0,0,-5916.00
tod,tod#10,tod,"{""mode"": ""fixed"", ""side"": ""zheng"", ""entry"": 1030, ""exit"": ""1125""}",sh.603369,今世缘,样本外,-11116.63,-1604.00,9512.63,4220.00,16204828.00,528,174,-13744.76,-13784.00,0,0,2616.00
tod,tod#10,tod,"{""mode"": ""fixed"", ""side"": ""zheng"", ""entry"": 1030, ""exit"": ""1125""}",sz.000596,古井贡酒,样本内,-32623.35,29.00,32652.35,9210.00,46153729.00,965,379,-33193.96,1058.00,0,0,9239.00
tod,tod#10,tod,"{""mode"": ""fixed"", ""side"": ""zheng"", ""entry"": 1030, ""exit"": ""1125""}",sz.000596,古井贡酒,样本外,-11129.10,-1929.00,9200.10,3048.00,15178375.00,525,172,-13283.58,-17386.00,0,0,1119.00
tod,tod#11,tod,"{""mode"": ""fixed"", ""side"": ""zheng"", ""entry"": 1030, ""exit"": ""EOD""}",sh.688981,中芯国际,样本内,-30342.27,-11460.00,18882.27,3936.00,19883392.00,971,319,-31772.86,-12116.00,0,0,-7524.00
tod,tod#11,tod,"{""mode"": ""fixed"", ""side"": ""zheng"", ""entry"": 1030, ""exit"": ""EOD""}",sh.688981,中芯国际,样本外,-19700.52,-8314.00,11386.52,4364.00,21424126.00,522,212,-23762.87,28280.00,0,0,-3950.00
tod,tod#11,tod,"{""mode"": ""fixed"", ""side"": ""zheng"", ""entry"": 1030, ""exit"": ""EOD""}",sh.688099,晶晨股份,样本内,-55137.69,-21573.00,33564.69,8922.48,45594346.56,971,398,-59459.10,4686.84,0,0,-12650.52
tod,tod#11,tod,"{""mode"": ""fixed"", ""side"": ""zheng"", ""entry"": 1030, ""exit"": ""EOD""}",sh.688099,晶晨股份,样本外,-21391.05,-8789.94,12601.11,4870.14,24452104.38,529,229,-25638.98,14319.96,0,0,-3919.80
tod,tod#11,tod,"{""mode"": ""fixed"", ""side"": ""zheng"", ""entry"": 1030, ""exit"": ""EOD""}",sz.300033,同花顺,样本内,-37349.66,-16516.00,20833.66,4880.00,24448694.00,971,361,-37596.01,-9618.00,0,0,-11636.00
tod,tod#11,tod,"{""mode"": ""fixed"", ""side"": ""zheng"", ""entry"": 1030, ""exit"": ""EOD""}",sz.300033,同花顺,样本外,-10817.47,3982.00,14799.47,5675.00,28565904.00,527,215,-22607.10,40590.00,0,0,9657.00
tod,tod#11,tod,"{""mode"": ""fixed"", ""side"": ""zheng"", ""entry"": 1030, ""exit"": ""EOD""}",sh.603369,今世缘,样本内,-49421.41,-20796.00,28625.41,7740.00,39990148.00,968,390,-50272.67,3624.00,0,0,-13056.00
tod,tod#11,tod,"{""mode"": ""fixed"", ""side"": ""zheng"", ""entry"": 1030, ""exit"": ""EOD""}",sh.603369,今世缘,样本外,-15978.14,-6468.00,9510.14,4224.00,16199964.00,528,184,-16628.05,-13784.00,2,1,-2244.00
tod,tod#11,tod,"{""mode"": ""fixed"", ""side"": ""zheng"", ""entry"": 1030, ""exit"": ""EOD""}",sz.000596,古井贡酒,样本内,-31797.80,855.00,32652.80,9200.00,46154555.00,965,409,-34531.30,1058.00,0,0,10055.00
tod,tod#11,tod,"{""mode"": ""fixed"", ""side"": ""zheng"", ""entry"": 1030, ""exit"": ""EOD""}",sz.000596,古井贡酒,样本外,-16007.51,-6810.00,9197.51,3052.00,15173494.00,525,194,-16931.42,-17386.00,0,0,-3758.00
tod,tod#12,tod,"{""mode"": ""fixed"", ""side"": ""dao"", ""entry"": 1300, ""exit"": ""EOD""}",sh.688981,中芯国际,样本内,0.00,0.00,0.00,0.00,0.00,0,0,0.00,-12116.00,0,0,0.00
tod,tod#12,tod,"{""mode"": ""fixed"", ""side"": ""dao"", ""entry"": 1300, ""exit"": ""EOD""}",sh.688981,中芯国际,样本外,0.00,0.00,0.00,0.00,0.00,0,0,0.00,28280.00,0,0,0.00
tod,tod#12,tod,"{""mode"": ""fixed"", ""side"": ""dao"", ""entry"": 1300, ""exit"": ""EOD""}",sh.688099,晶晨股份,样本内,0.00,0.00,0.00,0.00,0.00,0,0,0.00,4686.84,0,0,0.00
tod,tod#12,tod,"{""mode"": ""fixed"", ""side"": ""dao"", ""entry"": 1300, ""exit"": ""EOD""}",sh.688099,晶晨股份,样本外,0.00,0.00,0.00,0.00,0.00,0,0,0.00,14319.96,0,0,0.00
tod,tod#12,tod,"{""mode"": ""fixed"", ""side"": ""dao"", ""entry"": 1300, ""exit"": ""EOD""}",sz.300033,同花顺,样本内,0.00,0.00,0.00,0.00,0.00,0,0,0.00,-9618.00,0,0,0.00
tod,tod#12,tod,"{""mode"": ""fixed"", ""side"": ""dao"", ""entry"": 1300, ""exit"": ""EOD""}",sz.300033,同花顺,样本外,0.00,0.00,0.00,0.00,0.00,0,0,0.00,40590.00,0,0,0.00
tod,tod#12,tod,"{""mode"": ""fixed"", ""side"": ""dao"", ""entry"": 1300, ""exit"": ""EOD""}",sh.603369,今世缘,样本内,0.00,0.00,0.00,0.00,0.00,0,0,0.00,3624.00,0,0,0.00
tod,tod#12,tod,"{""mode"": ""fixed"", ""side"": ""dao"", ""entry"": 1300, ""exit"": ""EOD""}",sh.603369,今世缘,样本外,0.00,0.00,0.00,0.00,0.00,0,0,0.00,-13784.00,0,0,0.00
tod,tod#12,tod,"{""mode"": ""fixed"", ""side"": ""dao"", ""entry"": 1300, ""exit"": ""EOD""}",sz.000596,古井贡酒,样本内,0.00,0.00,0.00,0.00,0.00,0,0,0.00,1058.00,0,0,0.00
tod,tod#12,tod,"{""mode"": ""fixed"", ""side"": ""dao"", ""entry"": 1300, ""exit"": ""EOD""}",sz.000596,古井贡酒,样本外,0.00,0.00,0.00,0.00,0.00,0,0,0.00,-17386.00,0,0,0.00
tod,tod#13,tod,"{""mode"": ""fixed"", ""side"": ""zheng"", ""entry"": 1300, ""exit"": ""EOD""}",sh.688981,中芯国际,样本内,0.00,0.00,0.00,0.00,0.00,0,0,0.00,-12116.00,0,0,0.00
tod,tod#13,tod,"{""mode"": ""fixed"", ""side"": ""zheng"", ""entry"": 1300, ""exit"": ""EOD""}",sh.688981,中芯国际,样本外,0.00,0.00,0.00,0.00,0.00,0,0,0.00,28280.00,0,0,0.00
tod,tod#13,tod,"{""mode"": ""fixed"", ""side"": ""zheng"", ""entry"": 1300, ""exit"": ""EOD""}",sh.688099,晶晨股份,样本内,0.00,0.00,0.00,0.00,0.00,0,0,0.00,4686.84,0,0,0.00
tod,tod#13,tod,"{""mode"": ""fixed"", ""side"": ""zheng"", ""entry"": 1300, ""exit"": ""EOD""}",sh.688099,晶晨股份,样本外,0.00,0.00,0.00,0.00,0.00,0,0,0.00,14319.96,0,0,0.00
tod,tod#13,tod,"{""mode"": ""fixed"", ""side"": ""zheng"", ""entry"": 1300, ""exit"": ""EOD""}",sz.300033,同花顺,样本内,0.00,0.00,0.00,0.00,0.00,0,0,0.00,-9618.00,0,0,0.00
tod,tod#13,tod,"{""mode"": ""fixed"", ""side"": ""zheng"", ""entry"": 1300, ""exit"": ""EOD""}",sz.300033,同花顺,样本外,0.00,0.00,0.00,0.00,0.00,0,0,0.00,40590.00,0,0,0.00
tod,tod#13,tod,"{""mode"": ""fixed"", ""side"": ""zheng"", ""entry"": 1300, ""exit"": ""EOD""}",sh.603369,今世缘,样本内,0.00,0.00,0.00,0.00,0.00,0,0,0.00,3624.00,0,0,0.00
tod,tod#13,tod,"{""mode"": ""fixed"", ""side"": ""zheng"", ""entry"": 1300, ""exit"": ""EOD""}",sh.603369,今世缘,样本外,0.00,0.00,0.00,0.00,0.00,0,0,0.00,-13784.00,0,0,0.00
tod,tod#13,tod,"{""mode"": ""fixed"", ""side"": ""zheng"", ""entry"": 1300, ""exit"": ""EOD""}",sz.000596,古井贡酒,样本内,0.00,0.00,0.00,0.00,0.00,0,0,0.00,1058.00,0,0,0.00
tod,tod#13,tod,"{""mode"": ""fixed"", ""side"": ""zheng"", ""entry"": 1300, ""exit"": ""EOD""}",sz.000596,古井贡酒,样本外,0.00,0.00,0.00,0.00,0.00,0,0,0.00,-17386.00,0,0,0.00
tod,tod#14,tod,"{""mode"": ""mom"", ""theta"": 0.0}",sh.688981,中芯国际,样本内,-18791.14,-280.00,18511.14,3854.00,19457416.00,955,230,-19206.83,-12116.00,0,0,3574.00
tod,tod#14,tod,"{""mode"": ""mom"", ""theta"": 0.0}",sh.688981,中芯国际,样本外,-13594.61,-2242.00,11352.61,4356.00,21368462.00,520,194,-14077.44,28280.00,0,0,2114.00
tod,tod#14,tod,"{""mode"": ""mom"", ""theta"": 0.0}",sh.688099,晶晨股份,样本内,-50907.79,-17433.24,33474.55,8908.38,45450938.28,968,317,-51225.26,4686.84,0,0,-8524.86
tod,tod#14,tod,"{""mode"": ""mom"", ""theta"": 0.0}",sh.688099,晶晨股份,样本外,-13132.62,-549.90,12582.72,4870.14,24413210.94,528,210,-14186.17,14319.96,0,0,4320.24
tod,tod#14,tod,"{""mode"": ""mom"", ""theta"": 0.0}",sz.300033,同花顺,样本内,-24690.32,-3944.00,20746.32,4858.00,24333544.00,967,294,-25266.57,-9618.00,0,0,914.00
tod,tod#14,tod,"{""mode"": ""mom"", ""theta"": 0.0}",sz.300033,同花顺,样本外,-24919.81,-10186.00,14733.81,5656.00,28450352.00,524,198,-25019.95,40590.00,2,1,-4530.00
tod,tod#14,tod,"{""mode"": ""mom"", ""theta"": 0.0}",sh.603369,今世缘,样本内,-35009.59,-6640.00,28369.59,7672.00,39605712.00,959,306,-35219.69,3624.00,0,0,1032.00
tod,tod#14,tod,"{""mode"": ""mom"", ""theta"": 0.0}",sh.603369,今世缘,样本外,-14204.27,-4924.00,9280.27,4120.00,15814412.00,515,122,-14297.61,-13784.00,0,0,-804.00
tod,tod#14,tod,"{""mode"": ""mom"", ""theta"": 0.0}",sz.000596,古井贡酒,样本内,-45490.25,-13031.00,32459.25,9156.00,45910733.00,960,293,-45686.27,1058.00,0,0,-3875.00
tod,tod#14,tod,"{""mode"": ""mom"", ""theta"": 0.0}",sz.000596,古井贡酒,样本外,-12204.47,-3117.00,9087.47,3015.00,14979283.00,519,152,-12212.59,-17386.00,0,0,-102.00
tod,tod#15,tod,"{""mode"": ""mom"", ""theta"": 0.25}",sh.688981,中芯国际,样本内,-7216.11,1932.00,9148.11,1910.00,9679212.00,475,124,-7492.25,-12116.00,0,0,3842.00
tod,tod#15,tod,"{""mode"": ""mom"", ""theta"": 0.25}",sh.688981,中芯国际,样本外,-4351.70,1686.00,6037.70,2296.00,11406286.00,270,114,-4951.50,28280.00,0,0,3982.00
tod,tod#15,tod,"{""mode"": ""mom"", ""theta"": 0.25}",sh.688099,晶晨股份,样本内,-23861.94,-6827.22,17034.72,4531.74,23106389.10,491,162,-24223.24,4686.84,0,0,-2295.48
tod,tod#15,tod,"{""mode"": ""mom"", ""theta"": 0.25}",sh.688099,晶晨股份,样本外,-4376.65,2024.76,6401.41,2490.06,12443644.80,263,112,-6408.80,14319.96,0,0,4514.82
tod,tod#15,tod,"{""mode"": ""mom"", ""theta"": 0.25}",sz.300033,同花顺,样本内,-14438.48,-4046.00,10392.48,2464.00,12313436.00,485,145,-15087.05,-9618.00,0,0,-1582.00
tod,tod#15,tod,"{""mode"": ""mom"", ""theta"": 0.25}",sz.300033,同花顺,样本外,-11488.75,-4189.00,7299.75,2800.00,14072119.00,260,108,-11663.93,40590.00,0,0,-1389.00
tod,tod#15,tod,"{""mode"": ""mom"", ""theta"": 0.25}",sh.603369,今世缘,样本内,-21544.13,-6656.00,14888.13,4040.00,20941560.00,505,162,-21592.44,3624.00,0,0,-2616.00
tod,tod#15,tod,"{""mode"": ""mom"", ""theta"": 0.25}",sh.603369,今世缘,样本外,-7601.43,-2216.00,5385.43,2392.00,9164168.00,299,82,-7643.27,-13784.00,0,0,176.00
tod,tod#15,tod,"{""mode"": ""mom"", ""theta"": 0.25}",sz.000596,古井贡酒,样本内,-25554.39,-9108.00,16446.39,4643.00,23307262.00,489,149,-25772.47,1058.00,0,0,-4465.00
tod,tod#15,tod,"{""mode"": ""mom"", ""theta"": 0.25}",sz.000596,古井贡酒,样本外,-6135.52,-1171.00,4964.52,1638.00,8158959.00,284,89,-6395.76,-17386.00,0,0,467.00
tod,tod#16,tod,"{""mode"": ""mom"", ""theta"": 0.5}",sh.688981,中芯国际,样本内,-2798.95,856.00,3654.95,756.00,3848664.00,188,49,-2944.63,-12116.00,0,0,1612.00
tod,tod#16,tod,"{""mode"": ""mom"", ""theta"": 0.5}",sh.688981,中芯国际,样本外,-2149.09,474.00,2623.09,994.00,4979854.00,117,47,-2494.52,28280.00,0,0,1468.00
tod,tod#16,tod,"{""mode"": ""mom"", ""theta"": 0.5}",sh.688099,晶晨股份,样本内,-10662.72,-2946.90,7715.82,2075.52,10467154.74,221,74,-10975.32,4686.84,0,0,-871.38
tod,tod#16,tod,"{""mode"": ""mom"", ""theta"": 0.5}",sh.688099,晶晨股份,样本外,-943.39,1508.70,2452.09,961.62,4772728.74,100,54,-2341.57,14319.96,0,0,2470.32
tod,tod#16,tod,"{""mode"": ""mom"", ""theta"": 0.5}",sz.300033,同花顺,样本内,-6150.55,-1959.00,4191.55,984.00,4914993.00,196,58,-6431.37,-9618.00,0,0,-975.00
tod,tod#16,tod,"{""mode"": ""mom"", ""theta"": 0.5}",sz.300033,同花顺,样本外,-7906.82,-4536.00,3370.82,1303.00,6525280.00,121,49,-8137.92,40590.00,0,0,-3233.00
tod,tod#16,tod,"{""mode"": ""mom"", ""theta"": 0.5}",sh.603369,今世缘,样本内,-10703.17,-3800.00,6903.17,1888.00,9687064.00,236,73,-10791.53,3624.00,0,0,-1912.00
tod,tod#16,tod,"{""mode"": ""mom"", ""theta"": 0.5}",sh.603369,今世缘,样本外,-3226.37,-680.00,2546.37,1128.00,4335832.00,141,41,-3440.14,-13784.00,0,0,448.00
tod,tod#16,tod,"{""mode"": ""mom"", ""theta"": 0.5}",sz.000596,古井贡酒,样本内,-11909.65,-4513.00,7396.65,2102.00,10508019.00,223,70,-12110.55,1058.00,0,0,-2411.00
tod,tod#16,tod,"{""mode"": ""mom"", ""theta"": 0.5}",sz.000596,古井贡酒,样本外,-3019.63,-572.00,2447.63,806.00,4022754.00,140,43,-3602.94,-17386.00,0,0,234.00
vwap_eod,vwap_eod#00,vwap_band_eod,"{""k"": 3.0, ""s"": 4.0}",sh.688981,中芯国际,样本内,-7234.22,422.00,7656.22,1604.00,8360078.00,393,169,-8084.57,-12116.00,0,0,2026.00
vwap_eod,vwap_eod#00,vwap_band_eod,"{""k"": 3.0, ""s"": 4.0}",sh.688981,中芯国际,样本外,-6395.47,274.00,6669.47,2568.00,12570570.00,303,128,-14755.50,28280.00,0,0,2842.00
vwap_eod,vwap_eod#00,vwap_band_eod,"{""k"": 3.0, ""s"": 4.0}",sh.688099,晶晨股份,样本内,-3895.99,11037.48,14933.47,3948.00,20267277.96,436,210,-14551.22,4686.84,0,0,14985.48
vwap_eod,vwap_eod#00,vwap_band_eod,"{""k"": 3.0, ""s"": 4.0}",sh.688099,晶晨股份,样本外,-10275.41,-3736.50,6538.91,2554.92,12705033.42,273,115,-19765.84,14319.96,0,0,-1181.58
vwap_eod,vwap_eod#00,vwap_band_eod,"{""k"": 3.0, ""s"": 4.0}",sz.300033,同花顺,样本内,-9679.49,1168.00,10847.49,2549.00,12774098.00,509,248,-13289.54,-9618.00,0,0,3717.00
vwap_eod,vwap_eod#00,vwap_band_eod,"{""k"": 3.0, ""s"": 4.0}",sz.300033,同花顺,样本外,-11212.19,-3523.00,7689.19,2956.00,14821047.00,275,128,-16178.31,40590.00,0,0,-567.00
vwap_eod,vwap_eod#00,vwap_band_eod,"{""k"": 3.0, ""s"": 4.0}",sh.603369,今世缘,样本内,-6625.14,7616.00,14241.14,3832.00,19812120.00,480,239,-11288.04,3624.00,10,0,11448.00
vwap_eod,vwap_eod#00,vwap_band_eod,"{""k"": 3.0, ""s"": 4.0}",sh.603369,今世缘,样本外,-10332.97,-6120.00,4212.97,1868.00,7157824.00,234,81,-10977.37,-13784.00,8,1,-4252.00
vwap_eod,vwap_eod#00,vwap_band_eod,"{""k"": 3.0, ""s"": 4.0}",sz.000596,古井贡酒,样本内,-10625.00,5304.00,15929.00,4470.00,22489880.00,471,236,-16582.49,1058.00,0,0,9774.00
vwap_eod,vwap_eod#00,vwap_band_eod,"{""k"": 3.0, ""s"": 4.0}",sz.000596,古井贡酒,样本外,-13357.58,-8215.00,5142.58,1673.00,8392493.00,296,115,-13357.58,-17386.00,4,2,-6542.00
vwap_eod,vwap_eod#01,vwap_band_eod,"{""k"": 3.0, ""s"": 8.0}",sh.688981,中芯国际,样本内,-6830.03,826.00,7656.03,1604.00,8359394.00,393,174,-7723.00,-12116.00,0,0,2430.00
vwap_eod,vwap_eod#01,vwap_band_eod,"{""k"": 3.0, ""s"": 8.0}",sh.688981,中芯国际,样本外,-3501.55,3168.00,6669.55,2566.00,12569556.00,303,135,-11813.48,28280.00,0,0,5734.00
vwap_eod,vwap_eod#01,vwap_band_eod,"{""k"": 3.0, ""s"": 8.0}",sh.688099,晶晨股份,样本内,-2072.31,12862.02,14934.33,3948.00,20269418.34,436,216,-16743.77,4686.84,0,0,16810.02
vwap_eod,vwap_eod#01,vwap_band_eod,"{""k"": 3.0, ""s"": 8.0}",sh.688099,晶晨股份,样本外,-11301.42,-4762.98,6538.44,2557.74,12704819.10,273,117,-19167.80,14319.96,0,0,-2205.24
vwap_eod,vwap_eod#01,vwap_band_eod,"{""k"": 3.0, ""s"": 8.0}",sz.300033,同花顺,样本内,-12707.53,-1862.00,10845.53,2548.00,12771954.00,509,257,-16279.58,-9618.00,0,0,686.00
vwap_eod,vwap_eod#01,vwap_band_eod,"{""k"": 3.0, ""s"": 8.0}",sz.300033,同花顺,样本外,-27372.38,-19682.00,7690.38,2958.00,14831420.00,275,132,-30981.72,40590.00,0,0,-16724.00
vwap_eod,vwap_eod#01,vwap_band_eod,"{""k"": 3.0, ""s"": 8.0}",sh.603369,今世缘,样本内,-3534.77,10704.00,14238.77,3828.00,19806648.00,480,247,-10640.35,3624.00,13,1,14532.00
vwap_eod,vwap_eod#01,vwap_band_eod,"{""k"": 3.0, ""s"": 8.0}",sh.603369,今世缘,样本外,-9292.87,-5080.00,4212.87,1872.00,7156752.00,234,88,-9937.27,-13784.00,4,2,-3208.00
vwap_eod,vwap_eod#01,vwap_band_eod,"{""k"": 3.0, ""s"": 8.0}",sz.000596,古井贡酒,样本内,-5609.29,10318.00,15927.29,4469.00,22484310.00,471,244,-11317.01,1058.00,6,3,14787.00
vwap_eod,vwap_eod#01,vwap_band_eod,"{""k"": 3.0, ""s"": 8.0}",sz.000596,古井贡酒,样本外,-11068.18,-5925.00,5143.18,1673.00,8391153.00,296,126,-11216.78,-17386.00,6,3,-4252.00
vwap_eod,vwap_eod#02,vwap_band_eod,"{""k"": 3.0, ""s"": 0.0}",sh.688981,中芯国际,样本内,-8317.81,-662.00,7655.81,1604.00,8360510.00,393,175,-9286.46,-12116.00,0,0,942.00
vwap_eod,vwap_eod#02,vwap_band_eod,"{""k"": 3.0, ""s"": 0.0}",sh.688981,中芯国际,样本外,-7426.21,-756.00,6670.21,2560.00,12573340.00,303,135,-15324.08,28280.00,2,1,1804.00
vwap_eod,vwap_eod#02,vwap_band_eod,"{""k"": 3.0, ""s"": 0.0}",sh.688099,晶晨股份,样本内,-1299.29,13634.70,14933.99,3948.00,20268893.82,436,216,-15064.15,4686.84,0,0,17582.70
vwap_eod,vwap_eod#02,vwap_band_eod,"{""k"": 3.0, ""s"": 0.0}",sh.688099,晶晨股份,样本外,-3399.81,3138.66,6538.47,2557.74,12700966.98,273,119,-12256.65,14319.96,0,0,5696.40
vwap_eod,vwap_eod#02,vwap_band_eod,"{""k"": 3.0, ""s"": 0.0}",sz.300033,同花顺,样本内,-11590.77,-744.00,10846.77,2548.00,12774248.00,509,257,-15029.79,-9618.00,0,0,1804.00
vwap_eod,vwap_eod#02,vwap_band_eod,"{""k"": 3.0, ""s"": 0.0}",sz.300033,同花顺,样本外,-29808.02,-22118.00,7690.02,2958.00,14834192.00,275,135,-35440.78,40590.00,4,2,-19160.00
vwap_eod,vwap_eod#02,vwap_band_eod,"{""k"": 3.0, ""s"": 0.0}",sh.603369,今世缘,样本内,314.99,14556.00,14241.01,3836.00,19806820.00,480,249,-8190.14,3624.00,6,3,18392.00
vwap_eod,vwap_eod#02,vwap_band_eod,"{""k"": 3.0, ""s"": 0.0}",sh.603369,今世缘,样本外,-10333.17,-6120.00,4213.17,1872.00,7158560.00,234,88,-10977.57,-13784.00,8,4,-4248.00
vwap_eod,vwap_eod#02,vwap_band_eod,"{""k"": 3.0, ""s"": 0.0}",sz.000596,古井贡酒,样本内,-2724.92,13202.00,15926.92,4467.00,22481790.00,471,244,-8640.69,1058.00,10,5,17669.00
vwap_eod,vwap_eod#02,vwap_band_eod,"{""k"": 3.0, ""s"": 0.0}",sz.000596,古井贡酒,样本外,-12564.43,-7421.00,5143.43,1674.00,8393251.00,296,126,-12756.02,-17386.00,14,7,-5747.00
vwap_eod,vwap_eod#03,vwap_band_eod,"{""k"": 4.0, ""s"": 4.0}",sh.688981,中芯国际,样本内,-4727.38,220.00,4947.38,1032.00,5305780.00,255,105,-4936.34,-12116.00,0,0,1252.00
vwap_eod,vwap_eod#03,vwap_band_eod,"{""k"": 4.0, ""s"": 4.0}",sh.688981,中芯国际,样本外,-5167.07,-1356.00,3811.07,1464.00,7189804.00,175,82,-6447.36,28280.00,0,0,108.00
vwap_eod,vwap_eod#03,vwap_band_eod,"{""k"": 4.0, ""s"": 4.0}",sh.688099,晶晨股份,样本内,4907.84,11694.54,6786.70,1779.42,9146836.38,197,104,-5244.60,4686.84,0,0,13473.96
vwap_eod,vwap_eod#03,vwap_band_eod,"{""k"": 4.0, ""s"": 4.0}",sh.688099,晶晨股份,样本外,-6473.16,-3062.52,3410.64,1325.40,6618297.48,142,64,-8078.66,14319.96,0,0,-1737.12
vwap_eod,vwap_eod#03,vwap_band_eod,"{""k"": 4.0, ""s"": 4.0}",sz.300033,同花顺,样本内,-8385.69,-2090.00,6295.69,1484.00,7402996.00,296,145,-10389.26,-9618.00,0,0,-606.00
vwap_eod,vwap_eod#03,vwap_band_eod,"{""k"": 4.0, ""s"": 4.0}",sz.300033,同花顺,样本外,-19027.62,-14748.00,4279.62,1645.00,8221336.00,156,60,-22223.92,40590.00,0,0,-13103.00
vwap_eod,vwap_eod#03,vwap_band_eod,"{""k"": 4.0, ""s"": 4.0}",sh.603369,今世缘,样本内,-848.65,6448.00,7296.65,1948.00,10084360.00,244,132,-6786.48,3624.00,10,0,8396.00
vwap_eod,vwap_eod#03,vwap_band_eod,"{""k"": 4.0, ""s"": 4.0}",sh.603369,今世缘,样本外,-2078.82,784.00,2862.82,1276.00,4828016.00,160,75,-4554.96,-13784.00,6,0,2060.00
vwap_eod,vwap_eod#03,vwap_band_eod,"{""k"": 4.0, ""s"": 4.0}",sz.000596,古井贡酒,样本内,295.80,8062.00,7766.20,2159.00,10878546.00,229,115,-4943.87,1058.00,35,2,10221.00
vwap_eod,vwap_eod#03,vwap_band_eod,"{""k"": 4.0, ""s"": 4.0}",sz.000596,古井贡酒,样本外,-7331.40,-4197.00,3134.40,1020.00,5091977.00,181,83,-7562.46,-17386.00,4,2,-3177.00
vwap_eod,vwap_eod#04,vwap_band_eod,"{""k"": 4.0, ""s"": 8.0}",sh.688981,中芯国际,样本内,-4968.98,-22.00,4946.98,1032.00,5305098.00,255,108,-4968.98,-12116.00,0,0,1010.00
vwap_eod,vwap_eod#04,vwap_band_eod,"{""k"": 4.0, ""s"": 8.0}",sh.688981,中芯国际,样本外,-5966.66,-2156.00,3810.66,1464.00,7189512.00,175,83,-7281.04,28280.00,0,0,-692.00
vwap_eod,vwap_eod#04,vwap_band_eod,"{""k"": 4.0, ""s"": 8.0}",sh.688099,晶晨股份,样本内,2387.04,9170.64,6783.60,1779.42,9145011.84,197,108,-6626.99,4686.84,0,0,10950.06
vwap_eod,vwap_eod#04,vwap_band_eod,"{""k"": 4.0, ""s"": 8.0}",sh.688099,晶晨股份,样本外,697.50,4108.74,3411.24,1325.40,6616258.62,142,68,-3870.42,14319.96,0,0,5434.14
vwap_eod,vwap_eod#04,vwap_band_eod,"{""k"": 4.0, ""s"": 8.0}",sz.300033,同花顺,样本内,-10500.75,-4206.00,6294.75,1485.00,7401760.00,296,149,-11929.60,-9618.00,0,0,-2721.00
vwap_eod,vwap_eod#04,vwap_band_eod,"{""k"": 4.0, ""s"": 8.0}",sz.300033,同花顺,样本外,-27539.42,-23259.00,4280.42,1640.00,8227475.00,156,63,-31752.71,40590.00,0,0,-21619.00
vwap_eod,vwap_eod#04,vwap_band_eod,"{""k"": 4.0, ""s"": 8.0}",sh.603369,今世缘,样本内,1606.25,8904.00,7297.75,1944.00,10084720.00,244,138,-5652.61,3624.00,13,1,10848.00
vwap_eod,vwap_eod#04,vwap_band_eod,"{""k"": 4.0, ""s"": 8.0}",sh.603369,今世缘,样本外,-3282.11,-420.00,2862.11,1280.00,4826852.00,160,77,-4486.66,-13784.00,2,1,860.00
vwap_eod,vwap_eod#04,vwap_band_eod,"{""k"": 4.0, ""s"": 8.0}",sz.000596,古井贡酒,样本内,3132.30,10898.00,7765.70,2157.00,10875880.00,229,119,-3207.95,1058.00,6,3,13055.00
vwap_eod,vwap_eod#04,vwap_band_eod,"{""k"": 4.0, ""s"": 8.0}",sz.000596,古井贡酒,样本外,-5529.35,-2394.00,3135.35,1021.00,5092468.00,181,91,-6377.69,-17386.00,6,3,-1373.00
vwap_eod,vwap_eod#05,vwap_band_eod,"{""k"": 4.0, ""s"": 0.0}",sh.688981,中芯国际,样本内,-5960.83,-1014.00,4946.83,1032.00,5305770.00,255,109,-5960.83,-12116.00,0,0,18.00
vwap_eod,vwap_eod#05,vwap_band_eod,"{""k"": 4.0, ""s"": 0.0}",sh.688981,中芯国际,样本外,-7714.85,-3904.00,3810.85,1458.00,7191432.00,175,84,-9025.21,28280.00,2,1,-2446.00
vwap_eod,vwap_eod#05,vwap_band_eod,"{""k"": 4.0, ""s"": 0.0}",sh.688099,晶晨股份,样本内,3478.31,10261.98,6783.67,1779.42,9144625.50,197,108,-5443.09,4686.84,0,0,12041.40
vwap_eod,vwap_eod#05,vwap_band_eod,"{""k"": 4.0, ""s"": 0.0}",sh.688099,晶晨股份,样本外,2787.57,6198.36,3410.79,1325.40,6614169.00,142,69,-2965.81,14319.96,0,0,7523.76
vwap_eod,vwap_eod#05,vwap_band_eod,"{""k"": 4.0, ""s"": 0.0}",sz.300033,同花顺,样本内,-8557.96,-2262.00,6295.96,1484.00,7403104.00,296,150,-10692.57,-9618.00,0,0,-778.00
vwap_eod,vwap_eod#05,vwap_band_eod,"{""k"": 4.0, ""s"": 0.0}",sz.300033,同花顺,样本外,-26384.86,-22106.00,4278.86,1645.00,8226068.00,156,67,-30175.16,40590.00,4,2,-20461.00
vwap_eod,vwap_eod#05,vwap_band_eod,"{""k"": 4.0, ""s"": 0.0}",sh.603369,今世缘,样本内,4038.03,11336.00,7297.97,1952.00,10083160.00,244,139,-3551.03,3624.00,6,3,13288.00
vwap_eod,vwap_eod#05,vwap_band_eod,"{""k"": 4.0, ""s"": 0.0}",sh.603369,今世缘,样本外,-3614.74,-752.00,2862.74,1280.00,4828840.00,160,77,-5006.70,-13784.00,6,3,528.00
vwap_eod,vwap_eod#05,vwap_band_eod,"{""k"": 4.0, ""s"": 0.0}",sz.000596,古井贡酒,样本内,4032.79,11799.00,7766.21,2157.00,10875947.00,229,119,-3858.70,1058.00,10,5,13956.00
vwap_eod,vwap_eod#05,vwap_band_eod,"{""k"": 4.0, ""s"": 0.0}",sz.000596,古井贡酒,样本外,-7092.48,-3957.00,3135.48,1021.00,5094199.00,181,91,-7691.82,-17386.00,14,7,-2936.00
vwap_eod,vwap_eod#06,vwap_band_eod,"{""k"": 5.0, ""s"": 4.0}",sh.688981,中芯国际,样本内,-2380.89,718.00,3098.89,640.00,3286078.00,160,72,-3954.93,-12116.00,0,0,1358.00
vwap_eod,vwap_eod#06,vwap_band_eod,"{""k"": 5.0, ""s"": 4.0}",sh.688981,中芯国际,样本外,1223.98,3334.00,2110.02,802.00,3931174.00,100,51,-3466.71,28280.00,0,0,4136.00
vwap_eod,vwap_eod#06,vwap_band_eod,"{""k"": 5.0, ""s"": 4.0}",sh.688099,晶晨股份,样本内,1239.06,4277.94,3038.88,806.52,4107242.58,92,41,-6324.95,4686.84,0,0,5084.46
vwap_eod,vwap_eod#06,vwap_band_eod,"{""k"": 5.0, ""s"": 4.0}",sh.688099,晶晨股份,样本外,-4940.54,-3307.86,1632.68,654.24,3179569.74,68,27,-5495.01,14319.96,0,0,-2653.62
vwap_eod,vwap_eod#06,vwap_band_eod,"{""k"": 5.0, ""s"": 4.0}",sz.300033,同花顺,样本内,-5402.69,-1707.00,3695.69,882.00,4423301.00,171,76,-7724.80,-9618.00,0,0,-825.00
vwap_eod,vwap_eod#06,vwap_band_eod,"{""k"": 5.0, ""s"": 4.0}",sz.300033,同花顺,样本外,-14459.57,-11839.00,2620.57,1000.00,5018151.00,96,32,-16591.25,40590.00,0,0,-10839.00
vwap_eod,vwap_eod#06,vwap_band_eod,"{""k"": 5.0, ""s"": 4.0}",sh.603369,今世缘,样本内,1242.94,4716.00,3473.06,920.00,4782060.00,115,60,-3224.99,3624.00,0,0,5636.00
vwap_eod,vwap_eod#06,vwap_band_eod,"{""k"": 5.0, ""s"": 4.0}",sh.603369,今世缘,样本外,449.28,2212.00,1762.72,792.00,2958764.00,99,48,-2415.56,-13784.00,0,0,3004.00
vwap_eod,vwap_eod#06,vwap_band_eod,"{""k"": 5.0, ""s"": 4.0}",sz.000596,古井贡酒,样本内,2555.86,6288.00,3732.14,1044.00,5245264.00,109,61,-2295.06,1058.00,35,2,7332.00
vwap_eod,vwap_eod#06,vwap_band_eod,"{""k"": 5.0, ""s"": 4.0}",sz.000596,古井贡酒,样本外,-3044.17,-1101.00,1943.17,627.00,3160711.00,112,54,-4666.82,-17386.00,4,2,-474.00
vwap_eod,vwap_eod#07,vwap_band_eod,"{""k"": 5.0, ""s"": 8.0}",sh.688981,中芯国际,样本内,-2158.46,940.00,3098.46,640.00,3285024.00,160,74,-3604.83,-12116.00,0,0,1580.00
vwap_eod,vwap_eod#07,vwap_band_eod,"{""k"": 5.0, ""s"": 8.0}",sh.688981,中芯国际,样本外,1118.55,3228.00,2109.45,802.00,3929804.00,100,53,-4172.63,28280.00,0,0,4030.00
vwap_eod,vwap_eod#07,vwap_band_eod,"{""k"": 5.0, ""s"": 8.0}",sh.688099,晶晨股份,样本内,1129.57,4165.14,3035.57,806.52,4103514.54,92,42,-6095.59,4686.84,0,0,4971.66
vwap_eod,vwap_eod#07,vwap_band_eod,"{""k"": 5.0, ""s"": 8.0}",sh.688099,晶晨股份,样本外,535.46,2168.58,1633.12,654.24,3178261.26,68,30,-2301.25,14319.96,0,0,2822.82
vwap_eod,vwap_eod#07,vwap_band_eod,"{""k"": 5.0, ""s"": 8.0}",sz.300033,同花顺,样本内,-5742.45,-2047.00,3695.45,882.00,4422871.00,171,82,-5942.98,-9618.00,0,0,-1165.00
vwap_eod,vwap_eod#07,vwap_band_eod,"{""k"": 5.0, ""s"": 8.0}",sz.300033,同花顺,样本外,-17740.21,-15119.00,2621.21,1001.00,5021239.00,96,35,-21445.04,40590.00,2,1,-14118.00
vwap_eod,vwap_eod#07,vwap_band_eod,"{""k"": 5.0, ""s"": 8.0}",sh.603369,今世缘,样本内,1494.32,4968.00,3473.68,912.00,4782680.00,115,62,-3248.96,3624.00,15,2,5880.00
vwap_eod,vwap_eod#07,vwap_band_eod,"{""k"": 5.0, ""s"": 8.0}",sh.603369,今世缘,样本外,-654.07,1108.00,1762.07,792.00,2957772.00,99,51,-2619.40,-13784.00,0,0,1900.00
vwap_eod,vwap_eod#07,vwap_band_eod,"{""k"": 5.0, ""s"": 8.0}",sz.000596,古井贡酒,样本内,2540.23,6273.00,3732.77,1044.00,5246109.00,109,62,-3014.24,1058.00,12,3,7317.00
vwap_eod,vwap_eod#07,vwap_band_eod,"{""k"": 5.0, ""s"": 8.0}",sz.000596,古井贡酒,样本外,-1997.94,-54.00,1943.94,626.00,3161320.00,112,57,-3750.32,-17386.00,29,4,572.00
vwap_eod,vwap_eod#08,vwap_band_eod,"{""k"": 5.0, ""s"": 0.0}",sh.688981,中芯国际,样本内,-2804.73,294.00,3098.73,640.00,3286166.00,160,75,-3965.12,-12116.00,0,0,934.00
vwap_eod,vwap_eod#08,vwap_band_eod,"{""k"": 5.0, ""s"": 0.0}",sh.688981,中芯国际,样本外,-1493.76,616.00,2109.76,796.00,3932684.00,100,53,-4850.63,28280.00,2,1,1412.00
vwap_eod,vwap_eod#08,vwap_band_eod,"{""k"": 5.0, ""s"": 0.0}",sh.688099,晶晨股份,样本内,313.80,3350.16,3036.36,806.52,4105130.40,92,42,-6735.59,4686.84,0,0,4156.68
vwap_eod,vwap_eod#08,vwap_band_eod,"{""k"": 5.0, ""s"": 0.0}",sh.688099,晶晨股份,样本外,1539.67,3172.50,1632.83,654.24,3177257.34,68,31,-2301.25,14319.96,0,0,3826.74
vwap_eod,vwap_eod#08,vwap_band_eod,"{""k"": 5.0, ""s"": 0.0}",sz.300033,同花顺,样本内,-3976.12,-280.00,3696.12,882.00,4423240.00,171,82,-4625.68,-9618.00,0,0,602.00
vwap_eod,vwap_eod#08,vwap_band_eod,"{""k"": 5.0, ""s"": 0.0}",sz.300033,同花顺,样本外,-22557.33,-19936.00,2621.33,1001.00,5025828.00,96,36,-25286.96,40590.00,4,2,-18935.00
vwap_eod,vwap_eod#08,vwap_band_eod,"{""k"": 5.0, ""s"": 0.0}",sh.603369,今世缘,样本内,3554.74,7028.00,3473.26,920.00,4780620.00,115,64,-2015.02,3624.00,6,3,7948.00
vwap_eod,vwap_eod#08,vwap_band_eod,"{""k"": 5.0, ""s"": 0.0}",sh.603369,今世缘,样本外,-1022.70,740.00,1762.70,792.00,2959788.00,99,51,-3227.43,-13784.00,4,2,1532.00
vwap_eod,vwap_eod#08,vwap_band_eod,"{""k"": 5.0, ""s"": 0.0}",sz.000596,古井贡酒,样本内,3969.61,7702.00,3732.39,1044.00,5244680.00,109,62,-2472.09,1058.00,8,4,8746.00
vwap_eod,vwap_eod#08,vwap_band_eod,"{""k"": 5.0, ""s"": 0.0}",sz.000596,古井贡酒,样本外,-3009.11,-1065.00,1944.11,627.00,3162935.00,112,57,-4968.44,-17386.00,14,7,-438.00
overnight,overnight#00,overnight,"{""side"": ""long"", ""exit"": ""open""}",sh.688981,中芯国际,样本内,-27392.69,-8530.00,18862.69,3940.00,19859822.00,970,256,-28937.45,-12116.00,0,970,-4590.00
overnight,overnight#00,overnight,"{""side"": ""long"", ""exit"": ""open""}",sh.688981,中芯国际,样本外,-21646.61,-10322.00,11324.61,4340.00,21324594.00,519,193,-22661.25,28280.00,0,519,-5982.00
overnight,overnight#00,overnight,"{""side"": ""long"", ""exit"": ""open""}",sh.688099,晶晨股份,样本内,-24416.34,9145.26,33561.60,8930.94,45585350.76,970,388,-25947.01,4686.84,0,970,18076.20
overnight,overnight#00,overnight,"{""side"": ""long"", ""exit"": ""open""}",sh.688099,晶晨股份,样本外,-14535.97,-1999.38,12536.59,4850.40,24335937.30,526,214,-16916.63,14319.96,0,526,2851.02
overnight,overnight#00,overnight,"{""side"": ""long"", ""exit"": ""open""}",sz.300033,同花顺,样本内,-31992.70,-11208.00,20784.70,4872.00,24394072.00,969,317,-33019.54,-9618.00,0,969,-6336.00
overnight,overnight#00,overnight,"{""side"": ""long"", ""exit"": ""open""}",sz.300033,同花顺,样本外,-53890.88,-39213.00,14677.88,5641.00,28368664.00,523,152,-54129.67,40590.00,0,523,-33572.00
overnight,overnight#00,overnight,"{""side"": ""long"", ""exit"": ""open""}",sh.603369,今世缘,样本内,-57282.10,-28772.00,28510.10,7724.00,39852936.00,965,295,-58319.96,3624.00,0,965,-21048.00
overnight,overnight#00,overnight,"{""side"": ""long"", ""exit"": ""open""}",sh.603369,今世缘,样本外,-27150.97,-17732.00,9418.97,4188.00,16045844.00,523,101,-27153.79,-13784.00,0,523,-13544.00
overnight,overnight#00,overnight,"{""side"": ""long"", ""exit"": ""open""}",sz.000596,古井贡酒,样本内,-62872.82,-30490.00,32382.82,9140.00,45838273.00,958,290,-63148.15,1058.00,0,958,-21350.00
overnight,overnight#00,overnight,"{""side"": ""long"", ""exit"": ""open""}",sz.000596,古井贡酒,样本外,-27608.44,-18500.00,9108.44,3024.00,15026980.00,520,109,-27608.44,-17386.00,0,520,-15476.00
overnight,overnight#01,overnight,"{""side"": ""long"", ""exit"": ""955""}",sh.688981,中芯国际,样本内,-18915.84,-46.00,18869.84,3938.00,19868306.00,970,398,-21086.48,-12116.00,0,970,3892.00
overnight,overnight#01,overnight,"{""side"": ""long"", ""exit"": ""955""}",sh.688981,中芯国际,样本外,893.20,12234.00,11340.80,4344.00,21347150.00,519,236,-7573.24,28280.00,0,519,16578.00
overnight,overnight#01,overnight,"{""side"": ""long"", ""exit"": ""955""}",sh.688099,晶晨股份,样本内,-25988.24,7568.88,33557.12,8925.30,45583774.38,970,405,-32273.22,4686.84,0,970,16494.18
overnight,overnight#01,overnight,"{""side"": ""long"", ""exit"": ""955""}",sh.688099,晶晨股份,样本外,-8241.10,4300.50,12541.60,4850.40,24342237.18,526,226,-17458.27,14319.96,0,526,9150.90
overnight,overnight#01,overnight,"{""side"": ""long"", ""exit"": ""955""}",sz.300033,同花顺,样本内,-20491.83,305.00,20796.83,4872.00,24405585.00,969,399,-22438.26,-9618.00,0,969,5177.00
overnight,overnight#01,overnight,"{""side"": ""long"", ""exit"": ""955""}",sz.300033,同花顺,样本外,-17341.93,-2637.00,14704.93,5649.00,28405240.00,523,229,-19768.35,40590.00,0,523,3012.00
overnight,overnight#01,overnight,"{""side"": ""long"", ""exit"": ""955""}",sh.603369,今世缘,样本内,-32742.44,-4204.00,28538.44,7724.00,39877504.00,965,416,-36337.36,3624.00,0,965,3520.00
overnight,overnight#01,overnight,"{""side"": ""long"", ""exit"": ""955""}",sh.603369,今世缘,样本外,-16044.75,-6620.00,9424.75,4188.00,16056956.00,523,200,-16826.98,-13784.00,0,523,-2432.00
overnight,overnight#01,overnight,"{""side"": ""long"", ""exit"": ""955""}",sz.000596,古井贡酒,样本内,-52984.49,-20590.00,32394.49,9140.00,45848173.00,958,407,-55504.21,1058.00,1,958,-11450.00
overnight,overnight#01,overnight,"{""side"": ""long"", ""exit"": ""955""}",sz.000596,古井贡酒,样本外,-17307.82,-8194.00,9113.82,3020.00,15037286.00,520,203,-17638.94,-17386.00,0,520,-5174.00
overnight,overnight#02,overnight,"{""side"": ""short"", ""exit"": ""open""}",sh.688981,中芯国际,样本内,-18226.28,650.00,18876.28,3940.00,19859814.00,970,372,-18855.12,-12116.00,0,970,4590.00
overnight,overnight#02,overnight,"{""side"": ""short"", ""exit"": ""open""}",sh.688981,中芯国际,样本外,-9697.59,1642.00,11339.59,4340.00,21324570.00,519,239,-11923.69,28280.00,0,519,5982.00
overnight,overnight#02,overnight,"{""side"": ""short"", ""exit"": ""open""}",sh.688099,晶晨股份,样本内,-60571.93,-27007.14,33564.79,8930.94,45585356.40,970,397,-61109.02,4686.84,0,970,-18076.20
overnight,overnight#02,overnight,"{""side"": ""short"", ""exit"": ""open""}",sh.688099,晶晨股份,样本外,-20249.23,-7701.42,12547.81,4850.40,24335926.02,526,229,-20751.14,14319.96,0,526,-2851.02
overnight,overnight#02,overnight,"{""side"": ""short"", ""exit"": ""open""}",sz.300033,同花顺,样本内,-19339.79,1464.00,20803.79,4872.00,24394080.00,969,425,-19677.63,-9618.00,0,969,6336.00
overnight,overnight#02,overnight,"{""side"": ""short"", ""exit"": ""open""}",sz.300033,同花顺,样本外,13221.40,27931.00,14709.60,5641.00,28368630.00,523,285,-3903.67,40590.00,0,523,33572.00
overnight,overnight#02,overnight,"{""side"": ""short"", ""exit"": ""open""}",sh.603369,今世缘,样本内,-15226.23,13324.00,28550.23,7724.00,39852928.00,965,437,-17960.69,3624.00,0,965,21048.00
overnight,overnight#02,overnight,"{""side"": ""short"", ""exit"": ""open""}",sh.603369,今世缘,样本外,-75.60,9356.00,9431.60,4188.00,16045836.00,523,261,-3800.26,-13784.00,0,523,13544.00
overnight,overnight#02,overnight,"{""side"": ""short"", ""exit"": ""open""}",sz.000596,古井贡酒,样本内,-20214.98,12210.00,32424.98,9140.00,45838261.00,958,424,-22928.19,1058.00,0,958,21350.00
overnight,overnight#02,overnight,"{""side"": ""short"", ""exit"": ""open""}",sz.000596,古井贡酒,样本外,3330.73,12452.00,9121.27,3024.00,15026976.00,520,278,-2764.02,-17386.00,0,520,15476.00
overnight,overnight#03,overnight,"{""side"": ""short"", ""exit"": ""955""}",sh.688981,中芯国际,样本内,-26706.37,-7830.00,18876.37,3938.00,19868294.00,970,387,-29328.26,-12116.00,0,970,-3892.00
overnight,overnight#03,overnight,"{""side"": ""short"", ""exit"": ""955""}",sh.688981,中芯国际,样本外,-32266.52,-20922.00,11344.52,4344.00,21347134.00,519,227,-35408.31,28280.00,0,519,-16578.00
overnight,overnight#03,overnight,"{""side"": ""short"", ""exit"": ""955""}",sh.688099,晶晨股份,样本内,-58981.80,-25419.48,33562.32,8925.30,45583768.74,970,473,-60387.98,4686.84,0,970,-16494.18
overnight,overnight#03,overnight,"{""side"": ""short"", ""exit"": ""955""}",sh.688099,晶晨股份,样本外,-26550.98,-14001.30,12549.68,4850.40,24342225.90,526,249,-30961.14,14319.96,0,526,-9150.90
overnight,overnight#03,overnight,"{""side"": ""short"", ""exit"": ""955""}",sz.300033,同花顺,样本内,-30852.84,-10049.00,20803.84,4872.00,24405593.00,969,448,-33227.02,-9618.00,0,969,-5177.00
overnight,overnight#03,overnight,"{""side"": ""short"", ""exit"": ""955""}",sz.300033,同花顺,样本外,-23379.36,-8661.00,14718.36,5649.00,28405222.00,523,250,-27255.29,40590.00,0,523,-3012.00
overnight,overnight#03,overnight,"{""side"": ""short"", ""exit"": ""955""}",sh.603369,今世缘,样本内,-39798.74,-11244.00,28554.74,7724.00,39877496.00,965,448,-41360.14,3624.00,0,965,-3520.00
overnight,overnight#03,overnight,"{""side"": ""short"", ""exit"": ""955""}",sh.603369,今世缘,样本外,-11187.83,-1756.00,9431.83,4188.00,16056948.00,523,253,-12650.68,-13784.00,0,523,2432.00
overnight,overnight#03,overnight,"{""side"": ""short"", ""exit"": ""955""}",sz.000596,古井贡酒,样本内,-30069.23,2358.00,32427.23,9137.00,45848113.00,958,449,-33799.20,1058.00,0,958,11495.00
overnight,overnight#03,overnight,"{""side"": ""short"", ""exit"": ""955""}",sz.000596,古井贡酒,样本外,-6967.51,2154.00,9121.51,3020.00,15037274.00,520,267,-10675.23,-17386.00,0,520,5174.00
