date,pnl,close,preclose,ret,bench,shares_eod,n_fills,realized,cum_pnl,cum_bench
2020-07-23,0.0000,78.7800,79.5700,-0.9928,-316.0000,400,0,0.0000,0.0000,-316.0000
2020-07-24,0.0000,71.9500,78.7800,-8.6697,-2732.0000,400,0,0.0000,0.0000,-3048.0000
2020-07-27,0.0000,70.8200,71.9500,-1.5705,-452.0000,400,0,0.0000,0.0000,-3500.0000
2020-07-28,0.0000,72.5600,70.8200,2.4569,696.0000,400,0,0.0000,0.0000,-2804.0000
2020-07-29,0.0000,75.0700,72.5600,3.4592,1004.0000,400,0,0.0000,0.0000,-1800.0000
2020-07-30,0.0000,75.6900,75.0700,0.8259,248.0000,400,0,0.0000,0.0000,-1552.0000
2020-07-31,263.6112,82.2100,75.6900,8.6141,2608.0000,400,2,263.6112,263.6112,1056.0000
2020-08-03,357.7495,84.0000,82.2100,2.1774,716.0000,400,2,357.7495,621.3607,1772.0000
2020-08-04,0.0000,81.0800,84.0000,-3.4762,-1168.0000,400,0,0.0000,621.3607,604.0000
2020-08-05,-15.3012,83.0000,81.0800,2.3680,768.0000,400,2,-15.3012,606.0595,1372.0000
2020-08-06,0.0000,84.8200,83.0000,2.1928,728.0000,400,0,0.0000,606.0595,2100.0000
2020-08-07,0.0000,80.4700,84.8200,-5.1285,-1740.0000,400,0,0.0000,606.0595,360.0000
2020-08-10,0.0000,77.8900,80.4700,-3.2062,-1032.0000,400,0,0.0000,606.0595,-672.0000
2020-08-11,0.0000,76.4000,77.8900,-1.9130,-596.0000,400,0,0.0000,606.0595,-1268.0000
2020-08-12,0.0000,75.2300,76.4000,-1.5314,-468.0000,400,0,0.0000,606.0595,-1736.0000
2020-08-13,0.0000,75.1800,75.2300,-0.0665,-20.0000,400,0,0.0000,606.0595,-1756.0000
2020-08-14,0.0000,75.5500,75.1800,0.4922,148.0000,400,0,0.0000,606.0595,-1608.0000
2020-08-17,0.0000,76.0200,75.5500,0.6221,188.0000,400,0,0.0000,606.0595,-1420.0000
2020-08-18,0.0000,74.2800,76.0200,-2.2889,-696.0000,400,0,0.0000,606.0595,-2116.0000
2020-08-19,0.0000,71.8400,74.2800,-3.2849,-976.0000,400,0,0.0000,606.0595,-3092.0000
2020-08-20,0.0000,72.1000,71.8400,0.3619,104.0000,400,0,0.0000,606.0595,-2988.0000
2020-08-21,0.0000,71.8700,72.1000,-0.3190,-92.0000,400,0,0.0000,606.0595,-3080.0000
2020-08-24,90.9078,72.0000,71.8700,0.1809,52.0000,400,2,90.9078,696.9673,-3028.0000
2020-08-25,0.0000,70.8200,72.0000,-1.6389,-472.0000,400,0,0.0000,696.9673,-3500.0000
2020-08-26,-130.3437,66.2600,70.8200,-6.4389,-1824.0000,400,2,-130.3437,566.6236,-5324.0000
2020-08-27,-123.7654,67.2300,66.2600,1.4639,388.0000,400,2,-123.7654,442.8582,-4936.0000
2020-08-28,0.0000,66.7800,67.2300,-0.6694,-180.0000,400,0,0.0000,442.8582,-5116.0000
2020-08-31,0.0000,66.6800,66.7800,-0.1497,-40.0000,400,0,0.0000,442.8582,-5156.0000
2020-09-01,0.0000,65.3500,66.6800,-1.9946,-532.0000,400,0,0.0000,442.8582,-5688.0000
2020-09-02,0.0000,64.1700,65.3500,-1.8057,-472.0000,400,0,0.0000,442.8582,-6160.0000
2020-09-03,-101.4238,65.0800,64.1700,1.4181,364.0000,400,2,-101.4238,341.4344,-5796.0000
2020-09-04,-229.8112,66.2800,65.0800,1.8439,480.0000,400,2,-229.8112,111.6232,-5316.0000
2020-09-07,144.8088,58.8000,66.2800,-11.2855,-2992.0000,400,4,144.8088,256.4320,-8308.0000
2020-09-08,0.0000,57.5500,58.8000,-2.1259,-500.0000,400,0,0.0000,256.4320,-8808.0000
2020-09-09,0.0000,54.1100,57.5500,-5.9774,-1376.0000,400,0,0.0000,256.4320,-10184.0000
2020-09-10,0.0000,52.7800,54.1100,-2.4580,-532.0000,400,0,0.0000,256.4320,-10716.0000
2020-09-11,-129.4151,55.2300,52.7800,4.6419,980.0000,400,2,-129.4151,127.0169,-9736.0000
2020-09-14,0.0000,54.8800,55.2300,-0.6337,-140.0000,400,0,0.0000,127.0169,-9876.0000
2020-09-15,-161.5447,56.3900,54.8800,2.7515,604.0000,400,2,-161.5447,-34.5278,-9272.0000
2020-09-16,0.0000,56.7000,56.3900,0.5497,124.0000,400,0,0.0000,-34.5278,-9148.0000
2020-09-17,-119.9120,57.7000,56.7000,1.7637,400.0000,400,2,-119.9120,-154.4399,-8748.0000
2020-09-18,0.0000,57.6900,57.7000,-0.0173,-4.0000,400,0,0.0000,-154.4399,-8752.0000
2020-09-21,0.0000,56.4600,57.6900,-2.1321,-492.0000,400,0,0.0000,-154.4399,-9244.0000
2020-09-22,0.0000,55.8600,56.4600,-1.0627,-240.0000,400,0,0.0000,-154.4399,-9484.0000
2020-09-23,0.0000,56.2200,55.8600,0.6445,144.0000,400,0,0.0000,-154.4399,-9340.0000
2020-09-24,0.0000,54.5000,56.2200,-3.0594,-688.0000,400,0,0.0000,-154.4399,-10028.0000
2020-09-25,0.0000,53.7000,54.5000,-1.4679,-320.0000,400,0,0.0000,-154.4399,-10348.0000
2020-09-28,0.0000,49.9400,53.7000,-7.0019,-1504.0000,400,0,0.0000,-154.4399,-11852.0000
2020-09-29,0.0000,50.0900,49.9400,0.3004,60.0000,400,0,0.0000,-154.4399,-11792.0000
2020-09-30,0.0000,49.6500,50.0900,-0.8784,-176.0000,400,0,0.0000,-154.4399,-11968.0000
2020-10-09,0.0000,50.9400,49.6500,2.5982,516.0000,400,0,0.0000,-154.4399,-11452.0000
2020-10-12,-234.9659,57.4100,50.9400,12.7012,2588.0000,400,2,-234.9659,-389.4058,-8864.0000
2020-10-13,43.9997,57.2900,57.4100,-0.2090,-48.0000,400,2,43.9997,-345.4060,-8912.0000
2020-10-14,0.0000,55.9600,57.2900,-2.3215,-532.0000,400,0,0.0000,-345.4060,-9444.0000
2020-10-15,-314.1406,57.3000,55.9600,2.3946,536.0000,400,2,-314.1406,-659.5466,-8908.0000
2020-10-16,139.8061,58.2100,57.3000,1.5881,364.0000,400,2,139.8061,-519.7405,-8544.0000
2020-10-19,85.3932,60.2800,58.2100,3.5561,828.0000,400,2,85.3932,-434.3473,-7716.0000
2020-10-20,0.0000,59.5000,60.2800,-1.2940,-312.0000,400,0,0.0000,-434.3473,-8028.0000
2020-10-21,67.9815,57.6500,59.5000,-3.1092,-740.0000,400,2,67.9815,-366.3658,-8768.0000
2020-10-22,0.0000,57.6700,57.6500,0.0347,8.0000,400,0,0.0000,-366.3658,-8760.0000
2020-10-23,0.0000,57.2200,57.6700,-0.7803,-180.0000,400,0,0.0000,-366.3658,-8940.0000
2020-10-26,0.0000,58.4500,57.2200,2.1496,492.0000,400,0,0.0000,-366.3658,-8448.0000
2020-10-27,0.0000,58.7000,58.4500,0.4277,100.0000,400,0,0.0000,-366.3658,-8348.0000
2020-10-28,0.0000,59.3300,58.7000,1.0733,252.0000,400,0,0.0000,-366.3658,-8096.0000
2020-10-29,0.0000,60.8800,59.3300,2.6125,620.0000,400,0,0.0000,-366.3658,-7476.0000
2020-10-30,-163.1921,62.2400,60.8800,2.2339,544.0000,400,2,-163.1921,-529.5579,-6932.0000
2020-11-02,166.1166,62.6500,62.2400,0.6587,164.0000,400,4,166.1166,-363.4413,-6768.0000
2020-11-03,0.0000,64.5600,62.6500,3.0487,764.0000,400,0,0.0000,-363.4413,-6004.0000
2020-11-04,44.9036,63.0000,64.5600,-2.4164,-624.0000,400,2,44.9036,-318.5377,-6628.0000
2020-11-05,0.0000,64.8400,63.0000,2.9206,736.0000,400,0,0.0000,-318.5377,-5892.0000
2020-11-06,0.0000,64.9500,64.8400,0.1696,44.0000,400,0,0.0000,-318.5377,-5848.0000
2020-11-09,249.6472,67.8500,64.9500,4.4650,1160.0000,400,2,249.6472,-68.8905,-4688.0000
2020-11-10,0.0000,66.0100,67.8500,-2.7119,-736.0000,400,0,0.0000,-68.8905,-5424.0000
2020-11-11,-206.8997,61.3600,66.0100,-7.0444,-1860.0000,400,2,-206.8997,-275.7902,-7284.0000
2020-11-12,0.0000,61.8600,61.3600,0.8149,200.0000,400,0,0.0000,-275.7902,-7084.0000
2020-11-13,0.0000,62.4600,61.8600,0.9699,240.0000,400,0,0.0000,-275.7902,-6844.0000
2020-11-16,0.0000,61.7900,62.4600,-1.0727,-268.0000,400,0,0.0000,-275.7902,-7112.0000
2020-11-17,0.0000,60.9300,61.7900,-1.3918,-344.0000,400,0,0.0000,-275.7902,-7456.0000
2020-11-18,0.0000,61.3600,60.9300,0.7057,172.0000,400,0,0.0000,-275.7902,-7284.0000
2020-11-19,0.0000,61.2300,61.3600,-0.2119,-52.0000,400,0,0.0000,-275.7902,-7336.0000
2020-11-20,0.0000,61.0300,61.2300,-0.3266,-80.0000,400,0,0.0000,-275.7902,-7416.0000
2020-11-23,101.2250,60.9100,61.0300,-0.1966,-48.0000,400,2,101.2250,-174.5651,-7464.0000
2020-11-24,0.0000,61.3100,60.9100,0.6567,160.0000,400,0,0.0000,-174.5651,-7304.0000
2020-11-25,0.0000,60.2000,61.3100,-1.8105,-444.0000,400,0,0.0000,-174.5651,-7748.0000
2020-11-26,0.0000,58.6400,60.2000,-2.5914,-624.0000,400,0,0.0000,-174.5651,-8372.0000
2020-11-27,0.0000,58.9300,58.6400,0.4945,116.0000,400,0,0.0000,-174.5651,-8256.0000
2020-11-30,-86.2462,59.2500,58.9300,0.5430,128.0000,400,2,-86.2462,-260.8114,-8128.0000
2020-12-01,0.0000,58.8900,59.2500,-0.6076,-144.0000,400,0,0.0000,-260.8114,-8272.0000
2020-12-02,17.2962,60.9000,58.8900,3.4131,804.0000,400,2,17.2962,-243.5152,-7468.0000
2020-12-03,0.0000,60.1900,60.9000,-1.1658,-284.0000,400,0,0.0000,-243.5152,-7752.0000
2020-12-04,151.8064,58.2000,60.1900,-3.3062,-796.0000,400,2,151.8064,-91.7088,-8548.0000
2020-12-07,0.0000,60.3300,58.2000,3.6598,852.0000,400,0,0.0000,-91.7088,-7696.0000
2020-12-08,0.0000,60.9600,60.3300,1.0443,252.0000,400,0,0.0000,-91.7088,-7444.0000
2020-12-09,0.0000,60.3500,60.9600,-1.0007,-244.0000,400,0,0.0000,-91.7088,-7688.0000
2020-12-10,0.0000,61.0000,60.3500,1.0771,260.0000,400,0,0.0000,-91.7088,-7428.0000
2020-12-11,113.3210,60.9900,61.0000,-0.0164,-4.0000,400,2,113.3210,21.6121,-7432.0000
2020-12-14,0.0000,60.6200,60.9900,-0.6067,-148.0000,400,0,0.0000,21.6121,-7580.0000
2020-12-15,-170.1689,58.4300,60.6200,-3.6127,-876.0000,400,2,-170.1689,-148.5568,-8456.0000
2020-12-16,-87.4455,55.2000,58.4300,-5.5280,-1292.0000,400,2,-87.4455,-236.0022,-9748.0000
2020-12-17,-125.5918,56.0100,55.2000,1.4674,324.0000,400,2,-125.5918,-361.5941,-9424.0000
2020-12-18,0.0000,55.0200,56.0100,-1.7675,-396.0000,400,0,0.0000,-361.5941,-9820.0000
2020-12-21,-115.4190,54.3600,55.0200,-1.1996,-264.0000,400,2,-115.4190,-477.0131,-10084.0000
2020-12-22,0.0000,54.4900,54.3600,0.2391,52.0000,400,0,0.0000,-477.0131,-10032.0000
2020-12-23,30.4758,55.3000,54.4900,1.4865,324.0000,400,2,30.4758,-446.5373,-9708.0000
2020-12-24,0.0000,54.0100,55.3000,-2.3327,-516.0000,400,0,0.0000,-446.5373,-10224.0000
2020-12-25,0.0000,53.4300,54.0100,-1.0739,-232.0000,400,0,0.0000,-446.5373,-10456.0000
2020-12-28,0.0000,52.0300,53.4300,-2.6203,-560.0000,400,0,0.0000,-446.5373,-11016.0000
2020-12-29,0.0000,52.5300,52.0300,0.9610,200.0000,400,0,0.0000,-446.5373,-10816.0000
2020-12-30,-91.1960,56.4700,52.5300,7.5005,1576.0000,400,2,-91.1960,-537.7333,-9240.0000
2020-12-31,71.9379,57.7500,56.4700,2.2667,512.0000,400,2,71.9379,-465.7954,-8728.0000
2021-01-04,63.7859,58.2600,57.7500,0.8831,204.0000,400,2,63.7859,-402.0095,-8524.0000
2021-01-05,0.0000,58.7700,58.2600,0.8754,204.0000,400,0,0.0000,-402.0095,-8320.0000
2021-01-06,-212.6024,60.5500,58.7700,3.0288,712.0000,400,2,-212.6024,-614.6119,-7608.0000
2021-01-07,-164.1105,59.2300,60.5500,-2.1800,-528.0000,400,2,-164.1105,-778.7224,-8136.0000
2021-01-08,203.1626,61.5900,59.2300,3.9845,944.0000,400,2,203.1626,-575.5598,-7192.0000
2021-01-11,108.8966,62.7000,61.5900,1.8022,444.0000,400,2,108.8966,-466.6632,-6748.0000
2021-01-12,0.0000,63.8400,62.7000,1.8182,456.0000,400,0,0.0000,-466.6632,-6292.0000
2021-01-13,0.0000,62.6600,63.8400,-1.8484,-472.0000,400,0,0.0000,-466.6632,-6764.0000
2021-01-14,-135.4952,64.1400,62.6600,2.3620,592.0000,400,2,-135.4952,-602.1584,-6172.0000
2021-01-15,-174.9386,61.6000,64.1400,-3.9601,-1016.0000,400,2,-174.9386,-777.0970,-7188.0000
2021-01-18,0.0000,61.6800,61.6000,0.1299,32.0000,400,0,0.0000,-777.0970,-7156.0000
2021-01-19,0.0000,60.4800,61.6800,-1.9455,-480.0000,400,0,0.0000,-777.0970,-7636.0000
2021-01-20,0.0000,59.4100,60.4800,-1.7692,-428.0000,400,0,0.0000,-777.0970,-8064.0000
2021-01-21,0.0000,59.3100,59.4100,-0.1683,-40.0000,400,0,0.0000,-777.0970,-8104.0000
2021-01-22,-27.8769,57.1500,59.3100,-3.6419,-864.0000,400,2,-27.8769,-804.9739,-8968.0000
2021-01-25,-104.0344,58.0200,57.1500,1.5223,348.0000,400,2,-104.0344,-909.0084,-8620.0000
2021-01-26,0.0000,59.7800,58.0200,3.0334,704.0000,400,0,0.0000,-909.0084,-7916.0000
2021-01-27,0.0000,57.7200,59.7800,-3.4460,-824.0000,400,0,0.0000,-909.0084,-8740.0000
2021-01-28,0.0000,56.0400,57.7200,-2.9106,-672.0000,400,0,0.0000,-909.0084,-9412.0000
2021-01-29,0.0000,56.1800,56.0400,0.2498,56.0000,400,0,0.0000,-909.0084,-9356.0000
2021-02-01,0.0000,57.0200,56.1800,1.4952,336.0000,400,0,0.0000,-909.0084,-9020.0000
2021-02-02,0.0000,55.9800,57.0200,-1.8239,-416.0000,400,0,0.0000,-909.0084,-9436.0000
2021-02-03,0.0000,53.9200,55.9800,-3.6799,-824.0000,400,0,0.0000,-909.0084,-10260.0000
2021-02-04,0.0000,54.6700,53.9200,1.3909,300.0000,400,0,0.0000,-909.0084,-9960.0000
2021-02-05,0.0000,52.0600,54.6700,-4.7741,-1044.0000,400,0,0.0000,-909.0084,-11004.0000
2021-02-08,0.0000,52.0100,52.0600,-0.0960,-20.0000,400,0,0.0000,-909.0084,-11024.0000
2021-02-09,0.0000,53.7100,52.0100,3.2686,680.0000,400,0,0.0000,-909.0084,-10344.0000
2021-02-10,0.0000,54.0300,53.7100,0.5958,128.0000,400,0,0.0000,-909.0084,-10216.0000
2021-02-18,-109.7787,57.9400,54.0300,7.2367,1564.0000,400,2,-109.7787,-1018.7871,-8652.0000
2021-02-19,0.0000,58.4000,57.9400,0.7939,184.0000,400,0,0.0000,-1018.7871,-8468.0000
2021-02-22,-36.3608,57.4800,58.4000,-1.5753,-368.0000,400,4,-36.3608,-1055.1479,-8836.0000
2021-02-23,0.0000,57.3900,57.4800,-0.1566,-36.0000,400,0,0.0000,-1055.1479,-8872.0000
2021-02-24,0.0000,57.3900,57.3900,0.0000,0.0000,400,0,0.0000,-1055.1479,-8872.0000
2021-02-25,0.0000,56.2600,57.3900,-1.9690,-452.0000,400,0,0.0000,-1055.1479,-9324.0000
2021-02-26,0.0000,55.1600,56.2600,-1.9552,-440.0000,400,0,0.0000,-1055.1479,-9764.0000
2021-03-01,-79.9071,57.7500,55.1600,4.6954,1036.0000,400,2,-79.9071,-1135.0550,-8728.0000
2021-03-02,-118.0680,58.4900,57.7500,1.2814,296.0000,400,2,-118.0680,-1253.1230,-8432.0000
2021-03-03,0.0000,58.6700,58.4900,0.3077,72.0000,400,0,0.0000,-1253.1230,-8360.0000
2021-03-04,-156.2809,59.3100,58.6700,1.0908,256.0000,400,2,-156.2809,-1409.4039,-8104.0000
2021-03-05,0.0000,58.5200,59.3100,-1.3320,-316.0000,400,0,0.0000,-1409.4039,-8420.0000
2021-03-08,-97.8014,56.6600,58.5200,-3.1784,-744.0000,400,2,-97.8014,-1507.2052,-9164.0000
2021-03-09,424.8527,54.5800,56.6600,-3.6710,-832.0000,400,4,424.8527,-1082.3525,-9996.0000
2021-03-10,0.0000,54.7700,54.5800,0.3481,76.0000,400,0,0.0000,-1082.3525,-9920.0000
2021-03-11,135.8435,57.7900,54.7700,5.5140,1208.0000,400,2,135.8435,-946.5090,-8712.0000
2021-03-12,0.0000,57.7200,57.7900,-0.1211,-28.0000,400,0,0.0000,-946.5090,-8740.0000
2021-03-15,0.0000,55.7400,57.7200,-3.4304,-792.0000,400,0,0.0000,-946.5090,-9532.0000
2021-03-16,0.0000,54.8800,55.7400,-1.5429,-344.0000,400,0,0.0000,-946.5090,-9876.0000
2021-03-17,0.0000,55.7300,54.8800,1.5488,340.0000,400,0,0.0000,-946.5090,-9536.0000
2021-03-18,0.0000,55.4800,55.7300,-0.4486,-100.0000,400,0,0.0000,-946.5090,-9636.0000
2021-03-19,0.0000,54.9700,55.4800,-0.9193,-204.0000,400,0,0.0000,-946.5090,-9840.0000
2021-03-22,0.0000,55.4100,54.9700,0.8004,176.0000,400,0,0.0000,-946.5090,-9664.0000
2021-03-23,-75.4369,55.2800,55.4100,-0.2346,-52.0000,400,2,-75.4369,-1021.9460,-9716.0000
2021-03-24,0.0000,54.2300,55.2800,-1.8994,-420.0000,400,0,0.0000,-1021.9460,-10136.0000
2021-03-25,-53.0475,52.9800,54.2300,-2.3050,-500.0000,400,2,-53.0475,-1074.9935,-10636.0000
2021-03-26,0.0000,53.7900,52.9800,1.5289,324.0000,400,0,0.0000,-1074.9935,-10312.0000
2021-03-29,116.5253,54.3500,53.7900,1.0411,224.0000,400,2,116.5253,-958.4682,-10088.0000
2021-03-30,0.0000,54.3600,54.3500,0.0184,4.0000,400,0,0.0000,-958.4682,-10084.0000
2021-03-31,0.0000,54.3200,54.3600,-0.0736,-16.0000,400,0,0.0000,-958.4682,-10100.0000
2021-04-01,0.0000,55.8900,54.3200,2.8903,628.0000,400,0,0.0000,-958.4682,-9472.0000
2021-04-02,1.7410,58.7700,55.8900,5.1530,1152.0000,400,2,1.7410,-956.7272,-8320.0000
2021-04-06,0.0000,58.3100,58.7700,-0.7827,-184.0000,400,0,0.0000,-956.7272,-8504.0000
2021-04-07,0.0000,58.3500,58.3100,0.0686,16.0000,400,0,0.0000,-956.7272,-8488.0000
2021-04-08,0.0000,56.8000,58.3500,-2.6564,-620.0000,400,0,0.0000,-956.7272,-9108.0000
2021-04-09,0.0000,57.0200,56.8000,0.3873,88.0000,400,0,0.0000,-956.7272,-9020.0000
2021-04-12,0.0000,56.0500,57.0200,-1.7012,-388.0000,400,0,0.0000,-956.7272,-9408.0000
2021-04-13,0.0000,55.8600,56.0500,-0.3390,-76.0000,400,0,0.0000,-956.7272,-9484.0000
2021-04-14,0.0000,56.4700,55.8600,1.0920,244.0000,400,0,0.0000,-956.7272,-9240.0000
2021-04-15,-107.8203,57.0600,56.4700,1.0448,236.0000,400,2,-107.8203,-1064.5475,-9004.0000
2021-04-16,0.0000,56.3100,57.0600,-1.3144,-300.0000,400,0,0.0000,-1064.5475,-9304.0000
2021-04-19,0.0000,57.0500,56.3100,1.3142,296.0000,400,0,0.0000,-1064.5475,-9008.0000
2021-04-20,0.0000,55.8900,57.0500,-2.0333,-464.0000,400,0,0.0000,-1064.5475,-9472.0000
2021-04-21,0.0000,54.7300,55.8900,-2.0755,-464.0000,400,0,0.0000,-1064.5475,-9936.0000
2021-04-22,0.0000,55.3000,54.7300,1.0415,228.0000,400,0,0.0000,-1064.5475,-9708.0000
2021-04-23,0.0000,55.1700,55.3000,-0.2351,-52.0000,400,0,0.0000,-1064.5475,-9760.0000
2021-04-26,108.3359,54.5100,55.1700,-1.1963,-264.0000,400,2,108.3359,-956.2116,-10024.0000
2021-04-27,0.0000,55.0000,54.5100,0.8989,196.0000,400,0,0.0000,-956.2116,-9828.0000
2021-04-28,0.0000,55.3600,55.0000,0.6545,144.0000,400,0,0.0000,-956.2116,-9684.0000
2021-04-29,0.0000,55.4900,55.3600,0.2348,52.0000,400,0,0.0000,-956.2116,-9632.0000
2021-04-30,0.0000,54.6800,55.4900,-1.4597,-324.0000,400,0,0.0000,-956.2116,-9956.0000
2021-05-06,0.0000,54.7400,54.6800,0.1097,24.0000,400,0,0.0000,-956.2116,-9932.0000
2021-05-07,0.0000,53.7700,54.7400,-1.7720,-388.0000,400,0,0.0000,-956.2116,-10320.0000
2021-05-10,74.7762,54.0400,53.7700,0.5021,108.0000,400,2,74.7762,-881.4354,-10212.0000
2021-05-11,0.0000,53.8300,54.0400,-0.3886,-84.0000,400,0,0.0000,-881.4354,-10296.0000
2021-05-12,-73.4348,55.4700,53.8300,3.0466,656.0000,400,2,-73.4348,-954.8702,-9640.0000
2021-05-13,94.3876,55.8200,55.4700,0.6310,140.0000,400,2,94.3876,-860.4826,-9500.0000
2021-05-14,-23.6210,55.8600,55.8200,0.0717,16.0000,400,2,-23.6210,-884.1036,-9484.0000
2021-05-17,0.0000,55.0800,55.8600,-1.3963,-312.0000,400,0,0.0000,-884.1036,-9796.0000
2021-05-18,0.0000,54.9900,55.0800,-0.1634,-36.0000,400,0,0.0000,-884.1036,-9832.0000
2021-05-19,0.0000,54.7900,54.9900,-0.3637,-80.0000,400,0,0.0000,-884.1036,-9912.0000
2021-05-20,0.0000,54.3300,54.7900,-0.8396,-184.0000,400,0,0.0000,-884.1036,-10096.0000
2021-05-21,0.0000,54.0700,54.3300,-0.4786,-104.0000,400,0,0.0000,-884.1036,-10200.0000
2021-05-24,-61.3888,55.1300,54.0700,1.9604,424.0000,400,2,-61.3888,-945.4924,-9776.0000
2021-05-25,0.0000,55.5600,55.1300,0.7800,172.0000,400,0,0.0000,-945.4924,-9604.0000
2021-05-26,0.0000,55.1300,55.5600,-0.7739,-172.0000,400,0,0.0000,-945.4924,-9776.0000
2021-05-27,-105.6663,56.8700,55.1300,3.1562,696.0000,400,2,-105.6663,-1051.1588,-9080.0000
2021-05-28,0.0000,55.7800,56.8700,-1.9167,-436.0000,400,0,0.0000,-1051.1588,-9516.0000
2021-05-31,0.0000,56.2700,55.7800,0.8785,196.0000,400,0,0.0000,-1051.1588,-9320.0000
2021-06-01,0.0000,57.0200,56.2700,1.3329,300.0000,400,0,0.0000,-1051.1588,-9020.0000
2021-06-02,0.0000,55.8000,57.0200,-2.1396,-488.0000,400,0,0.0000,-1051.1588,-9508.0000
2021-06-03,0.0000,55.3600,55.8000,-0.7885,-176.0000,400,0,0.0000,-1051.1588,-9684.0000
2021-06-04,104.3920,55.1400,55.3600,-0.3974,-88.0000,400,2,104.3920,-946.7668,-9772.0000
2021-06-07,0.0000,56.1800,55.1400,1.8861,416.0000,400,0,0.0000,-946.7668,-9356.0000
2021-06-08,0.0000,55.7300,56.1800,-0.8010,-180.0000,400,0,0.0000,-946.7668,-9536.0000
2021-06-09,0.0000,56.2400,55.7300,0.9151,204.0000,400,0,0.0000,-946.7668,-9332.0000
2021-06-10,0.0000,56.8600,56.2400,1.1024,248.0000,400,0,0.0000,-946.7668,-9084.0000
2021-06-11,0.0000,55.6200,56.8600,-2.1808,-496.0000,400,0,0.0000,-946.7668,-9580.0000
2021-06-15,0.0000,55.0000,55.6200,-1.1147,-248.0000,400,0,0.0000,-946.7668,-9828.0000
2021-06-16,0.0000,55.0500,55.0000,0.0909,20.0000,400,0,0.0000,-946.7668,-9808.0000
2021-06-17,-135.7480,59.1700,55.0500,7.4841,1648.0000,400,2,-135.7480,-1082.5148,-8160.0000
2021-06-18,0.0000,58.5700,59.1700,-1.0140,-240.0000,400,0,0.0000,-1082.5148,-8400.0000
2021-06-21,0.0000,57.6700,58.5700,-1.5366,-360.0000,400,0,0.0000,-1082.5148,-8760.0000
2021-06-22,0.0000,57.0800,57.6700,-1.0231,-236.0000,400,0,0.0000,-1082.5148,-8996.0000
2021-06-23,-80.2149,58.5400,57.0800,2.5578,584.0000,400,2,-80.2149,-1162.7298,-8412.0000
2021-06-24,0.0000,57.7000,58.5400,-1.4349,-336.0000,400,0,0.0000,-1162.7298,-8748.0000
2021-06-25,115.5581,59.3100,57.7000,2.7903,644.0000,400,2,115.5581,-1047.1716,-8104.0000
2021-06-28,0.0000,59.0600,59.3100,-0.4215,-100.0000,400,0,0.0000,-1047.1716,-8204.0000
2021-06-29,0.0000,59.2500,59.0600,0.3217,76.0000,400,0,0.0000,-1047.1716,-8128.0000
2021-06-30,-246.6904,61.8200,59.2500,4.3376,1028.0000,400,2,-246.6904,-1293.8620,-7100.0000
2021-07-01,0.0000,60.3300,61.8200,-2.4102,-596.0000,400,0,0.0000,-1293.8620,-7696.0000
2021-07-02,0.0000,58.1300,60.3300,-3.6466,-880.0000,400,0,0.0000,-1293.8620,-8576.0000
2021-07-05,0.0000,58.3700,58.1300,0.4129,96.0000,400,0,0.0000,-1293.8620,-8480.0000
2021-07-06,0.0000,57.1400,58.3700,-2.1072,-492.0000,400,0,0.0000,-1293.8620,-8972.0000
2021-07-07,0.0000,57.5100,57.1400,0.6475,148.0000,400,0,0.0000,-1293.8620,-8824.0000
2021-07-08,0.0000,58.3000,57.5100,1.3737,316.0000,400,0,0.0000,-1293.8620,-8508.0000
2021-07-09,0.0000,56.9100,58.3000,-2.3842,-556.0000,400,0,0.0000,-1293.8620,-9064.0000
2021-07-12,74.1022,56.6100,56.9100,-0.5271,-120.0000,400,2,74.1022,-1219.7598,-9184.0000
2021-07-13,0.0000,57.0400,56.6100,0.7596,172.0000,400,0,0.0000,-1219.7598,-9012.0000
2021-07-14,0.0000,56.0000,57.0400,-1.8233,-416.0000,400,0,0.0000,-1219.7598,-9428.0000
2021-07-15,0.0000,55.1700,56.0000,-1.4821,-332.0000,400,0,0.0000,-1219.7598,-9760.0000
2021-07-16,-77.3122,54.0300,55.1700,-2.0663,-456.0000,400,2,-77.3122,-1297.0720,-10216.0000
2021-07-19,-80.7694,51.8000,54.0300,-4.1273,-892.0000,400,2,-80.7694,-1377.8413,-11108.0000
2021-07-20,-70.7754,51.8800,51.8000,0.1544,32.0000,400,2,-70.7754,-1448.6167,-11076.0000
2021-07-21,-68.9480,52.6000,51.8800,1.3878,288.0000,400,2,-68.9480,-1517.5647,-10788.0000
2021-07-22,0.0000,53.0000,52.6000,0.7605,160.0000,400,0,0.0000,-1517.5647,-10628.0000
2021-07-23,0.0000,51.8800,53.0000,-2.1132,-448.0000,400,0,0.0000,-1517.5647,-11076.0000
2021-07-26,-70.6860,57.2000,51.8800,10.2544,2128.0000,400,2,-70.6860,-1588.2507,-8948.0000
2021-07-27,-198.4523,64.4000,57.2000,12.5874,2880.0000,400,2,-198.4523,-1786.7030,-6068.0000
2021-07-28,271.0713,59.2600,64.4000,-7.9814,-2056.0000,400,4,271.0713,-1515.6317,-8124.0000
2021-07-29,-201.0285,62.2700,59.2600,5.0793,1204.0000,400,2,-201.0285,-1716.6602,-6920.0000
2021-07-30,0.0000,64.6900,62.2700,3.8863,968.0000,400,0,0.0000,-1716.6602,-5952.0000
2021-08-02,365.9137,67.3600,64.6900,4.1274,1068.0000,400,2,365.9137,-1350.7465,-4884.0000
2021-08-03,0.0000,62.7500,67.3600,-6.8438,-1844.0000,400,0,0.0000,-1350.7465,-6728.0000
2021-08-04,0.0000,63.9500,62.7500,1.9124,480.0000,400,0,0.0000,-1350.7465,-6248.0000
2021-08-05,0.0000,67.2000,63.9500,5.0821,1300.0000,400,0,0.0000,-1350.7465,-4948.0000
2021-08-06,-148.1070,67.4600,67.2000,0.3869,104.0000,400,2,-148.1070,-1498.8535,-4844.0000
2021-08-09,0.0000,64.0300,67.4600,-5.0845,-1372.0000,400,0,0.0000,-1498.8535,-6216.0000
2021-08-10,0.0000,62.3400,64.0300,-2.6394,-676.0000,400,0,0.0000,-1498.8535,-6892.0000
2021-08-11,0.0000,61.5100,62.3400,-1.3314,-332.0000,400,0,0.0000,-1498.8535,-7224.0000
2021-08-12,0.0000,62.0900,61.5100,0.9429,232.0000,400,0,0.0000,-1498.8535,-6992.0000
2021-08-13,0.0000,58.3800,62.0900,-5.9752,-1484.0000,400,0,0.0000,-1498.8535,-8476.0000
2021-08-16,0.0000,58.7500,58.3800,0.6338,148.0000,400,0,0.0000,-1498.8535,-8328.0000
2021-08-17,0.0000,57.0900,58.7500,-2.8255,-664.0000,400,0,0.0000,-1498.8535,-8992.0000
2021-08-18,0.0000,57.9200,57.0900,1.4538,332.0000,400,0,0.0000,-1498.8535,-8660.0000
2021-08-19,25.6520,59.1700,57.9200,2.1581,500.0000,400,2,25.6520,-1473.2015,-8160.0000
2021-08-20,0.0000,59.3100,59.1700,0.2366,56.0000,400,0,0.0000,-1473.2015,-8104.0000
2021-08-23,0.0000,59.4100,59.3100,0.1686,40.0000,400,0,0.0000,-1473.2015,-8064.0000
2021-08-24,109.3666,59.7900,59.4100,0.6396,152.0000,400,2,109.3666,-1363.8348,-7912.0000
2021-08-25,0.0000,59.0200,59.7900,-1.2878,-308.0000,400,0,0.0000,-1363.8348,-8220.0000
2021-08-26,0.0000,58.9100,59.0200,-0.1864,-44.0000,400,0,0.0000,-1363.8348,-8264.0000
2021-08-27,0.0000,57.9200,58.9100,-1.6805,-396.0000,400,0,0.0000,-1363.8348,-8660.0000
2021-08-30,-66.0524,58.0900,57.9200,0.2935,68.0000,400,2,-66.0524,-1429.8872,-8592.0000
2021-08-31,-99.5497,55.6900,58.0900,-4.1315,-960.0000,400,2,-99.5497,-1529.4370,-9552.0000
2021-09-01,-5.6664,55.9700,55.6900,0.5028,112.0000,400,2,-5.6664,-1535.1034,-9440.0000
2021-09-02,0.0000,55.1900,55.9700,-1.3936,-312.0000,400,0,0.0000,-1535.1034,-9752.0000
2021-09-03,-237.7834,56.7700,55.1900,2.8628,632.0000,400,2,-237.7834,-1772.8867,-9120.0000
2021-09-06,0.0000,56.8200,56.7700,0.0881,20.0000,400,0,0.0000,-1772.8867,-9100.0000
2021-09-07,0.0000,56.9400,56.8200,0.2112,48.0000,400,0,0.0000,-1772.8867,-9052.0000
2021-09-08,0.0000,57.0000,56.9400,0.1054,24.0000,400,0,0.0000,-1772.8867,-9028.0000
2021-09-09,0.0000,56.5900,57.0000,-0.7193,-164.0000,400,0,0.0000,-1772.8867,-9192.0000
2021-09-10,-126.0682,58.2700,56.5900,2.9687,672.0000,400,2,-126.0682,-1898.9549,-8520.0000
2021-09-13,0.0000,57.6800,58.2700,-1.0125,-236.0000,400,0,0.0000,-1898.9549,-8756.0000
2021-09-14,-47.8960,57.2200,57.6800,-0.7975,-184.0000,400,2,-47.8960,-1946.8509,-8940.0000
2021-09-15,0.0000,56.3600,57.2200,-1.5030,-344.0000,400,0,0.0000,-1946.8509,-9284.0000
2021-09-16,0.0000,55.1100,56.3600,-2.2179,-500.0000,400,0,0.0000,-1946.8509,-9784.0000
2021-09-17,0.0000,55.6500,55.1100,0.9799,216.0000,400,0,0.0000,-1946.8509,-9568.0000
2021-09-22,96.3211,55.2500,55.6500,-0.7188,-160.0000,400,2,96.3211,-1850.5298,-9728.0000
2021-09-23,0.0000,55.3300,55.2500,0.1448,32.0000,400,0,0.0000,-1850.5298,-9696.0000
2021-09-24,-83.2582,54.0400,55.3300,-2.3315,-516.0000,400,2,-83.2582,-1933.7880,-10212.0000
2021-09-27,8.6334,54.6600,54.0400,1.1473,248.0000,400,2,8.6334,-1925.1546,-9964.0000
2021-09-28,0.0000,54.0300,54.6600,-1.1526,-252.0000,400,0,0.0000,-1925.1546,-10216.0000
2021-09-29,-97.5372,55.5400,54.0300,2.7947,604.0000,400,2,-97.5372,-2022.6918,-9612.0000
2021-09-30,0.0000,55.2000,55.5400,-0.6122,-136.0000,400,0,0.0000,-2022.6918,-9748.0000
2021-10-08,0.0000,55.7700,55.2000,1.0326,228.0000,400,0,0.0000,-2022.6918,-9520.0000
2021-10-11,0.0000,55.4100,55.7700,-0.6455,-144.0000,400,0,0.0000,-2022.6918,-9664.0000
2021-10-12,0.0000,54.4800,55.4100,-1.6784,-372.0000,400,0,0.0000,-2022.6918,-10036.0000
2021-10-13,0.0000,54.3900,54.4800,-0.1652,-36.0000,400,0,0.0000,-2022.6918,-10072.0000
2021-10-14,0.0000,54.1700,54.3900,-0.4045,-88.0000,400,0,0.0000,-2022.6918,-10160.0000
2021-10-15,48.5052,54.9800,54.1700,1.4953,324.0000,400,2,48.5052,-1974.1866,-9836.0000
2021-10-18,0.0000,54.1500,54.9800,-1.5096,-332.0000,400,0,0.0000,-1974.1866,-10168.0000
2021-10-19,0.0000,54.4700,54.1500,0.5910,128.0000,400,0,0.0000,-1974.1866,-10040.0000
2021-10-20,0.0000,54.2300,54.4700,-0.4406,-96.0000,400,0,0.0000,-1974.1866,-10136.0000
2021-10-21,0.0000,53.7200,54.2300,-0.9404,-204.0000,400,0,0.0000,-1974.1866,-10340.0000
2021-10-22,-129.5441,55.7900,53.7200,3.8533,828.0000,400,2,-129.5441,-2103.7307,-9512.0000
2021-10-25,0.0000,55.4900,55.7900,-0.5377,-120.0000,400,0,0.0000,-2103.7307,-9632.0000
2021-10-26,0.0000,55.0000,55.4900,-0.8830,-196.0000,400,0,0.0000,-2103.7307,-9828.0000
2021-10-27,0.0000,54.1200,55.0000,-1.6000,-352.0000,400,0,0.0000,-2103.7307,-10180.0000
2021-10-28,0.0000,54.2400,54.1200,0.2217,48.0000,400,0,0.0000,-2103.7307,-10132.0000
2021-10-29,0.0000,55.0400,54.2400,1.4749,320.0000,400,0,0.0000,-2103.7307,-9812.0000
2021-11-01,0.0000,55.3500,55.0400,0.5632,124.0000,400,0,0.0000,-2103.7307,-9688.0000
2021-11-02,-65.4067,55.9900,55.3500,1.1563,256.0000,400,4,-65.4067,-2169.1374,-9432.0000
2021-11-03,-127.7791,56.9900,55.9900,1.7860,400.0000,400,2,-127.7791,-2296.9164,-9032.0000
2021-11-04,0.0000,56.8300,56.9900,-0.2808,-64.0000,400,0,0.0000,-2296.9164,-9096.0000
2021-11-05,0.0000,57.2700,56.8300,0.7742,176.0000,400,0,0.0000,-2296.9164,-8920.0000
2021-11-08,0.0000,56.0100,57.2700,-2.2001,-504.0000,400,0,0.0000,-2296.9164,-9424.0000
2021-11-09,-86.1214,58.4900,56.0100,4.4278,992.0000,400,2,-86.1214,-2383.0379,-8432.0000
2021-11-10,0.0000,59.3800,58.4900,1.5216,356.0000,400,0,0.0000,-2383.0379,-8076.0000
2021-11-11,207.4486,58.4500,59.3800,-1.5662,-372.0000,400,4,207.4486,-2175.5893,-8448.0000
2021-11-12,0.0000,56.1600,58.4500,-3.9179,-916.0000,400,0,0.0000,-2175.5893,-9364.0000
2021-11-15,0.0000,56.2800,56.1600,0.2137,48.0000,400,0,0.0000,-2175.5893,-9316.0000
2021-11-16,0.0000,55.0700,56.2800,-2.1500,-484.0000,400,0,0.0000,-2175.5893,-9800.0000
2021-11-17,0.0000,55.2600,55.0700,0.3450,76.0000,400,0,0.0000,-2175.5893,-9724.0000
2021-11-18,0.0000,54.5700,55.2600,-1.2486,-276.0000,400,0,0.0000,-2175.5893,-10000.0000
2021-11-19,0.0000,54.7100,54.5700,0.2566,56.0000,400,0,0.0000,-2175.5893,-9944.0000
2021-11-22,0.0000,55.3400,54.7100,1.1515,252.0000,400,0,0.0000,-2175.5893,-9692.0000
2021-11-23,0.0000,54.9100,55.3400,-0.7770,-172.0000,400,0,0.0000,-2175.5893,-9864.0000
2021-11-24,0.0000,54.7700,54.9100,-0.2550,-56.0000,400,0,0.0000,-2175.5893,-9920.0000
2021-11-25,0.0000,55.0000,54.7700,0.4199,92.0000,400,0,0.0000,-2175.5893,-9828.0000
2021-11-26,0.0000,54.2500,55.0000,-1.3636,-300.0000,400,0,0.0000,-2175.5893,-10128.0000
2021-11-29,0.0000,54.2500,54.2500,0.0000,0.0000,400,0,0.0000,-2175.5893,-10128.0000
2021-11-30,0.0000,54.2600,54.2500,0.0184,4.0000,400,0,0.0000,-2175.5893,-10124.0000
2021-12-01,0.0000,54.5000,54.2600,0.4423,96.0000,400,0,0.0000,-2175.5893,-10028.0000
2021-12-02,0.0000,54.8000,54.5000,0.5505,120.0000,400,0,0.0000,-2175.5893,-9908.0000
2021-12-03,0.0000,55.0300,54.8000,0.4197,92.0000,400,0,0.0000,-2175.5893,-9816.0000
2021-12-06,0.0000,54.0400,55.0300,-1.7990,-396.0000,400,0,0.0000,-2175.5893,-10212.0000
2021-12-07,0.0000,54.0500,54.0400,0.0185,4.0000,400,0,0.0000,-2175.5893,-10208.0000
2021-12-08,0.0000,54.2400,54.0500,0.3515,76.0000,400,0,0.0000,-2175.5893,-10132.0000
2021-12-09,0.0000,54.9500,54.2400,1.3090,284.0000,400,0,0.0000,-2175.5893,-9848.0000
2021-12-10,0.0000,56.4000,54.9500,2.6388,580.0000,400,0,0.0000,-2175.5893,-9268.0000
2021-12-13,0.0000,56.0100,56.4000,-0.6915,-156.0000,400,0,0.0000,-2175.5893,-9424.0000
2021-12-14,0.0000,55.0100,56.0100,-1.7854,-400.0000,400,0,0.0000,-2175.5893,-9824.0000
2021-12-15,-77.2435,54.1300,55.0100,-1.5997,-352.0000,400,2,-77.2435,-2252.8328,-10176.0000
2021-12-16,0.0000,53.4400,54.1300,-1.2747,-276.0000,400,0,0.0000,-2252.8328,-10452.0000
2021-12-17,0.0000,53.4900,53.4400,0.0936,20.0000,400,0,0.0000,-2252.8328,-10432.0000
2021-12-20,0.0000,52.8700,53.4900,-1.1591,-248.0000,400,0,0.0000,-2252.8328,-10680.0000
2021-12-21,0.0000,53.0800,52.8700,0.3972,84.0000,400,0,0.0000,-2252.8328,-10596.0000
2021-12-22,0.0000,53.0200,53.0800,-0.1130,-24.0000,400,0,0.0000,-2252.8328,-10620.0000
2021-12-23,0.0000,52.7900,53.0200,-0.4338,-92.0000,400,0,0.0000,-2252.8328,-10712.0000
2021-12-24,0.0000,52.5600,52.7900,-0.4357,-92.0000,400,0,0.0000,-2252.8328,-10804.0000
2021-12-27,0.0000,52.7000,52.5600,0.2664,56.0000,400,0,0.0000,-2252.8328,-10748.0000
2021-12-28,0.0000,53.1700,52.7000,0.8918,188.0000,400,0,0.0000,-2252.8328,-10560.0000
2021-12-29,0.0000,52.7300,53.1700,-0.8275,-176.0000,400,0,0.0000,-2252.8328,-10736.0000
2021-12-30,0.0000,52.8900,52.7300,0.3034,64.0000,400,0,0.0000,-2252.8328,-10672.0000
2021-12-31,0.0000,52.9900,52.8900,0.1891,40.0000,400,0,0.0000,-2252.8328,-10632.0000
2022-01-04,0.0000,53.1400,52.9900,0.2831,60.0000,400,0,0.0000,-2252.8328,-10572.0000
2022-01-05,0.0000,52.8800,53.1400,-0.4893,-104.0000,400,0,0.0000,-2252.8328,-10676.0000
2022-01-06,0.0000,52.8000,52.8800,-0.1513,-32.0000,400,0,0.0000,-2252.8328,-10708.0000
2022-01-07,0.0000,52.8300,52.8000,0.0568,12.0000,400,0,0.0000,-2252.8328,-10696.0000
2022-01-10,0.0000,52.8800,52.8300,0.0946,20.0000,400,0,0.0000,-2252.8328,-10676.0000
2022-01-11,0.0000,52.7500,52.8800,-0.2458,-52.0000,400,0,0.0000,-2252.8328,-10728.0000
2022-01-12,0.0000,52.8900,52.7500,0.2654,56.0000,400,0,0.0000,-2252.8328,-10672.0000
2022-01-13,0.0000,52.0600,52.8900,-1.5693,-332.0000,400,0,0.0000,-2252.8328,-11004.0000
2022-01-14,0.0000,51.0900,52.0600,-1.8632,-388.0000,400,0,0.0000,-2252.8328,-11392.0000
2022-01-17,0.0000,51.4900,51.0900,0.7829,160.0000,400,0,0.0000,-2252.8328,-11232.0000
2022-01-18,0.0000,52.4400,51.4900,1.8450,380.0000,400,0,0.0000,-2252.8328,-10852.0000
2022-01-19,0.0000,51.8900,52.4400,-1.0488,-220.0000,400,0,0.0000,-2252.8328,-11072.0000
2022-01-20,0.0000,51.6900,51.8900,-0.3854,-80.0000,400,0,0.0000,-2252.8328,-11152.0000
2022-01-21,0.0000,51.2800,51.6900,-0.7932,-164.0000,400,0,0.0000,-2252.8328,-11316.0000
2022-01-24,0.0000,51.3500,51.2800,0.1365,28.0000,400,0,0.0000,-2252.8328,-11288.0000
2022-01-25,-52.4547,50.0600,51.3500,-2.5122,-516.0000,400,2,-52.4547,-2305.2876,-11804.0000
2022-01-26,0.0000,50.3100,50.0600,0.4994,100.0000,400,0,0.0000,-2305.2876,-11704.0000
2022-01-27,0.0000,49.0300,50.3100,-2.5442,-512.0000,400,0,0.0000,-2305.2876,-12216.0000
2022-01-28,93.6335,49.2200,49.0300,0.3875,76.0000,400,2,93.6335,-2211.6541,-12140.0000
2022-02-07,0.0000,49.9700,49.2200,1.5238,300.0000,400,0,0.0000,-2211.6541,-11840.0000
2022-02-08,0.0000,50.4000,49.9700,0.8605,172.0000,400,0,0.0000,-2211.6541,-11668.0000
2022-02-09,0.0000,51.1000,50.4000,1.3889,280.0000,400,0,0.0000,-2211.6541,-11388.0000
2022-02-10,0.0000,51.2000,51.1000,0.1957,40.0000,400,0,0.0000,-2211.6541,-11348.0000
2022-02-11,0.0000,51.4600,51.2000,0.5078,104.0000,400,0,0.0000,-2211.6541,-11244.0000
2022-02-14,0.0000,50.8000,51.4600,-1.2825,-264.0000,400,0,0.0000,-2211.6541,-11508.0000
2022-02-15,0.0000,51.4700,50.8000,1.3189,268.0000,400,0,0.0000,-2211.6541,-11240.0000
2022-02-16,0.0000,51.4800,51.4700,0.0194,4.0000,400,0,0.0000,-2211.6541,-11236.0000
2022-02-17,0.0000,50.8500,51.4800,-1.2238,-252.0000,400,0,0.0000,-2211.6541,-11488.0000
2022-02-18,0.0000,50.8400,50.8500,-0.0197,-4.0000,400,0,0.0000,-2211.6541,-11492.0000
2022-02-21,0.0000,50.9300,50.8400,0.1770,36.0000,400,0,0.0000,-2211.6541,-11456.0000
2022-02-22,0.0000,50.3800,50.9300,-1.0799,-220.0000,400,0,0.0000,-2211.6541,-11676.0000
2022-02-23,0.0000,51.6400,50.3800,2.5010,504.0000,400,0,0.0000,-2211.6541,-11172.0000
2022-02-24,-114.4996,50.7300,51.6400,-1.7622,-364.0000,400,2,-114.4996,-2326.1537,-11536.0000
2022-02-25,5.4487,50.7300,50.7300,0.0000,0.0000,400,2,5.4487,-2320.7050,-11536.0000
2022-02-28,0.0000,50.7300,50.7300,0.0000,0.0000,400,0,0.0000,-2320.7050,-11536.0000
2022-03-01,0.0000,50.8700,50.7300,0.2760,56.0000,400,0,0.0000,-2320.7050,-11480.0000
2022-03-02,0.0000,50.5800,50.8700,-0.5701,-116.0000,400,0,0.0000,-2320.7050,-11596.0000
2022-03-03,0.0000,51.0600,50.5800,0.9490,192.0000,400,0,0.0000,-2320.7050,-11404.0000
2022-03-04,0.0000,50.8800,51.0600,-0.3525,-72.0000,400,0,0.0000,-2320.7050,-11476.0000
2022-03-07,0.0000,49.6000,50.8800,-2.5157,-512.0000,400,0,0.0000,-2320.7050,-11988.0000
2022-03-08,0.0000,49.2800,49.6000,-0.6452,-128.0000,400,0,0.0000,-2320.7050,-12116.0000
2022-03-09,25.0516,50.3000,49.2800,2.0698,408.0000,400,4,25.0516,-2295.6535,-11708.0000
2022-03-10,0.0000,50.2300,50.3000,-0.1392,-28.0000,400,0,0.0000,-2295.6535,-11736.0000
2022-03-11,11.6131,49.7400,50.2300,-0.9755,-196.0000,400,2,11.6131,-2284.0404,-11932.0000
2022-03-14,0.0000,48.5900,49.7400,-2.3120,-460.0000,400,0,0.0000,-2284.0404,-12392.0000
2022-03-15,0.0000,45.2900,48.5900,-6.7915,-1320.0000,400,0,0.0000,-2284.0404,-13712.0000
2022-03-16,18.9858,46.2800,45.2900,2.1859,396.0000,400,4,18.9858,-2265.0546,-13316.0000
2022-03-17,0.0000,46.4900,46.2800,0.4538,84.0000,400,0,0.0000,-2265.0546,-13232.0000
2022-03-18,0.0000,46.8000,46.4900,0.6668,124.0000,400,0,0.0000,-2265.0546,-13108.0000
2022-03-21,0.0000,46.9900,46.8000,0.4060,76.0000,400,0,0.0000,-2265.0546,-13032.0000
2022-03-22,0.0000,46.8000,46.9900,-0.4043,-76.0000,400,0,0.0000,-2265.0546,-13108.0000
2022-03-23,99.9955,47.5900,46.8000,1.6880,316.0000,400,2,99.9955,-2165.0590,-12792.0000
2022-03-24,0.0000,46.6100,47.5900,-2.0593,-392.0000,400,0,0.0000,-2165.0590,-13184.0000
2022-03-25,0.0000,46.7600,46.6100,0.3218,60.0000,400,0,0.0000,-2165.0590,-13124.0000
2022-03-28,0.0000,46.4500,46.7600,-0.6630,-124.0000,400,0,0.0000,-2165.0590,-13248.0000
2022-03-29,0.0000,46.1600,46.4500,-0.6243,-116.0000,400,0,0.0000,-2165.0590,-13364.0000
2022-03-30,0.0000,46.6000,46.1600,0.9532,176.0000,400,0,0.0000,-2165.0590,-13188.0000
2022-03-31,0.0000,46.0900,46.6000,-1.0944,-204.0000,400,0,0.0000,-2165.0590,-13392.0000
2022-04-01,0.0000,45.7100,46.0900,-0.8245,-152.0000,400,0,0.0000,-2165.0590,-13544.0000
2022-04-06,0.0000,45.7500,45.7100,0.0875,16.0000,400,0,0.0000,-2165.0590,-13528.0000
2022-04-07,0.0000,45.3400,45.7500,-0.8962,-164.0000,400,0,0.0000,-2165.0590,-13692.0000
2022-04-08,0.0000,44.9900,45.3400,-0.7719,-140.0000,400,0,0.0000,-2165.0590,-13832.0000
2022-04-11,-100.9935,42.6300,44.9900,-5.2456,-944.0000,400,2,-100.9935,-2266.0525,-14776.0000
2022-04-12,-125.0148,43.8900,42.6300,2.9557,504.0000,400,2,-125.0148,-2391.0673,-14272.0000
2022-04-13,0.0000,43.5100,43.8900,-0.8658,-152.0000,400,0,0.0000,-2391.0673,-14424.0000
2022-04-14,0.0000,43.6700,43.5100,0.3677,64.0000,400,0,0.0000,-2391.0673,-14360.0000
2022-04-15,0.0000,43.2500,43.6700,-0.9618,-168.0000,400,0,0.0000,-2391.0673,-14528.0000
2022-04-18,0.0000,43.6900,43.2500,1.0173,176.0000,400,0,0.0000,-2391.0673,-14352.0000
2022-04-19,0.0000,43.5900,43.6900,-0.2289,-40.0000,400,0,0.0000,-2391.0673,-14392.0000
2022-04-20,0.0000,43.0500,43.5900,-1.2388,-216.0000,400,0,0.0000,-2391.0673,-14608.0000
2022-04-21,-70.7433,41.8900,43.0500,-2.6945,-464.0000,400,2,-70.7433,-2461.8106,-15072.0000
2022-04-22,0.0000,41.8500,41.8900,-0.0955,-16.0000,400,0,0.0000,-2461.8106,-15088.0000
2022-04-25,-62.2689,38.9700,41.8500,-6.8817,-1152.0000,400,2,-62.2689,-2524.0794,-16240.0000
2022-04-26,-105.9266,37.7800,38.9700,-3.0536,-476.0000,400,2,-105.9266,-2630.0060,-16716.0000
2022-04-27,-81.9739,38.5700,37.7800,2.0911,316.0000,400,2,-81.9739,-2711.9799,-16400.0000
2022-04-28,0.0000,37.9100,38.5700,-1.7112,-264.0000,400,0,0.0000,-2711.9799,-16664.0000
2022-04-29,-12.1253,39.7200,37.9100,4.7745,724.0000,400,2,-12.1253,-2724.1052,-15940.0000
2022-05-05,0.0000,40.3600,39.7200,1.6113,256.0000,400,0,0.0000,-2724.1052,-15684.0000
2022-05-06,0.0000,39.6000,40.3600,-1.8831,-304.0000,400,0,0.0000,-2724.1052,-15988.0000
2022-05-09,0.0000,39.9300,39.6000,0.8333,132.0000,400,0,0.0000,-2724.1052,-15856.0000
2022-05-10,0.0000,40.8800,39.9300,2.3792,380.0000,400,0,0.0000,-2724.1052,-15476.0000
2022-05-11,-74.6379,42.1500,40.8800,3.1067,508.0000,400,2,-74.6379,-2798.7431,-14968.0000
2022-05-12,0.0000,43.3200,42.1500,2.7758,468.0000,400,0,0.0000,-2798.7431,-14500.0000
2022-05-13,0.0000,42.4000,43.3200,-2.1237,-368.0000,400,0,0.0000,-2798.7431,-14868.0000
2022-05-16,0.0000,42.4000,42.4000,0.0000,0.0000,400,0,0.0000,-2798.7431,-14868.0000
2022-05-17,0.0000,42.5900,42.4000,0.4481,76.0000,400,0,0.0000,-2798.7431,-14792.0000
2022-05-18,0.0000,42.2600,42.5900,-0.7748,-132.0000,400,0,0.0000,-2798.7431,-14924.0000
2022-05-19,0.0000,42.4400,42.2600,0.4259,72.0000,400,0,0.0000,-2798.7431,-14852.0000
2022-05-20,0.0000,42.8800,42.4400,1.0368,176.0000,400,0,0.0000,-2798.7431,-14676.0000
2022-05-23,0.0000,43.1000,42.8800,0.5131,88.0000,400,0,0.0000,-2798.7431,-14588.0000
2022-05-24,-54.6398,41.6100,43.1000,-3.4571,-596.0000,400,2,-54.6398,-2853.3829,-15184.0000
2022-05-25,0.0000,42.3800,41.6100,1.8505,308.0000,400,0,0.0000,-2853.3829,-14876.0000
2022-05-26,0.0000,42.4200,42.3800,0.0944,16.0000,400,0,0.0000,-2853.3829,-14860.0000
2022-05-27,1.4281,42.1300,42.4200,-0.6836,-116.0000,400,2,1.4281,-2851.9547,-14976.0000
2022-05-30,0.0000,42.0600,42.1300,-0.1662,-28.0000,400,0,0.0000,-2851.9547,-15004.0000
2022-05-31,0.0000,42.8800,42.0600,1.9496,328.0000,400,0,0.0000,-2851.9547,-14676.0000
2022-06-01,0.0000,42.7500,42.8800,-0.3032,-52.0000,400,0,0.0000,-2851.9547,-14728.0000
2022-06-02,-62.8275,44.5200,42.7500,4.1404,708.0000,400,2,-62.8275,-2914.7823,-14020.0000
2022-06-06,27.4367,45.6900,44.5200,2.6280,468.0000,400,4,27.4367,-2887.3456,-13552.0000
2022-06-07,0.0000,45.2200,45.6900,-1.0287,-188.0000,400,0,0.0000,-2887.3456,-13740.0000
2022-06-08,76.8434,44.8900,45.2200,-0.7298,-132.0000,400,2,76.8434,-2810.5022,-13872.0000
2022-06-09,0.0000,43.9100,44.8900,-2.1831,-392.0000,400,0,0.0000,-2810.5022,-14264.0000
2022-06-10,-37.2495,45.3900,43.9100,3.3705,592.0000,400,2,-37.2495,-2847.7517,-13672.0000
2022-06-13,0.0000,45.7400,45.3900,0.7711,140.0000,400,0,0.0000,-2847.7517,-13532.0000
2022-06-14,0.0000,45.6600,45.7400,-0.1749,-32.0000,400,0,0.0000,-2847.7517,-13564.0000
2022-06-15,0.0000,45.4700,45.6600,-0.4161,-76.0000,400,0,0.0000,-2847.7517,-13640.0000
2022-06-16,6.8407,44.8600,45.4700,-1.3415,-244.0000,400,2,6.8407,-2840.9111,-13884.0000
2022-06-17,0.0000,44.9000,44.8600,0.0892,16.0000,400,0,0.0000,-2840.9111,-13868.0000
2022-06-20,0.0000,45.6800,44.9000,1.7372,312.0000,400,0,0.0000,-2840.9111,-13556.0000
2022-06-21,0.0000,45.1600,45.6800,-1.1384,-208.0000,400,0,0.0000,-2840.9111,-13764.0000
2022-06-22,0.0000,44.3500,45.1600,-1.7936,-324.0000,400,0,0.0000,-2840.9111,-14088.0000
2022-06-23,0.0000,44.5000,44.3500,0.3382,60.0000,400,0,0.0000,-2840.9111,-14028.0000
2022-06-24,0.0000,45.0500,44.5000,1.2360,220.0000,400,0,0.0000,-2840.9111,-13808.0000
2022-06-27,0.0000,45.2000,45.0500,0.3330,60.0000,400,0,0.0000,-2840.9111,-13748.0000
2022-06-28,-19.4085,46.0600,45.2000,1.9027,344.0000,400,2,-19.4085,-2860.3196,-13404.0000
2022-06-29,0.0000,45.1600,46.0600,-1.9540,-360.0000,400,0,0.0000,-2860.3196,-13764.0000
2022-06-30,0.0000,45.1700,45.1600,0.0221,4.0000,400,0,0.0000,-2860.3196,-13760.0000
2022-07-01,0.0000,44.8100,45.1700,-0.7970,-144.0000,400,0,0.0000,-2860.3196,-13904.0000
2022-07-04,0.0000,44.1100,44.8100,-1.5622,-280.0000,400,0,0.0000,-2860.3196,-14184.0000
2022-07-05,0.0000,44.3000,44.1100,0.4307,76.0000,400,0,0.0000,-2860.3196,-14108.0000
2022-07-06,-14.8862,43.5600,44.3000,-1.6704,-296.0000,400,2,-14.8862,-2875.2058,-14404.0000
2022-07-07,0.0000,43.3100,43.5600,-0.5739,-100.0000,400,0,0.0000,-2875.2058,-14504.0000
2022-07-08,0.0000,43.4000,43.3100,0.2078,36.0000,400,0,0.0000,-2875.2058,-14468.0000
2022-07-11,0.0000,41.8400,43.4000,-3.5945,-624.0000,400,0,0.0000,-2875.2058,-15092.0000
2022-07-12,0.0000,41.8800,41.8400,0.0956,16.0000,400,0,0.0000,-2875.2058,-15076.0000
2022-07-13,0.0000,41.5700,41.8800,-0.7402,-124.0000,400,0,0.0000,-2875.2058,-15200.0000
2022-07-14,0.0000,41.2800,41.5700,-0.6976,-116.0000,400,0,0.0000,-2875.2058,-15316.0000
2022-07-15,0.0000,41.0200,41.2800,-0.6298,-104.0000,400,0,0.0000,-2875.2058,-15420.0000
2022-07-18,-92.5198,41.6100,41.0200,1.4383,236.0000,400,2,-92.5198,-2967.7255,-15184.0000
2022-07-19,0.0000,41.7900,41.6100,0.4326,72.0000,400,0,0.0000,-2967.7255,-15112.0000
2022-07-20,0.0000,41.7700,41.7900,-0.0479,-8.0000,400,0,0.0000,-2967.7255,-15120.0000
2022-07-21,0.0000,41.5500,41.7700,-0.5267,-88.0000,400,0,0.0000,-2967.7255,-15208.0000
2022-07-22,-54.4113,41.4500,41.5500,-0.2407,-40.0000,400,2,-54.4113,-3022.1368,-15248.0000
2022-07-25,0.0000,41.8200,41.4500,0.8926,148.0000,400,0,0.0000,-3022.1368,-15100.0000
2022-07-26,0.0000,41.5400,41.8200,-0.6695,-112.0000,400,0,0.0000,-3022.1368,-15212.0000
2022-07-27,0.0000,40.9600,41.5400,-1.3962,-232.0000,400,0,0.0000,-3022.1368,-15444.0000
2022-07-28,0.0000,40.9800,40.9600,0.0488,8.0000,400,0,0.0000,-3022.1368,-15436.0000
2022-07-29,-30.1744,40.0900,40.9800,-2.1718,-356.0000,400,2,-30.1744,-3052.3112,-15792.0000
2022-08-01,0.0000,40.1800,40.0900,0.2245,36.0000,400,0,0.0000,-3052.3112,-15756.0000
2022-08-02,0.0000,38.9800,40.1800,-2.9866,-480.0000,400,0,0.0000,-3052.3112,-16236.0000
2022-08-03,-314.1548,41.6000,38.9800,6.7214,1048.0000,400,2,-314.1548,-3366.4660,-15188.0000
2022-08-04,71.2921,42.4900,41.6000,2.1394,356.0000,400,2,71.2921,-3295.1739,-14832.0000
2022-08-05,-112.8566,44.3400,42.4900,4.3540,740.0000,400,2,-112.8566,-3408.0305,-14092.0000
2022-08-08,0.0000,43.0000,44.3400,-3.0221,-536.0000,400,0,0.0000,-3408.0305,-14628.0000
2022-08-09,0.0000,43.1100,43.0000,0.2558,44.0000,400,0,0.0000,-3408.0305,-14584.0000
2022-08-10,0.0000,42.5000,43.1100,-1.4150,-244.0000,400,0,0.0000,-3408.0305,-14828.0000
2022-08-11,0.0000,43.4800,42.5000,2.3059,392.0000,400,0,0.0000,-3408.0305,-14436.0000
2022-08-12,0.0000,42.7100,43.4800,-1.7709,-308.0000,400,0,0.0000,-3408.0305,-14744.0000
2022-08-15,0.0000,41.8400,42.7100,-2.0370,-348.0000,400,0,0.0000,-3408.0305,-15092.0000
2022-08-16,0.0000,41.6300,41.8400,-0.5019,-84.0000,400,0,0.0000,-3408.0305,-15176.0000
2022-08-17,0.0000,41.7900,41.6300,0.3843,64.0000,400,0,0.0000,-3408.0305,-15112.0000
2022-08-18,0.0000,41.8800,41.7900,0.2154,36.0000,400,0,0.0000,-3408.0305,-15076.0000
2022-08-19,-38.3622,40.9900,41.8800,-2.1251,-356.0000,400,2,-38.3622,-3446.3926,-15432.0000
2022-08-22,-26.3967,41.0900,40.9900,0.2440,40.0000,400,2,-26.3967,-3472.7893,-15392.0000
2022-08-23,0.0000,40.6600,41.0900,-1.0465,-172.0000,400,0,0.0000,-3472.7893,-15564.0000
2022-08-24,-50.1012,39.7000,40.6600,-2.3610,-384.0000,400,2,-50.1012,-3522.8905,-15948.0000
2022-08-25,0.0000,39.8800,39.7000,0.4534,72.0000,400,0,0.0000,-3522.8905,-15876.0000
2022-08-26,0.0000,40.2700,39.8800,0.9779,156.0000,400,0,0.0000,-3522.8905,-15720.0000
2022-08-29,0.0000,40.0800,40.2700,-0.4718,-76.0000,400,0,0.0000,-3522.8905,-15796.0000
2022-08-30,0.0000,40.1000,40.0800,0.0499,8.0000,400,0,0.0000,-3522.8905,-15788.0000
2022-08-31,0.0000,40.2100,40.1000,0.2743,44.0000,400,0,0.0000,-3522.8905,-15744.0000
2022-09-01,0.0000,39.9500,40.2100,-0.6466,-104.0000,400,0,0.0000,-3522.8905,-15848.0000
2022-09-02,0.0000,40.4000,39.9500,1.1264,180.0000,400,0,0.0000,-3522.8905,-15668.0000
2022-09-05,0.0000,39.9400,40.4000,-1.1386,-184.0000,400,0,0.0000,-3522.8905,-15852.0000
2022-09-06,0.0000,40.0500,39.9400,0.2754,44.0000,400,0,0.0000,-3522.8905,-15808.0000
2022-09-07,0.0000,40.2300,40.0500,0.4494,72.0000,400,0,0.0000,-3522.8905,-15736.0000
2022-09-08,0.0000,39.9400,40.2300,-0.7209,-116.0000,400,0,0.0000,-3522.8905,-15852.0000
2022-09-09,0.0000,40.2000,39.9400,0.6510,104.0000,400,0,0.0000,-3522.8905,-15748.0000
2022-09-13,0.0000,40.4000,40.2000,0.4975,80.0000,400,0,0.0000,-3522.8905,-15668.0000
2022-09-14,0.0000,40.1800,40.4000,-0.5446,-88.0000,400,0,0.0000,-3522.8905,-15756.0000
2022-09-15,0.0000,40.0700,40.1800,-0.2738,-44.0000,400,0,0.0000,-3522.8905,-15800.0000
2022-09-16,0.0000,39.7900,40.0700,-0.6988,-112.0000,400,0,0.0000,-3522.8905,-15912.0000
2022-09-19,0.0000,38.5600,39.7900,-3.0912,-492.0000,400,0,0.0000,-3522.8905,-16404.0000
2022-09-20,0.0000,38.7000,38.5600,0.3631,56.0000,400,0,0.0000,-3522.8905,-16348.0000
2022-09-21,0.0000,38.4500,38.7000,-0.6460,-100.0000,400,0,0.0000,-3522.8905,-16448.0000
2022-09-22,0.0000,38.4500,38.4500,0.0000,0.0000,400,0,0.0000,-3522.8905,-16448.0000
2022-09-23,0.0000,38.1400,38.4500,-0.8062,-124.0000,400,0,0.0000,-3522.8905,-16572.0000
2022-09-26,0.0000,37.4700,38.1400,-1.7567,-268.0000,400,0,0.0000,-3522.8905,-16840.0000
2022-09-27,-15.8152,38.3700,37.4700,2.4019,360.0000,400,2,-15.8152,-3538.7057,-16480.0000
2022-09-28,0.0000,37.7900,38.3700,-1.5116,-232.0000,400,0,0.0000,-3538.7057,-16712.0000
2022-09-29,-23.6705,37.5600,37.7900,-0.6086,-92.0000,400,2,-23.6705,-3562.3762,-16804.0000
2022-09-30,0.0000,37.7800,37.5600,0.5857,88.0000,400,0,0.0000,-3562.3762,-16716.0000
2022-10-10,24.4395,37.7200,37.7800,-0.1588,-24.0000,400,4,24.4395,-3537.9367,-16740.0000
2022-10-11,-105.4448,36.8300,37.7200,-2.3595,-356.0000,400,2,-105.4448,-3643.3815,-17096.0000
2022-10-12,0.0000,37.4700,36.8300,1.7377,256.0000,400,0,0.0000,-3643.3815,-16840.0000
2022-10-13,0.0000,36.8400,37.4700,-1.6813,-252.0000,400,0,0.0000,-3643.3815,-17092.0000
2022-10-14,22.2300,37.8600,36.8400,2.7687,408.0000,400,2,22.2300,-3621.1515,-16684.0000
2022-10-17,0.0000,38.4100,37.8600,1.4527,220.0000,400,0,0.0000,-3621.1515,-16464.0000
2022-10-18,0.0000,38.1000,38.4100,-0.8071,-124.0000,400,0,0.0000,-3621.1515,-16588.0000
2022-10-19,0.0000,37.8300,38.1000,-0.7087,-108.0000,400,0,0.0000,-3621.1515,-16696.0000
2022-10-20,-51.8503,38.6700,37.8300,2.2205,336.0000,400,2,-51.8503,-3673.0018,-16360.0000
2022-10-21,0.0000,38.3100,38.6700,-0.9310,-144.0000,400,0,0.0000,-3673.0018,-16504.0000
2022-10-24,-57.6953,37.4900,38.3100,-2.1404,-328.0000,400,2,-57.6953,-3730.6970,-16832.0000
2022-10-25,74.2122,37.6000,37.4900,0.2934,44.0000,400,2,74.2122,-3656.4848,-16788.0000
2022-10-26,-141.9409,39.0600,37.6000,3.8830,584.0000,400,2,-141.9409,-3798.4258,-16204.0000
2022-10-27,-166.3043,42.1300,39.0600,7.8597,1228.0000,400,2,-166.3043,-3964.7300,-14976.0000
2022-10-28,0.0000,41.5500,42.1300,-1.3767,-232.0000,400,0,0.0000,-3964.7300,-15208.0000
2022-10-31,0.0000,41.7100,41.5500,0.3851,64.0000,400,0,0.0000,-3964.7300,-15144.0000
2022-11-01,0.0000,41.7200,41.7100,0.0240,4.0000,400,0,0.0000,-3964.7300,-15140.0000
2022-11-02,0.0000,41.8100,41.7200,0.2157,36.0000,400,0,0.0000,-3964.7300,-15104.0000
2022-11-03,0.0000,42.0500,41.8100,0.5740,96.0000,400,0,0.0000,-3964.7300,-15008.0000
2022-11-04,0.0000,42.1500,42.0500,0.2378,40.0000,400,0,0.0000,-3964.7300,-14968.0000
2022-11-07,0.0000,41.8800,42.1500,-0.6406,-108.0000,400,0,0.0000,-3964.7300,-15076.0000
2022-11-08,0.0000,41.3600,41.8800,-1.2416,-208.0000,400,0,0.0000,-3964.7300,-15284.0000
2022-11-09,0.0000,41.1500,41.3600,-0.5077,-84.0000,400,0,0.0000,-3964.7300,-15368.0000
2022-11-10,-76.2422,40.3000,41.1500,-2.0656,-340.0000,400,2,-76.2422,-4040.9722,-15708.0000
2022-11-11,0.0000,40.7100,40.3000,1.0174,164.0000,400,0,0.0000,-4040.9722,-15544.0000
2022-11-14,0.0000,41.4000,40.7100,1.6949,276.0000,400,0,0.0000,-4040.9722,-15268.0000
2022-11-15,-58.6928,42.7900,41.4000,3.3575,556.0000,400,2,-58.6928,-4099.6651,-14712.0000
2022-11-16,0.0000,42.4800,42.7900,-0.7245,-124.0000,400,0,0.0000,-4099.6651,-14836.0000
2022-11-17,0.0000,42.6600,42.4800,0.4237,72.0000,400,0,0.0000,-4099.6651,-14764.0000
2022-11-18,0.0000,41.8100,42.6600,-1.9925,-340.0000,400,0,0.0000,-4099.6651,-15104.0000
2022-11-21,0.0000,41.5800,41.8100,-0.5501,-92.0000,400,0,0.0000,-4099.6651,-15196.0000
2022-11-22,0.0000,41.0000,41.5800,-1.3949,-232.0000,400,0,0.0000,-4099.6651,-15428.0000
2022-11-23,0.0000,40.7700,41.0000,-0.5610,-92.0000,400,0,0.0000,-4099.6651,-15520.0000
2022-11-24,0.0000,40.6800,40.7700,-0.2208,-36.0000,400,0,0.0000,-4099.6651,-15556.0000
2022-11-25,0.0000,40.6900,40.6800,0.0246,4.0000,400,0,0.0000,-4099.6651,-15552.0000
2022-11-28,0.0000,40.0800,40.6900,-1.4991,-244.0000,400,0,0.0000,-4099.6651,-15796.0000
2022-11-29,-82.3320,40.9800,40.0800,2.2455,360.0000,400,2,-82.3320,-4181.9971,-15436.0000
2022-11-30,0.0000,40.8400,40.9800,-0.3416,-56.0000,400,0,0.0000,-4181.9971,-15492.0000
2022-12-01,-4.3537,40.9800,40.8400,0.3428,56.0000,400,2,-4.3537,-4186.3507,-15436.0000
2022-12-02,0.0000,40.6500,40.9800,-0.8053,-132.0000,400,0,0.0000,-4186.3507,-15568.0000
2022-12-05,0.0000,41.3600,40.6500,1.7466,284.0000,400,0,0.0000,-4186.3507,-15284.0000
2022-12-06,0.0000,41.9100,41.3600,1.3298,220.0000,400,0,0.0000,-4186.3507,-15064.0000
2022-12-07,0.0000,41.9200,41.9100,0.0239,4.0000,400,0,0.0000,-4186.3507,-15060.0000
2022-12-08,0.0000,41.9000,41.9200,-0.0477,-8.0000,400,0,0.0000,-4186.3507,-15068.0000
2022-12-09,0.0000,42.1600,41.9000,0.6205,104.0000,400,0,0.0000,-4186.3507,-14964.0000
2022-12-12,0.0000,41.9500,42.1600,-0.4981,-84.0000,400,0,0.0000,-4186.3507,-15048.0000
2022-12-13,0.0000,41.8000,41.9500,-0.3576,-60.0000,400,0,0.0000,-4186.3507,-15108.0000
2022-12-14,-32.7007,42.5700,41.8000,1.8421,308.0000,400,2,-32.7007,-4219.0515,-14800.0000
2022-12-15,0.0000,42.7700,42.5700,0.4698,80.0000,400,0,0.0000,-4219.0515,-14720.0000
2022-12-16,0.0000,43.0000,42.7700,0.5378,92.0000,400,0,0.0000,-4219.0515,-14628.0000
2022-12-19,-62.5378,41.7800,43.0000,-2.8372,-488.0000,400,2,-62.5378,-4281.5893,-15116.0000
2022-12-20,0.0000,41.8500,41.7800,0.1675,28.0000,400,0,0.0000,-4281.5893,-15088.0000
2022-12-21,9.5710,41.2900,41.8500,-1.3381,-224.0000,400,2,9.5710,-4272.0183,-15312.0000
2022-12-22,0.0000,41.0700,41.2900,-0.5328,-88.0000,400,0,0.0000,-4272.0183,-15400.0000
2022-12-23,0.0000,41.0600,41.0700,-0.0243,-4.0000,400,0,0.0000,-4272.0183,-15404.0000
2022-12-26,0.0000,41.4300,41.0600,0.9011,148.0000,400,0,0.0000,-4272.0183,-15256.0000
2022-12-27,0.0000,41.4800,41.4300,0.1207,20.0000,400,0,0.0000,-4272.0183,-15236.0000
2022-12-28,0.0000,40.9000,41.4800,-1.3983,-232.0000,400,0,0.0000,-4272.0183,-15468.0000
2022-12-29,0.0000,40.8900,40.9000,-0.0244,-4.0000,400,0,0.0000,-4272.0183,-15472.0000
2022-12-30,0.0000,41.1400,40.8900,0.6114,100.0000,400,0,0.0000,-4272.0183,-15372.0000
2023-01-03,0.0000,41.5400,41.1400,0.9723,160.0000,400,0,0.0000,-4272.0183,-15212.0000
2023-01-04,0.0000,41.9200,41.5400,0.9148,152.0000,400,0,0.0000,-4272.0183,-15060.0000
2023-01-05,0.0000,41.8700,41.9200,-0.1193,-20.0000,400,0,0.0000,-4272.0183,-15080.0000
2023-01-06,0.0000,41.6800,41.8700,-0.4538,-76.0000,400,0,0.0000,-4272.0183,-15156.0000
2023-01-09,0.0000,41.5300,41.6800,-0.3599,-60.0000,400,0,0.0000,-4272.0183,-15216.0000
2023-01-10,0.0000,41.5600,41.5300,0.0722,12.0000,400,0,0.0000,-4272.0183,-15204.0000
2023-01-11,0.0000,41.1800,41.5600,-0.9143,-152.0000,400,0,0.0000,-4272.0183,-15356.0000
2023-01-12,0.0000,40.8200,41.1800,-0.8742,-144.0000,400,0,0.0000,-4272.0183,-15500.0000
2023-01-13,0.0000,41.3000,40.8200,1.1759,192.0000,400,0,0.0000,-4272.0183,-15308.0000
2023-01-16,0.0000,41.9200,41.3000,1.5012,248.0000,400,0,0.0000,-4272.0183,-15060.0000
2023-01-17,0.0000,42.1000,41.9200,0.4294,72.0000,400,0,0.0000,-4272.0183,-14988.0000
2023-01-18,0.0000,42.0000,42.1000,-0.2375,-40.0000,400,0,0.0000,-4272.0183,-15028.0000
2023-01-19,0.0000,42.5000,42.0000,1.1905,200.0000,400,0,0.0000,-4272.0183,-14828.0000
2023-01-20,0.0000,42.5900,42.5000,0.2118,36.0000,400,0,0.0000,-4272.0183,-14792.0000
2023-01-30,0.0000,42.3700,42.5900,-0.5166,-88.0000,400,0,0.0000,-4272.0183,-14880.0000
2023-01-31,0.0000,41.8600,42.3700,-1.2037,-204.0000,400,0,0.0000,-4272.0183,-15084.0000
2023-02-01,0.0000,43.4600,41.8600,3.8223,640.0000,400,0,0.0000,-4272.0183,-14444.0000
2023-02-02,61.0391,43.4200,43.4600,-0.0920,-16.0000,400,2,61.0391,-4210.9792,-14460.0000
2023-02-03,0.0000,43.3300,43.4200,-0.2073,-36.0000,400,0,0.0000,-4210.9792,-14496.0000
2023-02-06,0.0000,43.0000,43.3300,-0.7616,-132.0000,400,0,0.0000,-4210.9792,-14628.0000
2023-02-07,0.0000,43.1800,43.0000,0.4186,72.0000,400,0,0.0000,-4210.9792,-14556.0000
2023-02-08,0.0000,42.6200,43.1800,-1.2969,-224.0000,400,0,0.0000,-4210.9792,-14780.0000
2023-02-09,0.0000,43.6000,42.6200,2.2994,392.0000,400,0,0.0000,-4210.9792,-14388.0000
2023-02-10,0.0000,43.0700,43.6000,-1.2156,-212.0000,400,0,0.0000,-4210.9792,-14600.0000
2023-02-13,0.0000,42.9800,43.0700,-0.2090,-36.0000,400,0,0.0000,-4210.9792,-14636.0000
2023-02-14,0.0000,43.0300,42.9800,0.1163,20.0000,400,0,0.0000,-4210.9792,-14616.0000
2023-02-15,0.0000,42.8600,43.0300,-0.3951,-68.0000,400,0,0.0000,-4210.9792,-14684.0000
2023-02-16,-68.6236,41.9800,42.8600,-2.0532,-352.0000,400,2,-68.6236,-4279.6028,-15036.0000
2023-02-17,0.0000,41.8100,41.9800,-0.4050,-68.0000,400,0,0.0000,-4279.6028,-15104.0000
2023-02-20,0.0000,42.2600,41.8100,1.0763,180.0000,400,0,0.0000,-4279.6028,-14924.0000
2023-02-21,0.0000,42.3500,42.2600,0.2130,36.0000,400,0,0.0000,-4279.6028,-14888.0000
2023-02-22,0.0000,42.3000,42.3500,-0.1181,-20.0000,400,0,0.0000,-4279.6028,-14908.0000
2023-02-23,0.0000,42.1600,42.3000,-0.3310,-56.0000,400,0,0.0000,-4279.6028,-14964.0000
2023-02-24,0.0000,41.9700,42.1600,-0.4507,-76.0000,400,0,0.0000,-4279.6028,-15040.0000
2023-02-27,0.0000,41.6300,41.9700,-0.8101,-136.0000,400,0,0.0000,-4279.6028,-15176.0000
2023-02-28,0.0000,42.0200,41.6300,0.9368,156.0000,400,0,0.0000,-4279.6028,-15020.0000
2023-03-01,0.0000,42.3700,42.0200,0.8329,140.0000,400,0,0.0000,-4279.6028,-14880.0000
2023-03-02,0.0000,42.4600,42.3700,0.2124,36.0000,400,0,0.0000,-4279.6028,-14844.0000
2023-03-03,0.0000,43.3200,42.4600,2.0254,344.0000,400,0,0.0000,-4279.6028,-14500.0000
2023-03-06,0.0000,43.4000,43.3200,0.1847,32.0000,400,0,0.0000,-4279.6028,-14468.0000
2023-03-07,0.0000,42.7300,43.4000,-1.5438,-268.0000,400,0,0.0000,-4279.6028,-14736.0000
2023-03-08,0.0000,42.8400,42.7300,0.2574,44.0000,400,0,0.0000,-4279.6028,-14692.0000
2023-03-09,43.0654,43.2700,42.8400,1.0037,172.0000,400,2,43.0654,-4236.5374,-14520.0000
2023-03-10,-56.8642,43.0000,43.2700,-0.6240,-108.0000,400,2,-56.8642,-4293.4016,-14628.0000
2023-03-13,-58.8703,43.6000,43.0000,1.3953,240.0000,400,2,-58.8703,-4352.2719,-14388.0000
2023-03-14,-207.1819,48.0100,43.6000,10.1147,1764.0000,400,2,-207.1819,-4559.4538,-12624.0000
2023-03-15,-206.1325,48.8800,48.0100,1.8121,348.0000,400,2,-206.1325,-4765.5863,-12276.0000
2023-03-16,0.0000,49.3100,48.8800,0.8797,172.0000,400,0,0.0000,-4765.5863,-12104.0000
2023-03-17,-106.5538,52.5700,49.3100,6.6112,1304.0000,400,2,-106.5538,-4872.1400,-10800.0000
2023-03-20,0.0000,51.8100,52.5700,-1.4457,-304.0000,400,0,0.0000,-4872.1400,-11104.0000
2023-03-21,0.0000,52.1100,51.8100,0.5790,120.0000,400,0,0.0000,-4872.1400,-10984.0000
2023-03-22,0.0000,52.3000,52.1100,0.3646,76.0000,400,0,0.0000,-4872.1400,-10908.0000
2023-03-23,179.4144,52.3200,52.3000,0.0382,8.0000,400,2,179.4144,-4692.7256,-10900.0000
2023-03-24,0.0000,50.8000,52.3200,-2.9052,-608.0000,400,0,0.0000,-4692.7256,-11508.0000
2023-03-27,0.0000,49.5000,50.8000,-2.5591,-520.0000,400,0,0.0000,-4692.7256,-12028.0000
2023-03-28,0.0000,49.1000,49.5000,-0.8081,-160.0000,400,0,0.0000,-4692.7256,-12188.0000
2023-03-29,0.0000,49.3600,49.1000,0.5295,104.0000,400,0,0.0000,-4692.7256,-12084.0000
2023-03-30,0.0000,49.0800,49.3600,-0.5673,-112.0000,400,0,0.0000,-4692.7256,-12196.0000
2023-03-31,0.0000,50.1100,49.0800,2.0986,412.0000,400,0,0.0000,-4692.7256,-11784.0000
2023-04-03,-184.7300,54.5800,50.1100,8.9204,1788.0000,400,2,-184.7300,-4877.4556,-9996.0000
2023-04-04,-169.5010,56.6600,54.5800,3.8109,832.0000,400,2,-169.5010,-5046.9566,-9164.0000
2023-04-06,-132.3247,59.0700,56.6600,4.2534,964.0000,400,2,-132.3247,-5179.2813,-8200.0000
2023-04-07,261.8444,59.9000,59.0700,1.4051,332.0000,400,2,261.8444,-4917.4369,-7868.0000
2023-04-10,367.0825,60.0000,59.9000,0.1669,40.0000,400,2,367.0825,-4550.3544,-7828.0000
2023-04-11,98.1774,58.4300,60.0000,-2.6167,-628.0000,400,2,98.1774,-4452.1770,-8456.0000
2023-04-12,0.0000,59.3000,58.4300,1.4890,348.0000,400,0,0.0000,-4452.1770,-8108.0000
2023-04-13,0.0000,58.0000,59.3000,-2.1922,-520.0000,400,0,0.0000,-4452.1770,-8628.0000
2023-04-14,-366.3536,62.2600,58.0000,7.3448,1704.0000,400,2,-366.3536,-4818.5306,-6924.0000
2023-04-17,0.0000,63.0000,62.2600,1.1886,296.0000,400,0,0.0000,-4818.5306,-6628.0000
2023-04-18,0.0000,60.9000,63.0000,-3.3333,-840.0000,400,0,0.0000,-4818.5306,-7468.0000
2023-04-19,-134.9123,62.2100,60.9000,2.1511,524.0000,400,2,-134.9123,-4953.4429,-6944.0000
2023-04-20,0.0000,66.4800,62.2100,6.8638,1708.0000,400,0,0.0000,-4953.4429,-5236.0000
2023-04-21,-18.8499,62.8000,66.4800,-5.5355,-1472.0000,400,2,-18.8499,-4972.2928,-6708.0000
2023-04-24,398.8605,63.0500,62.8000,0.3981,100.0000,400,2,398.8605,-4573.4323,-6608.0000
2023-04-25,0.0000,61.3700,63.0500,-2.6646,-672.0000,400,0,0.0000,-4573.4323,-7280.0000
2023-04-26,265.9995,58.1600,61.3700,-5.2306,-1284.0000,400,2,265.9995,-4307.4328,-8564.0000
2023-04-27,0.0000,58.2900,58.1600,0.2235,52.0000,400,0,0.0000,-4307.4328,-8512.0000
2023-04-28,0.0000,61.5800,58.2900,5.6442,1316.0000,400,0,0.0000,-4307.4328,-7196.0000
2023-05-04,0.0000,58.7600,61.5800,-4.5794,-1128.0000,400,0,0.0000,-4307.4328,-8324.0000
2023-05-05,0.0000,58.8000,58.7600,0.0681,16.0000,400,0,0.0000,-4307.4328,-8308.0000
2023-05-08,0.0000,59.4300,58.8000,1.0714,252.0000,400,0,0.0000,-4307.4328,-8056.0000
2023-05-09,-225.2261,52.7800,59.4300,-11.1896,-2660.0000,400,2,-225.2261,-4532.6589,-10716.0000
2023-05-10,0.0000,52.4500,52.7800,-0.6252,-132.0000,400,0,0.0000,-4532.6589,-10848.0000
2023-05-11,0.0000,52.9600,52.4500,0.9724,204.0000,400,0,0.0000,-4532.6589,-10644.0000
2023-05-12,-122.9885,53.6900,52.9600,1.3784,292.0000,400,2,-122.9885,-4655.6474,-10352.0000
2023-05-15,32.7867,54.8700,53.6900,2.1978,472.0000,400,2,32.7867,-4622.8607,-9880.0000
2023-05-16,0.0000,54.2500,54.8700,-1.1299,-248.0000,400,0,0.0000,-4622.8607,-10128.0000
2023-05-17,0.0000,54.2000,54.2500,-0.0922,-20.0000,400,0,0.0000,-4622.8607,-10148.0000
2023-05-18,0.0000,55.1000,54.2000,1.6605,360.0000,400,0,0.0000,-4622.8607,-9788.0000
2023-05-19,0.0000,55.0000,55.1000,-0.1815,-40.0000,400,0,0.0000,-4622.8607,-9828.0000
2023-05-22,0.0000,54.5500,55.0000,-0.8182,-180.0000,400,0,0.0000,-4622.8607,-10008.0000
2023-05-23,0.0000,52.9000,54.5500,-3.0247,-660.0000,400,0,0.0000,-4622.8607,-10668.0000
2023-05-24,205.8125,49.9100,52.9000,-5.6522,-1196.0000,400,2,205.8125,-4417.0482,-11864.0000
2023-05-25,0.0000,50.3600,49.9100,0.9016,180.0000,400,0,0.0000,-4417.0482,-11684.0000
2023-05-26,0.0000,51.8000,50.3600,2.8594,576.0000,400,0,0.0000,-4417.0482,-11108.0000
2023-05-29,0.0000,52.6000,51.8000,1.5444,320.0000,400,0,0.0000,-4417.0482,-10788.0000
2023-05-30,0.0000,52.8900,52.6000,0.5513,116.0000,400,0,0.0000,-4417.0482,-10672.0000
2023-05-31,0.0000,54.4000,52.8900,2.8550,604.0000,400,0,0.0000,-4417.0482,-10068.0000
2023-06-01,0.0000,54.4200,54.4000,0.0368,8.0000,400,0,0.0000,-4417.0482,-10060.0000
2023-06-02,0.0000,53.7200,54.4200,-1.2863,-280.0000,400,0,0.0000,-4417.0482,-10340.0000
2023-06-05,0.0000,55.0400,53.7200,2.4572,528.0000,400,0,0.0000,-4417.0482,-9812.0000
2023-06-06,16.9497,53.9900,55.0400,-1.9077,-420.0000,400,2,16.9497,-4400.0985,-10232.0000
2023-06-07,0.0000,54.6700,53.9900,1.2595,272.0000,400,0,0.0000,-4400.0985,-9960.0000
2023-06-08,0.0000,53.5600,54.6700,-2.0304,-444.0000,400,0,0.0000,-4400.0985,-10404.0000
2023-06-09,0.0000,53.5300,53.5600,-0.0560,-12.0000,400,0,0.0000,-4400.0985,-10416.0000
2023-06-12,0.0000,52.8700,53.5300,-1.2330,-264.0000,400,0,0.0000,-4400.0985,-10680.0000
2023-06-13,-111.2903,55.4000,52.8700,4.7853,1012.0000,400,2,-111.2903,-4511.3888,-9668.0000
2023-06-14,0.0000,56.0000,55.4000,1.0830,240.0000,400,0,0.0000,-4511.3888,-9428.0000
2023-06-15,0.0000,54.7800,56.0000,-2.1786,-488.0000,400,0,0.0000,-4511.3888,-9916.0000
2023-06-16,0.0000,55.5600,54.7800,1.4239,312.0000,400,0,0.0000,-4511.3888,-9604.0000
2023-06-19,0.0000,55.0600,55.5600,-0.8999,-200.0000,400,0,0.0000,-4511.3888,-9804.0000
2023-06-20,-106.7863,52.2700,55.0600,-5.0672,-1116.0000,400,2,-106.7863,-4618.1751,-10920.0000
2023-06-21,167.5489,50.8000,52.2700,-2.8123,-588.0000,400,2,167.5489,-4450.6262,-11508.0000
2023-06-26,27.5536,50.9700,50.8000,0.3346,68.0000,400,2,27.5536,-4423.0726,-11440.0000
2023-06-27,0.0000,51.3900,50.9700,0.8240,168.0000,400,0,0.0000,-4423.0726,-11272.0000
2023-06-28,0.0000,51.7200,51.3900,0.6421,132.0000,400,0,0.0000,-4423.0726,-11140.0000
2023-06-29,0.0000,51.0000,51.7200,-1.3921,-288.0000,400,0,0.0000,-4423.0726,-11428.0000
2023-06-30,0.0000,50.5200,51.0000,-0.9412,-192.0000,400,0,0.0000,-4423.0726,-11620.0000
2023-07-03,0.0000,51.0000,50.5200,0.9501,192.0000,400,0,0.0000,-4423.0726,-11428.0000
2023-07-04,95.4054,51.4100,51.0000,0.8039,164.0000,400,2,95.4054,-4327.6672,-11264.0000
2023-07-05,0.0000,50.9800,51.4100,-0.8364,-172.0000,400,0,0.0000,-4327.6672,-11436.0000
2023-07-06,0.0000,50.0000,50.9800,-1.9223,-392.0000,400,0,0.0000,-4327.6672,-11828.0000
2023-07-07,0.0000,49.3800,50.0000,-1.2400,-248.0000,400,0,0.0000,-4327.6672,-12076.0000
2023-07-10,0.0000,49.7200,49.3800,0.6885,136.0000,400,0,0.0000,-4327.6672,-11940.0000
2023-07-11,0.0000,50.3000,49.7200,1.1665,232.0000,400,0,0.0000,-4327.6672,-11708.0000
2023-07-12,-65.9842,48.3800,50.3000,-3.8171,-768.0000,400,2,-65.9842,-4393.6514,-12476.0000
2023-07-13,0.0000,49.2000,48.3800,1.6949,328.0000,400,0,0.0000,-4393.6514,-12148.0000
2023-07-14,0.0000,49.4600,49.2000,0.5285,104.0000,400,0,0.0000,-4393.6514,-12044.0000
2023-07-17,0.0000,48.7700,49.4600,-1.3951,-276.0000,400,0,0.0000,-4393.6514,-12320.0000
2023-07-18,69.7050,49.7000,48.7700,1.9069,372.0000,400,2,69.7050,-4323.9464,-11948.0000
2023-07-19,0.0000,49.1500,49.7000,-1.1066,-220.0000,400,0,0.0000,-4323.9464,-12168.0000
2023-07-20,0.0000,49.2900,49.1500,0.2848,56.0000,400,0,0.0000,-4323.9464,-12112.0000
2023-07-21,0.0000,49.0000,49.2900,-0.5884,-116.0000,400,0,0.0000,-4323.9464,-12228.0000
2023-07-24,0.0000,49.0000,49.0000,0.0000,0.0000,400,0,0.0000,-4323.9464,-12228.0000
2023-07-25,0.0000,49.7700,49.0000,1.5714,308.0000,400,0,0.0000,-4323.9464,-11920.0000
2023-07-26,0.0000,50.1500,49.7700,0.7635,152.0000,400,0,0.0000,-4323.9464,-11768.0000
2023-07-27,0.0000,49.3900,50.1500,-1.5155,-304.0000,400,0,0.0000,-4323.9464,-12072.0000
2023-07-28,-58.1779,50.2600,49.3900,1.7615,348.0000,400,2,-58.1779,-4382.1243,-11724.0000
2023-07-31,0.0000,51.3600,50.2600,2.1886,440.0000,400,0,0.0000,-4382.1243,-11284.0000
2023-08-01,0.0000,50.7200,51.3600,-1.2461,-256.0000,400,0,0.0000,-4382.1243,-11540.0000
2023-08-02,0.0000,50.8300,50.7200,0.2169,44.0000,400,0,0.0000,-4382.1243,-11496.0000
2023-08-03,0.0000,50.9100,50.8300,0.1574,32.0000,400,0,0.0000,-4382.1243,-11464.0000
2023-08-04,0.0000,51.1000,50.9100,0.3732,76.0000,400,0,0.0000,-4382.1243,-11388.0000
2023-08-07,-112.1193,49.2600,51.1000,-3.6008,-736.0000,400,2,-112.1193,-4494.2436,-12124.0000
2023-08-08,0.0000,49.4700,49.2600,0.4263,84.0000,400,0,0.0000,-4494.2436,-12040.0000
2023-08-09,0.0000,48.6400,49.4700,-1.6778,-332.0000,400,0,0.0000,-4494.2436,-12372.0000
2023-08-10,0.0000,48.4700,48.6400,-0.3495,-68.0000,400,0,0.0000,-4494.2436,-12440.0000
2023-08-11,-113.6277,46.9200,48.4700,-3.1979,-620.0000,400,2,-113.6277,-4607.8713,-13060.0000
2023-08-14,0.0000,47.3400,46.9200,0.8951,168.0000,400,0,0.0000,-4607.8713,-12892.0000
2023-08-15,0.0000,47.5200,47.3400,0.3802,72.0000,400,0,0.0000,-4607.8713,-12820.0000
2023-08-16,0.0000,47.5500,47.5200,0.0631,12.0000,400,0,0.0000,-4607.8713,-12808.0000
2023-08-17,-57.7883,48.1500,47.5500,1.2618,240.0000,400,2,-57.7883,-4665.6596,-12568.0000
2023-08-18,0.0000,48.0100,48.1500,-0.2908,-56.0000,400,0,0.0000,-4665.6596,-12624.0000
2023-08-21,0.0000,47.6800,48.0100,-0.6874,-132.0000,400,0,0.0000,-4665.6596,-12756.0000
2023-08-22,0.0000,48.8200,47.6800,2.3909,456.0000,400,0,0.0000,-4665.6596,-12300.0000
2023-08-23,0.0000,47.8900,48.8200,-1.9050,-372.0000,400,0,0.0000,-4665.6596,-12672.0000
2023-08-24,0.0000,48.6200,47.8900,1.5243,292.0000,400,0,0.0000,-4665.6596,-12380.0000
2023-08-25,0.0000,48.3000,48.6200,-0.6582,-128.0000,400,0,0.0000,-4665.6596,-12508.0000
2023-08-28,-119.0887,48.5500,48.3000,0.5176,100.0000,400,2,-119.0887,-4784.7484,-12408.0000
2023-08-29,-97.2466,51.0000,48.5500,5.0463,980.0000,400,2,-97.2466,-4881.9949,-11428.0000
2023-08-30,-123.4538,52.9400,51.0000,3.8039,776.0000,400,2,-123.4538,-5005.4487,-10652.0000
2023-08-31,0.0000,54.2400,52.9400,2.4556,520.0000,400,0,0.0000,-5005.4487,-10132.0000
2023-09-01,0.0000,53.6800,54.2400,-1.0324,-224.0000,400,0,0.0000,-5005.4487,-10356.0000
2023-09-04,0.0000,56.9000,53.6800,5.9985,1288.0000,400,0,0.0000,-5005.4487,-9068.0000
2023-09-05,32.0916,55.6300,56.9000,-2.2320,-508.0000,400,4,32.0916,-4973.3571,-9576.0000
2023-09-06,0.0000,56.8300,55.6300,2.1571,480.0000,400,0,0.0000,-4973.3571,-9096.0000
2023-09-07,-113.4339,52.1200,56.8300,-8.2879,-1884.0000,400,2,-113.4339,-5086.7911,-10980.0000
2023-09-08,0.0000,52.5000,52.1200,0.7291,152.0000,400,0,0.0000,-5086.7911,-10828.0000
2023-09-11,0.0000,52.0600,52.5000,-0.8381,-176.0000,400,0,0.0000,-5086.7911,-11004.0000
2023-09-12,0.0000,51.5200,52.0600,-1.0373,-216.0000,400,0,0.0000,-5086.7911,-11220.0000
2023-09-13,0.0000,50.7600,51.5200,-1.4752,-304.0000,400,0,0.0000,-5086.7911,-11524.0000
2023-09-14,0.0000,50.7700,50.7600,0.0197,4.0000,400,0,0.0000,-5086.7911,-11520.0000
2023-09-15,84.5597,51.7000,50.7700,1.8318,372.0000,400,2,84.5597,-5002.2314,-11148.0000
2023-09-18,-93.0729,49.6300,51.7000,-4.0039,-828.0000,400,2,-93.0729,-5095.3042,-11976.0000
2023-09-19,0.0000,49.3500,49.6300,-0.5642,-112.0000,400,0,0.0000,-5095.3042,-12088.0000
2023-09-20,0.0000,49.3400,49.3500,-0.0203,-4.0000,400,0,0.0000,-5095.3042,-12092.0000
2023-09-21,0.0000,49.5000,49.3400,0.3243,64.0000,400,0,0.0000,-5095.3042,-12028.0000
2023-09-22,-53.3096,51.2000,49.5000,3.4343,680.0000,400,2,-53.3096,-5148.6138,-11348.0000
2023-09-25,0.0000,51.3300,51.2000,0.2539,52.0000,400,0,0.0000,-5148.6138,-11296.0000
2023-09-26,0.0000,50.0600,51.3300,-2.4742,-508.0000,400,0,0.0000,-5148.6138,-11804.0000
2023-09-27,0.0000,50.6600,50.0600,1.1986,240.0000,400,0,0.0000,-5148.6138,-11564.0000
2023-09-28,0.0000,51.1500,50.6600,0.9672,196.0000,400,0,0.0000,-5148.6138,-11368.0000
2023-10-09,0.0000,50.7200,51.1500,-0.8407,-172.0000,400,0,0.0000,-5148.6138,-11540.0000
2023-10-10,0.0000,50.8300,50.7200,0.2169,44.0000,400,0,0.0000,-5148.6138,-11496.0000
2023-10-11,0.0000,54.2000,50.8300,6.6299,1348.0000,400,0,0.0000,-5148.6138,-10148.0000
2023-10-12,0.0000,53.6900,54.2000,-0.9410,-204.0000,400,0,0.0000,-5148.6138,-10352.0000
2023-10-13,122.2252,54.5600,53.6900,1.6204,348.0000,400,2,122.2252,-5026.3886,-10004.0000
2023-10-16,0.0000,53.1000,54.5600,-2.6760,-584.0000,400,0,0.0000,-5026.3886,-10588.0000
2023-10-17,-163.6362,54.4000,53.1000,2.4482,520.0000,400,2,-163.6362,-5190.0248,-10068.0000
2023-10-18,-45.6870,54.5700,54.4000,0.3125,68.0000,400,2,-45.6870,-5235.7118,-10000.0000
2023-10-19,204.0544,56.0300,54.5700,2.6755,584.0000,400,2,204.0544,-5031.6574,-9416.0000
2023-10-20,0.0000,57.1000,56.0300,1.9097,428.0000,400,0,0.0000,-5031.6574,-8988.0000
2023-10-23,0.0000,56.7900,57.1000,-0.5429,-124.0000,400,0,0.0000,-5031.6574,-9112.0000
2023-10-24,-165.6019,55.0500,56.7900,-3.0639,-696.0000,400,2,-165.6019,-5197.2593,-9808.0000
2023-10-25,0.0000,54.6800,55.0500,-0.6721,-148.0000,400,0,0.0000,-5197.2593,-9956.0000
2023-10-26,0.0000,54.8900,54.6800,0.3841,84.0000,400,0,0.0000,-5197.2593,-9872.0000
2023-10-27,0.0000,56.9800,54.8900,3.8076,836.0000,400,0,0.0000,-5197.2593,-9036.0000
2023-10-30,0.0000,58.3000,56.9800,2.3166,528.0000,400,0,0.0000,-5197.2593,-8508.0000
2023-10-31,0.0000,57.2500,58.3000,-1.8010,-420.0000,400,0,0.0000,-5197.2593,-8928.0000
2023-11-01,0.0000,58.2100,57.2500,1.6769,384.0000,400,0,0.0000,-5197.2593,-8544.0000
2023-11-02,-13.9665,57.3100,58.2100,-1.5461,-360.0000,400,2,-13.9665,-5211.2257,-8904.0000
2023-11-03,0.0000,57.8600,57.3100,0.9597,220.0000,400,0,0.0000,-5211.2257,-8684.0000
2023-11-06,0.0000,57.3000,57.8600,-0.9679,-224.0000,400,0,0.0000,-5211.2257,-8908.0000
2023-11-07,0.0000,57.5500,57.3000,0.4363,100.0000,400,0,0.0000,-5211.2257,-8808.0000
2023-11-08,-124.1100,58.3100,57.5500,1.3206,304.0000,400,2,-124.1100,-5335.3358,-8504.0000
2023-11-09,0.0000,57.0000,58.3100,-2.2466,-524.0000,400,0,0.0000,-5335.3358,-9028.0000
2023-11-10,-11.6565,54.3900,57.0000,-4.5789,-1044.0000,400,2,-11.6565,-5346.9923,-10072.0000
2023-11-13,0.0000,54.2400,54.3900,-0.2758,-60.0000,400,0,0.0000,-5346.9923,-10132.0000
2023-11-14,0.0000,54.6500,54.2400,0.7559,164.0000,400,0,0.0000,-5346.9923,-9968.0000
2023-11-15,0.0000,54.3200,54.6500,-0.6038,-132.0000,400,0,0.0000,-5346.9923,-10100.0000
2023-11-16,0.0000,53.4200,54.3200,-1.6568,-360.0000,400,0,0.0000,-5346.9923,-10460.0000
2023-11-17,0.0000,53.7000,53.4200,0.5241,112.0000,400,0,0.0000,-5346.9923,-10348.0000
2023-11-20,0.0000,53.9200,53.7000,0.4097,88.0000,400,0,0.0000,-5346.9923,-10260.0000
2023-11-21,0.0000,53.6100,53.9200,-0.5749,-124.0000,400,0,0.0000,-5346.9923,-10384.0000
2023-11-22,0.0000,52.6400,53.6100,-1.8094,-388.0000,400,0,0.0000,-5346.9923,-10772.0000
2023-11-23,-25.5475,53.3800,52.6400,1.4058,296.0000,400,2,-25.5475,-5372.5397,-10476.0000
2023-11-24,-5.6315,54.0900,53.3800,1.3301,284.0000,400,2,-5.6315,-5378.1712,-10192.0000
2023-11-27,0.0000,54.6100,54.0900,0.9614,208.0000,400,0,0.0000,-5378.1712,-9984.0000
2023-11-28,0.0000,54.5500,54.6100,-0.1099,-24.0000,400,0,0.0000,-5378.1712,-10008.0000
2023-11-29,0.0000,53.7000,54.5500,-1.5582,-340.0000,400,0,0.0000,-5378.1712,-10348.0000
2023-11-30,0.0000,53.7000,53.7000,0.0000,0.0000,400,0,0.0000,-5378.1712,-10348.0000
2023-12-01,-103.6231,54.1500,53.7000,0.8380,180.0000,400,2,-103.6231,-5481.7944,-10168.0000
2023-12-04,62.4233,53.1800,54.1500,-1.7913,-388.0000,400,2,62.4233,-5419.3711,-10556.0000
2023-12-05,0.0000,52.3900,53.1800,-1.4855,-316.0000,400,0,0.0000,-5419.3711,-10872.0000
2023-12-06,0.0000,51.9700,52.3900,-0.8017,-168.0000,400,0,0.0000,-5419.3711,-11040.0000
2023-12-07,0.0000,52.6700,51.9700,1.3469,280.0000,400,0,0.0000,-5419.3711,-10760.0000
2023-12-08,94.6045,52.5500,52.6700,-0.2278,-48.0000,400,2,94.6045,-5324.7666,-10808.0000
2023-12-11,-1.5316,53.1800,52.5500,1.1989,252.0000,400,2,-1.5316,-5326.2982,-10556.0000
2023-12-12,0.0000,54.1200,53.1800,1.7676,376.0000,400,0,0.0000,-5326.2982,-10180.0000
2023-12-13,0.0000,53.7500,54.1200,-0.6837,-148.0000,400,0,0.0000,-5326.2982,-10328.0000
2023-12-14,0.0000,53.1000,53.7500,-1.2093,-260.0000,400,0,0.0000,-5326.2982,-10588.0000
2023-12-15,0.0000,53.6000,53.1000,0.9416,200.0000,400,0,0.0000,-5326.2982,-10388.0000
2023-12-18,0.0000,53.7400,53.6000,0.2612,56.0000,400,0,0.0000,-5326.2982,-10332.0000
2023-12-19,0.0000,54.7600,53.7400,1.8980,408.0000,400,0,0.0000,-5326.2982,-9924.0000
2023-12-20,0.0000,54.5100,54.7600,-0.4565,-100.0000,400,0,0.0000,-5326.2982,-10024.0000
2023-12-21,-59.5592,54.5700,54.5100,0.1101,24.0000,400,2,-59.5592,-5385.8574,-10000.0000
2023-12-22,0.0000,54.7900,54.5700,0.4032,88.0000,400,0,0.0000,-5385.8574,-9912.0000
2023-12-25,-111.4974,53.0100,54.7900,-3.2488,-712.0000,400,2,-111.4974,-5497.3548,-10624.0000
2023-12-26,0.0000,51.8500,53.0100,-2.1883,-464.0000,400,0,0.0000,-5497.3548,-11088.0000
2023-12-27,0.0000,51.9100,51.8500,0.1157,24.0000,400,0,0.0000,-5497.3548,-11064.0000
2023-12-28,18.4582,53.1300,51.9100,2.3502,488.0000,400,2,18.4582,-5478.8966,-10576.0000
2023-12-29,0.0000,53.0200,53.1300,-0.2070,-44.0000,400,0,0.0000,-5478.8966,-10620.0000
2024-01-02,0.0000,52.9600,53.0200,-0.1132,-24.0000,400,0,0.0000,-5478.8966,-10644.0000
2024-01-03,0.0000,52.4800,52.9600,-0.9063,-192.0000,400,0,0.0000,-5478.8966,-10836.0000
2024-01-04,0.0000,51.8800,52.4800,-1.1433,-240.0000,400,0,0.0000,-5478.8966,-11076.0000
2024-01-05,-75.3223,50.5800,51.8800,-2.5058,-520.0000,400,2,-75.3223,-5554.2189,-11596.0000
2024-01-08,-59.1391,49.5000,50.5800,-2.1352,-432.0000,400,2,-59.1391,-5613.3580,-12028.0000
2024-01-09,34.9669,48.4500,49.5000,-2.1212,-420.0000,400,2,34.9669,-5578.3911,-12448.0000
2024-01-10,0.0000,47.4700,48.4500,-2.0227,-392.0000,400,0,0.0000,-5578.3911,-12840.0000
2024-01-11,0.0000,47.6000,47.4700,0.2739,52.0000,400,0,0.0000,-5578.3911,-12788.0000
2024-01-12,-30.7738,45.8300,47.6000,-3.7185,-708.0000,400,2,-30.7738,-5609.1648,-13496.0000
2024-01-15,0.0000,45.6700,45.8300,-0.3491,-64.0000,400,0,0.0000,-5609.1648,-13560.0000
2024-01-16,0.0000,45.9900,45.6700,0.7007,128.0000,400,0,0.0000,-5609.1648,-13432.0000
2024-01-17,0.0000,44.6900,45.9900,-2.8267,-520.0000,400,0,0.0000,-5609.1648,-13952.0000
2024-01-18,0.0000,45.6400,44.6900,2.1258,380.0000,400,0,0.0000,-5609.1648,-13572.0000
2024-01-19,0.0000,45.8600,45.6400,0.4820,88.0000,400,0,0.0000,-5609.1648,-13484.0000
2024-01-22,0.0000,44.8300,45.8600,-2.2460,-412.0000,400,0,0.0000,-5609.1648,-13896.0000
2024-01-23,0.0000,44.7200,44.8300,-0.2454,-44.0000,400,0,0.0000,-5609.1648,-13940.0000
2024-01-24,-40.7125,45.3700,44.7200,1.4535,260.0000,400,2,-40.7125,-5649.8773,-13680.0000
2024-01-25,25.0843,47.2600,45.3700,4.1657,756.0000,400,2,25.0843,-5624.7930,-12924.0000
2024-01-26,0.0000,46.5000,47.2600,-1.6081,-304.0000,400,0,0.0000,-5624.7930,-13228.0000
2024-01-29,55.2573,45.3500,46.5000,-2.4731,-460.0000,400,2,55.2573,-5569.5357,-13688.0000
2024-01-30,-54.4890,43.0800,45.3500,-5.0055,-908.0000,400,2,-54.4890,-5624.0248,-14596.0000
2024-01-31,-126.5189,43.2900,43.0800,0.4875,84.0000,400,2,-126.5189,-5750.5437,-14512.0000
2024-02-01,167.4310,42.6800,43.2900,-1.4091,-244.0000,400,2,167.4310,-5583.1126,-14756.0000
2024-02-02,319.5833,42.1300,42.6800,-1.2887,-220.0000,400,2,319.5833,-5263.5293,-14976.0000
2024-02-05,-142.4358,42.9700,42.1300,1.9938,336.0000,400,2,-142.4358,-5405.9651,-14640.0000
2024-02-06,0.0000,44.9700,42.9700,4.6544,800.0000,400,0,0.0000,-5405.9651,-13840.0000
2024-02-07,0.0000,42.9000,44.9700,-4.6031,-828.0000,400,0,0.0000,-5405.9651,-14668.0000
2024-02-08,0.0000,44.0000,42.9000,2.5641,440.0000,400,0,0.0000,-5405.9651,-14228.0000
2024-02-19,0.0000,44.8200,44.0000,1.8636,328.0000,400,0,0.0000,-5405.9651,-13900.0000
2024-02-20,0.0000,44.4500,44.8200,-0.8255,-148.0000,400,0,0.0000,-5405.9651,-14048.0000
2024-02-21,0.0000,44.9900,44.4500,1.2148,216.0000,400,0,0.0000,-5405.9651,-13832.0000
2024-02-22,0.0000,45.1400,44.9900,0.3334,60.0000,400,0,0.0000,-5405.9651,-13772.0000
2024-02-23,0.0000,44.9800,45.1400,-0.3545,-64.0000,400,0,0.0000,-5405.9651,-13836.0000
2024-02-26,81.2773,44.9200,44.9800,-0.1334,-24.0000,400,2,81.2773,-5324.6879,-13860.0000
2024-02-27,-118.7632,47.3200,44.9200,5.3428,960.0000,400,2,-118.7632,-5443.4511,-12900.0000
2024-02-28,-94.8150,45.5600,47.3200,-3.7194,-704.0000,400,2,-94.8150,-5538.2660,-13604.0000
2024-02-29,-108.9108,48.3500,45.5600,6.1238,1116.0000,400,2,-108.9108,-5647.1768,-12488.0000
2024-03-01,0.0000,48.5100,48.3500,0.3309,64.0000,400,0,0.0000,-5647.1768,-12424.0000
2024-03-04,0.0000,48.0000,48.5100,-1.0513,-204.0000,400,0,0.0000,-5647.1768,-12628.0000
2024-03-05,0.0000,48.0000,48.0000,0.0000,0.0000,400,0,0.0000,-5647.1768,-12628.0000
2024-03-06,0.0000,47.5900,48.0000,-0.8542,-164.0000,400,0,0.0000,-5647.1768,-12792.0000
2024-03-07,15.1050,47.0900,47.5900,-1.0506,-200.0000,400,2,15.1050,-5632.0718,-12992.0000
2024-03-08,0.0000,47.4000,47.0900,0.6583,124.0000,400,0,0.0000,-5632.0718,-12868.0000
2024-03-11,-74.9520,47.9900,47.4000,1.2447,236.0000,400,2,-74.9520,-5707.0238,-12632.0000
2024-03-12,0.0000,47.8800,47.9900,-0.2292,-44.0000,400,0,0.0000,-5707.0238,-12676.0000
2024-03-13,0.0000,47.8500,47.8800,-0.0627,-12.0000,400,0,0.0000,-5707.0238,-12688.0000
2024-03-14,0.0000,46.7000,47.8500,-2.4033,-460.0000,400,0,0.0000,-5707.0238,-13148.0000
2024-03-15,0.0000,46.6700,46.7000,-0.0642,-12.0000,400,0,0.0000,-5707.0238,-13160.0000
2024-03-18,-58.9560,47.9700,46.6700,2.7855,520.0000,400,2,-58.9560,-5765.9799,-12640.0000
2024-03-19,0.0000,47.2100,47.9700,-1.5843,-304.0000,400,0,0.0000,-5765.9799,-12944.0000
2024-03-20,0.0000,47.5400,47.2100,0.6990,132.0000,400,0,0.0000,-5765.9799,-12812.0000
2024-03-21,93.0351,47.5500,47.5400,0.0210,4.0000,400,2,93.0351,-5672.9448,-12808.0000
2024-03-22,0.0000,45.6000,47.5500,-4.1009,-780.0000,400,0,0.0000,-5672.9448,-13588.0000
2024-03-25,0.0000,44.5600,45.6000,-2.2807,-416.0000,400,0,0.0000,-5672.9448,-14004.0000
2024-03-26,0.0000,44.5400,44.5600,-0.0449,-8.0000,400,0,0.0000,-5672.9448,-14012.0000
2024-03-27,0.0000,43.4100,44.5400,-2.5370,-452.0000,400,0,0.0000,-5672.9448,-14464.0000
2024-03-28,0.0000,44.0000,43.4100,1.3591,236.0000,400,0,0.0000,-5672.9448,-14228.0000
2024-03-29,0.0000,43.6600,44.0000,-0.7727,-136.0000,400,0,0.0000,-5672.9448,-14364.0000
2024-04-01,0.0000,44.3000,43.6600,1.4659,256.0000,400,0,0.0000,-5672.9448,-14108.0000
2024-04-02,0.0000,43.9500,44.3000,-0.7901,-140.0000,400,0,0.0000,-5672.9448,-14248.0000
2024-04-03,107.3524,44.2400,43.9500,0.6598,116.0000,400,2,107.3524,-5565.5924,-14132.0000
2024-04-08,0.0000,42.5100,44.2400,-3.9105,-692.0000,400,0,0.0000,-5565.5924,-14824.0000
2024-04-09,0.0000,42.7000,42.5100,0.4470,76.0000,400,0,0.0000,-5565.5924,-14748.0000
2024-04-10,0.0000,42.1800,42.7000,-1.2178,-208.0000,400,0,0.0000,-5565.5924,-14956.0000
2024-04-11,75.7317,41.1900,42.1800,-2.3471,-396.0000,400,2,75.7317,-5489.8607,-15352.0000
2024-04-12,0.0000,40.3300,41.1900,-2.0879,-344.0000,400,0,0.0000,-5489.8607,-15696.0000
2024-04-15,57.7149,41.1900,40.3300,2.1324,344.0000,400,2,57.7149,-5432.1458,-15352.0000
2024-04-16,91.6487,41.1800,41.1900,-0.0243,-4.0000,400,2,91.6487,-5340.4971,-15356.0000
2024-04-17,0.0000,41.7500,41.1800,1.3842,228.0000,400,0,0.0000,-5340.4971,-15128.0000
2024-04-18,0.0000,41.6100,41.7500,-0.3353,-56.0000,400,0,0.0000,-5340.4971,-15184.0000
2024-04-19,0.0000,41.3800,41.6100,-0.5528,-92.0000,400,0,0.0000,-5340.4971,-15276.0000
2024-04-22,0.0000,41.3100,41.3800,-0.1692,-28.0000,400,0,0.0000,-5340.4971,-15304.0000
2024-04-23,0.0000,41.1100,41.3100,-0.4841,-80.0000,400,0,0.0000,-5340.4971,-15384.0000
2024-04-24,0.0000,41.2500,41.1100,0.3405,56.0000,400,0,0.0000,-5340.4971,-15328.0000
2024-04-25,65.6567,41.3400,41.2500,0.2182,36.0000,400,2,65.6567,-5274.8404,-15292.0000
2024-04-26,0.0000,42.0600,41.3400,1.7417,288.0000,400,0,0.0000,-5274.8404,-15004.0000
2024-04-29,-58.4776,43.0500,42.0600,2.3538,396.0000,400,2,-58.4776,-5333.3180,-14608.0000
2024-04-30,-58.3445,41.9100,43.0500,-2.6481,-456.0000,400,2,-58.3445,-5391.6626,-15064.0000
2024-05-06,0.0000,42.5600,41.9100,1.5509,260.0000,400,0,0.0000,-5391.6626,-14804.0000
2024-05-07,0.0000,42.7100,42.5600,0.3524,60.0000,400,0,0.0000,-5391.6626,-14744.0000
2024-05-08,0.0000,42.1600,42.7100,-1.2878,-220.0000,400,0,0.0000,-5391.6626,-14964.0000
2024-05-09,-58.5078,43.7200,42.1600,3.7002,624.0000,400,2,-58.5078,-5450.1704,-14340.0000
2024-05-10,-52.4516,42.9900,43.7200,-1.6697,-292.0000,400,2,-52.4516,-5502.6219,-14632.0000
2024-05-13,51.4881,43.0600,42.9900,0.1628,28.0000,400,2,51.4881,-5451.1338,-14604.0000
2024-05-14,0.0000,42.9200,43.0600,-0.3251,-56.0000,400,0,0.0000,-5451.1338,-14660.0000
2024-05-15,0.0000,41.6600,42.9200,-2.9357,-504.0000,400,0,0.0000,-5451.1338,-15164.0000
2024-05-16,0.0000,41.8200,41.6600,0.3841,64.0000,400,0,0.0000,-5451.1338,-15100.0000
2024-05-17,0.0000,42.3000,41.8200,1.1478,192.0000,400,0,0.0000,-5451.1338,-14908.0000
2024-05-20,0.0000,42.5700,42.3000,0.6383,108.0000,400,0,0.0000,-5451.1338,-14800.0000
2024-05-21,0.0000,42.1100,42.5700,-1.0806,-184.0000,400,0,0.0000,-5451.1338,-14984.0000
2024-05-22,0.0000,42.2700,42.1100,0.3800,64.0000,400,0,0.0000,-5451.1338,-14920.0000
2024-05-23,0.0000,41.1700,42.2700,-2.6023,-440.0000,400,0,0.0000,-5451.1338,-15360.0000
2024-05-24,0.0000,41.0300,41.1700,-0.3401,-56.0000,400,0,0.0000,-5451.1338,-15416.0000
2024-05-27,-84.4311,43.1300,41.0300,5.1182,840.0000,400,2,-84.4311,-5535.5649,-14576.0000
2024-05-28,116.9410,43.1100,43.1300,-0.0464,-8.0000,400,4,116.9410,-5418.6240,-14584.0000
2024-05-29,0.0000,42.9400,43.1100,-0.3943,-68.0000,400,0,0.0000,-5418.6240,-14652.0000
2024-05-30,-92.6579,45.3900,42.9400,5.7056,980.0000,400,2,-92.6579,-5511.2819,-13672.0000
2024-05-31,0.0000,44.8500,45.3900,-1.1897,-216.0000,400,0,0.0000,-5511.2819,-13888.0000
2024-06-03,67.2771,45.4400,44.8500,1.3155,236.0000,400,2,67.2771,-5444.0047,-13652.0000
2024-06-04,0.0000,45.5500,45.4400,0.2421,44.0000,400,0,0.0000,-5444.0047,-13608.0000
2024-06-05,0.0000,46.1200,45.5500,1.2514,228.0000,400,0,0.0000,-5444.0047,-13380.0000
2024-06-06,0.0000,46.8000,46.1200,1.4744,272.0000,400,0,0.0000,-5444.0047,-13108.0000
2024-06-07,0.0000,47.2100,46.8000,0.8761,164.0000,400,0,0.0000,-5444.0047,-12944.0000
2024-06-11,0.0000,48.9400,47.2100,3.6645,692.0000,400,0,0.0000,-5444.0047,-12252.0000
2024-06-12,0.0000,47.9000,48.9400,-2.1251,-416.0000,400,0,0.0000,-5444.0047,-12668.0000
2024-06-13,0.0000,47.2000,47.9000,-1.4614,-280.0000,400,0,0.0000,-5444.0047,-12948.0000
2024-06-14,0.0000,46.4900,47.2000,-1.5042,-284.0000,400,0,0.0000,-5444.0047,-13232.0000
2024-06-17,0.0000,47.7700,46.4900,2.7533,512.0000,400,0,0.0000,-5444.0047,-12720.0000
2024-06-18,0.0000,48.1300,47.7700,0.7536,144.0000,400,0,0.0000,-5444.0047,-12576.0000
2024-06-19,0.0000,47.5300,48.1300,-1.2466,-240.0000,400,0,0.0000,-5444.0047,-12816.0000
2024-06-20,-105.1000,48.8000,47.5300,2.6720,508.0000,400,2,-105.1000,-5549.1047,-12308.0000
2024-06-21,0.0000,48.7500,48.8000,-0.1025,-20.0000,400,0,0.0000,-5549.1047,-12328.0000
2024-06-24,-80.9750,47.2600,48.7500,-3.0564,-596.0000,400,2,-80.9750,-5630.0797,-12924.0000
2024-06-25,13.2433,45.5400,47.2600,-3.6394,-688.0000,400,2,13.2433,-5616.8364,-13612.0000
2024-06-26,0.0000,46.4700,45.5400,2.0422,372.0000,400,0,0.0000,-5616.8364,-13240.0000
2024-06-27,0.0000,45.7100,46.4700,-1.6355,-304.0000,400,0,0.0000,-5616.8364,-13544.0000
2024-06-28,0.0000,46.1000,45.7100,0.8532,156.0000,400,0,0.0000,-5616.8364,-13388.0000
2024-07-01,0.0000,45.8100,46.1000,-0.6291,-116.0000,400,0,0.0000,-5616.8364,-13504.0000
2024-07-02,0.0000,45.4600,45.8100,-0.7640,-140.0000,400,0,0.0000,-5616.8364,-13644.0000
2024-07-03,-62.8209,46.2600,45.4600,1.7598,320.0000,400,2,-62.8209,-5679.6573,-13324.0000
2024-07-04,0.0000,46.1600,46.2600,-0.2162,-40.0000,400,0,0.0000,-5679.6573,-13364.0000
2024-07-05,-22.8350,46.6400,46.1600,1.0399,192.0000,400,2,-22.8350,-5702.4923,-13172.0000
2024-07-08,0.0000,46.7000,46.6400,0.1286,24.0000,400,0,0.0000,-5702.4923,-13148.0000
2024-07-09,2.9791,48.1600,46.7000,3.1263,584.0000,400,2,2.9791,-5699.5133,-12564.0000
2024-07-10,0.0000,47.9900,48.1600,-0.3530,-68.0000,400,0,0.0000,-5699.5133,-12632.0000
2024-07-11,0.0000,48.2700,47.9900,0.5835,112.0000,400,0,0.0000,-5699.5133,-12520.0000
2024-07-12,-21.0493,48.6400,48.2700,0.7665,148.0000,400,2,-21.0493,-5720.5625,-12372.0000
2024-07-15,0.0000,48.9400,48.6400,0.6168,120.0000,400,0,0.0000,-5720.5625,-12252.0000
2024-07-16,-31.1055,49.2000,48.9400,0.5313,104.0000,400,2,-31.1055,-5751.6680,-12148.0000
2024-07-17,0.0000,48.3600,49.2000,-1.7073,-336.0000,400,0,0.0000,-5751.6680,-12484.0000
2024-07-18,-91.0583,48.7500,48.3600,0.8065,156.0000,400,2,-91.0583,-5842.7263,-12328.0000
2024-07-19,-83.2194,51.2000,48.7500,5.0256,980.0000,400,2,-83.2194,-5925.9457,-11348.0000
2024-07-22,0.0000,50.9800,51.2000,-0.4297,-88.0000,400,0,0.0000,-5925.9457,-11436.0000
2024-07-23,0.0000,49.2800,50.9800,-3.3346,-680.0000,400,0,0.0000,-5925.9457,-12116.0000
2024-07-24,0.0000,48.8500,49.2800,-0.8726,-172.0000,400,0,0.0000,-5925.9457,-12288.0000
2024-07-25,0.0000,48.7000,48.8500,-0.3071,-60.0000,400,0,0.0000,-5925.9457,-12348.0000
2024-07-26,0.0000,49.7500,48.7000,2.1561,420.0000,400,0,0.0000,-5925.9457,-11928.0000
2024-07-29,-85.0093,46.7000,49.7500,-6.1307,-1220.0000,400,2,-85.0093,-6010.9551,-13148.0000
2024-07-30,0.0000,47.6000,46.7000,1.9272,360.0000,400,0,0.0000,-6010.9551,-12788.0000
2024-07-31,0.0000,49.1000,47.6000,3.1513,600.0000,400,0,0.0000,-6010.9551,-12188.0000
2024-08-01,0.0000,49.1100,49.1000,0.0204,4.0000,400,0,0.0000,-6010.9551,-12184.0000
2024-08-02,0.0000,48.4200,49.1100,-1.4050,-276.0000,400,0,0.0000,-6010.9551,-12460.0000
2024-08-05,0.0000,47.2900,48.4200,-2.3337,-452.0000,400,0,0.0000,-6010.9551,-12912.0000
2024-08-06,127.0926,47.2700,47.2900,-0.0423,-8.0000,400,2,127.0926,-5883.8624,-12920.0000
2024-08-07,0.0000,47.2200,47.2700,-0.1058,-20.0000,400,0,0.0000,-5883.8624,-12940.0000
2024-08-08,0.0000,47.4800,47.2200,0.5506,104.0000,400,0,0.0000,-5883.8624,-12836.0000
2024-08-09,0.0000,48.4900,47.4800,2.1272,404.0000,400,0,0.0000,-5883.8624,-12432.0000
2024-08-12,0.0000,48.7800,48.4900,0.5981,116.0000,400,0,0.0000,-5883.8624,-12316.0000
2024-08-13,0.0000,49.2000,48.7800,0.8610,168.0000,400,0,0.0000,-5883.8624,-12148.0000
2024-08-14,0.0000,48.9500,49.2000,-0.5081,-100.0000,400,0,0.0000,-5883.8624,-12248.0000
2024-08-15,0.0000,49.6800,48.9500,1.4913,292.0000,400,0,0.0000,-5883.8624,-11956.0000
2024-08-16,0.0000,49.4600,49.6800,-0.4428,-88.0000,400,0,0.0000,-5883.8624,-12044.0000
2024-08-19,0.0000,49.4600,49.4600,0.0000,0.0000,400,0,0.0000,-5883.8624,-12044.0000
2024-08-20,0.0000,48.7500,49.4600,-1.4355,-284.0000,400,0,0.0000,-5883.8624,-12328.0000
2024-08-21,0.0000,47.7800,48.7500,-1.9897,-388.0000,400,0,0.0000,-5883.8624,-12716.0000
2024-08-22,-82.8034,46.5400,47.7800,-2.5952,-496.0000,400,2,-82.8034,-5966.6658,-13212.0000
2024-08-23,0.0000,47.1300,46.5400,1.2677,236.0000,400,0,0.0000,-5966.6658,-12976.0000
2024-08-26,0.0000,47.3500,47.1300,0.4668,88.0000,400,0,0.0000,-5966.6658,-12888.0000
2024-08-27,0.0000,46.7200,47.3500,-1.3305,-252.0000,400,0,0.0000,-5966.6658,-13140.0000
2024-08-28,0.0000,47.3600,46.7200,1.3699,256.0000,400,0,0.0000,-5966.6658,-12884.0000
2024-08-29,0.0000,47.2600,47.3600,-0.2111,-40.0000,400,0,0.0000,-5966.6658,-12924.0000
2024-08-30,-76.9656,48.2400,47.2600,2.0736,392.0000,400,2,-76.9656,-6043.6314,-12532.0000
2024-09-02,-76.8678,46.7800,48.2400,-3.0265,-584.0000,400,2,-76.8678,-6120.4992,-13116.0000
2024-09-03,63.1970,46.2600,46.7800,-1.1116,-208.0000,400,2,63.1970,-6057.3022,-13324.0000
2024-09-04,0.0000,45.5300,46.2600,-1.5780,-292.0000,400,0,0.0000,-6057.3022,-13616.0000
2024-09-05,0.0000,45.9700,45.5300,0.9664,176.0000,400,0,0.0000,-6057.3022,-13440.0000
2024-09-06,0.0000,45.0800,45.9700,-1.9360,-356.0000,400,0,0.0000,-6057.3022,-13796.0000
2024-09-09,0.0000,44.8700,45.0800,-0.4658,-84.0000,400,0,0.0000,-6057.3022,-13880.0000
2024-09-10,50.7105,44.8400,44.8700,-0.0669,-12.0000,400,4,50.7105,-6006.5917,-13892.0000
2024-09-11,-52.5005,43.3300,44.8400,-3.3675,-604.0000,400,2,-52.5005,-6059.0922,-14496.0000
2024-09-12,0.0000,42.9800,43.3300,-0.8078,-140.0000,400,0,0.0000,-6059.0922,-14636.0000
2024-09-13,0.0000,42.4000,42.9800,-1.3495,-232.0000,400,0,0.0000,-6059.0922,-14868.0000
2024-09-18,0.0000,43.1700,42.4000,1.8160,308.0000,400,0,0.0000,-6059.0922,-14560.0000
2024-09-19,55.4143,43.7400,43.1700,1.3204,228.0000,400,2,55.4143,-6003.6779,-14332.0000
2024-09-20,0.0000,43.8600,43.7400,0.2743,48.0000,400,0,0.0000,-6003.6779,-14284.0000
2024-09-23,0.0000,43.4300,43.8600,-0.9804,-172.0000,400,0,0.0000,-6003.6779,-14456.0000
2024-09-24,-50.6356,44.7700,43.4300,3.0854,536.0000,400,2,-50.6356,-6054.3135,-13920.0000
2024-09-25,-26.6843,44.9000,44.7700,0.2904,52.0000,400,2,-26.6843,-6080.9978,-13868.0000
2024-09-26,0.0000,46.3600,44.9000,3.2517,584.0000,400,0,0.0000,-6080.9978,-13284.0000
2024-09-27,-175.0373,49.9900,46.3600,7.8300,1452.0000,400,2,-175.0373,-6256.0351,-11832.0000
2024-09-30,36.4775,59.9900,49.9900,20.0040,4000.0000,400,4,36.4775,-6219.5576,-7832.0000
2024-10-08,272.5170,71.9900,59.9900,20.0033,4800.0000,400,2,272.5170,-5947.0406,-3032.0000
2024-10-09,-930.2730,83.8900,71.9900,16.5301,4760.0000,400,2,-930.2730,-6877.3136,1728.0000
2024-10-10,-445.7606,75.0200,83.8900,-10.5734,-3548.0000,400,2,-445.7606,-7323.0742,-1820.0000
2024-10-11,0.0000,69.4800,75.0200,-7.3847,-2216.0000,400,0,0.0000,-7323.0742,-4036.0000
2024-10-14,-155.7546,75.6000,69.4800,8.8083,2448.0000,400,2,-155.7546,-7478.8288,-1588.0000
2024-10-15,0.0000,74.1800,75.6000,-1.8783,-568.0000,400,0,0.0000,-7478.8288,-2156.0000
2024-10-16,0.0000,74.0900,74.1800,-0.1213,-36.0000,400,0,0.0000,-7478.8288,-2192.0000
2024-10-17,0.0000,75.1200,74.0900,1.3902,412.0000,400,0,0.0000,-7478.8288,-1780.0000
2024-10-18,-292.4101,90.1400,75.1200,19.9947,6008.0000,400,2,-292.4101,-7771.2389,4228.0000
2024-10-21,-666.5325,97.4800,90.1400,8.1429,2936.0000,400,2,-666.5325,-8437.7714,7164.0000
2024-10-22,0.0000,96.0400,97.4800,-1.4772,-576.0000,400,0,0.0000,-8437.7714,6588.0000
2024-10-23,0.0000,92.3100,96.0400,-3.8838,-1492.0000,400,0,0.0000,-8437.7714,5096.0000
2024-10-24,0.0000,94.5600,92.3100,2.4374,900.0000,400,0,0.0000,-8437.7714,5996.0000
2024-10-25,0.0000,93.7000,94.5600,-0.9095,-344.0000,400,0,0.0000,-8437.7714,5652.0000
2024-10-28,0.0000,93.1000,93.7000,-0.6403,-240.0000,400,0,0.0000,-8437.7714,5412.0000
2024-10-29,0.0000,92.3000,93.1000,-0.8593,-320.0000,400,0,0.0000,-8437.7714,5092.0000
2024-10-30,75.0216,85.8200,92.3000,-7.0206,-2592.0000,400,2,75.0216,-8362.7498,2500.0000
2024-10-31,416.7900,86.9300,85.8200,1.2934,444.0000,400,2,416.7900,-7945.9599,2944.0000
2024-11-01,0.0000,84.8100,86.9300,-2.4387,-848.0000,400,0,0.0000,-7945.9599,2096.0000
2024-11-04,0.0000,86.8100,84.8100,2.3582,800.0000,400,0,0.0000,-7945.9599,2896.0000
2024-11-05,-241.7408,95.8000,86.8100,10.3559,3596.0000,400,2,-241.7408,-8187.7007,6492.0000
2024-11-06,561.7077,96.0400,95.8000,0.2505,96.0000,400,2,561.7077,-7625.9929,6588.0000
2024-11-07,0.0000,101.8900,96.0400,6.0912,2340.0000,400,0,0.0000,-7625.9929,8928.0000
2024-11-08,281.7869,100.3000,101.8900,-1.5605,-636.0000,400,4,281.7869,-7344.2060,8292.0000
2024-11-11,0.0000,104.9800,100.3000,4.6660,1872.0000,400,0,0.0000,-7344.2060,10164.0000
2024-11-12,0.0000,101.1100,104.9800,-3.6864,-1548.0000,400,0,0.0000,-7344.2060,8616.0000
2024-11-13,0.0000,99.1400,101.1100,-1.9484,-788.0000,400,0,0.0000,-7344.2060,7828.0000
2024-11-14,0.0000,96.8700,99.1400,-2.2897,-908.0000,400,0,0.0000,-7344.2060,6920.0000
2024-11-15,0.0000,94.9100,96.8700,-2.0233,-784.0000,400,0,0.0000,-7344.2060,6136.0000
2024-11-18,-17.5950,92.3000,94.9100,-2.7500,-1044.0000,400,2,-17.5950,-7361.8011,5092.0000
2024-11-19,0.0000,94.9000,92.3000,2.8169,1040.0000,400,0,0.0000,-7361.8011,6132.0000
2024-11-20,0.0000,93.2800,94.9000,-1.7071,-648.0000,400,0,0.0000,-7361.8011,5484.0000
2024-11-21,0.0000,93.5000,93.2800,0.2358,88.0000,400,0,0.0000,-7361.8011,5572.0000
2024-11-22,-195.4002,88.7700,93.5000,-5.0588,-1892.0000,400,2,-195.4002,-7557.2013,3680.0000
2024-11-25,0.0000,86.1600,88.7700,-2.9402,-1044.0000,400,0,0.0000,-7557.2013,2636.0000
2024-11-26,0.0000,85.1000,86.1600,-1.2303,-424.0000,400,0,0.0000,-7557.2013,2212.0000
2024-11-27,-193.0113,88.0000,85.1000,3.4078,1160.0000,400,2,-193.0113,-7750.2126,3372.0000
2024-11-28,0.0000,87.0800,88.0000,-1.0455,-368.0000,400,0,0.0000,-7750.2126,3004.0000
2024-11-29,-157.4425,90.1000,87.0800,3.4681,1208.0000,400,2,-157.4425,-7907.6551,4212.0000
2024-12-02,0.0000,89.4900,90.1000,-0.6770,-244.0000,400,0,0.0000,-7907.6551,3968.0000
2024-12-03,210.8638,87.2300,89.4900,-2.5254,-904.0000,400,2,210.8638,-7696.7912,3064.0000
2024-12-04,0.0000,87.6700,87.2300,0.5044,176.0000,400,0,0.0000,-7696.7912,3240.0000
2024-12-05,0.0000,87.0000,87.6700,-0.7642,-268.0000,400,0,0.0000,-7696.7912,2972.0000
2024-12-06,0.0000,88.9300,87.0000,2.2184,772.0000,400,0,0.0000,-7696.7912,3744.0000
2024-12-09,0.0000,86.7800,88.9300,-2.4176,-860.0000,400,0,0.0000,-7696.7912,2884.0000
2024-12-10,-135.1677,88.0000,86.7800,1.4059,488.0000,400,2,-135.1677,-7831.9590,3372.0000
2024-12-11,0.0000,86.8200,88.0000,-1.3409,-472.0000,400,0,0.0000,-7831.9590,2900.0000
2024-12-12,0.0000,87.1700,86.8200,0.4031,140.0000,400,0,0.0000,-7831.9590,3040.0000
2024-12-13,0.0000,82.9900,87.1700,-4.7952,-1672.0000,400,0,0.0000,-7831.9590,1368.0000
2024-12-16,0.0000,81.5000,82.9900,-1.7954,-596.0000,400,0,0.0000,-7831.9590,772.0000
2024-12-17,0.0000,82.1900,81.5000,0.8466,276.0000,400,0,0.0000,-7831.9590,1048.0000
2024-12-18,0.0000,83.4000,82.1900,1.4722,484.0000,400,0,0.0000,-7831.9590,1532.0000
2024-12-19,-274.8176,85.4400,83.4000,2.4460,816.0000,400,2,-274.8176,-8106.7766,2348.0000
2024-12-20,-341.1563,94.2800,85.4400,10.3464,3536.0000,400,2,-341.1563,-8447.9328,5884.0000
2024-12-23,-268.1810,95.1800,94.2800,0.9546,360.0000,400,2,-268.1810,-8716.1138,6244.0000
2024-12-24,0.0000,96.8600,95.1800,1.7651,672.0000,400,0,0.0000,-8716.1138,6916.0000
2024-12-25,0.0000,97.9900,96.8600,1.1666,452.0000,400,0,0.0000,-8716.1138,7368.0000
2024-12-26,0.0000,96.7300,97.9900,-1.2858,-504.0000,400,0,0.0000,-8716.1138,6864.0000
2024-12-27,171.8110,97.5100,96.7300,0.8064,312.0000,400,2,171.8110,-8544.3028,7176.0000
2024-12-30,0.0000,99.2900,97.5100,1.8255,712.0000,400,0,0.0000,-8544.3028,7888.0000
2024-12-31,0.0000,94.6200,99.2900,-4.7034,-1868.0000,400,0,0.0000,-8544.3028,6020.0000
2025-01-02,-127.2300,89.9600,94.6200,-4.9250,-1864.0000,400,2,-127.2300,-8671.5329,4156.0000
2025-01-03,0.0000,88.3100,89.9600,-1.8341,-660.0000,400,0,0.0000,-8671.5329,3496.0000
2025-01-06,0.0000,86.9400,88.3100,-1.5514,-548.0000,400,0,0.0000,-8671.5329,2948.0000
2025-01-07,0.0000,90.6000,86.9400,4.2098,1464.0000,400,0,0.0000,-8671.5329,4412.0000
2025-01-08,306.5777,88.8200,90.6000,-1.9647,-712.0000,400,2,306.5777,-8364.9551,3700.0000
2025-01-09,0.0000,91.3200,88.8200,2.8147,1000.0000,400,0,0.0000,-8364.9551,4700.0000
2025-01-10,0.0000,93.1800,91.3200,2.0368,744.0000,400,0,0.0000,-8364.9551,5444.0000
2025-01-13,-209.7935,95.0200,93.1800,1.9747,736.0000,400,2,-209.7935,-8574.7486,6180.0000
2025-01-14,-216.2522,98.7700,95.0200,3.9465,1500.0000,400,2,-216.2522,-8791.0008,7680.0000
2025-01-15,407.3486,99.5500,98.7700,0.7897,312.0000,400,2,407.3486,-8383.6522,7992.0000
2025-01-16,-218.1763,96.6000,99.5500,-2.9633,-1180.0000,400,2,-218.1763,-8601.8285,6812.0000
2025-01-17,-315.0864,102.7000,96.6000,6.3147,2440.0000,400,2,-315.0864,-8916.9149,9252.0000
2025-01-20,0.0000,101.0500,102.7000,-1.6066,-660.0000,400,0,0.0000,-8916.9149,8592.0000
2025-01-21,0.0000,101.8400,101.0500,0.7818,316.0000,400,0,0.0000,-8916.9149,8908.0000
2025-01-22,0.0000,100.2400,101.8400,-1.5711,-640.0000,400,0,0.0000,-8916.9149,8268.0000
2025-01-23,-264.1684,96.8400,100.2400,-3.3919,-1360.0000,400,2,-264.1684,-9181.0833,6908.0000
2025-01-24,0.0000,97.8500,96.8400,1.0430,404.0000,400,0,0.0000,-9181.0833,7312.0000
2025-01-27,0.0000,93.9400,97.8500,-3.9959,-1564.0000,400,0,0.0000,-9181.0833,5748.0000
2025-02-05,0.0000,101.3700,93.9400,7.9093,2972.0000,400,0,0.0000,-9181.0833,8720.0000
2025-02-06,-421.3996,104.4300,101.3700,3.0186,1224.0000,400,2,-421.3996,-9602.4829,9944.0000
2025-02-07,193.2538,102.5300,104.4300,-1.8194,-760.0000,400,2,193.2538,-9409.2291,9184.0000
2025-02-10,0.0000,103.8500,102.5300,1.2874,528.0000,400,0,0.0000,-9409.2291,9712.0000
2025-02-11,0.0000,100.8600,103.8500,-2.8792,-1196.0000,400,0,0.0000,-9409.2291,8516.0000
2025-02-12,0.0000,104.3200,100.8600,3.4305,1384.0000,400,0,0.0000,-9409.2291,9900.0000
2025-02-13,0.0000,101.1100,104.3200,-3.0771,-1284.0000,400,0,0.0000,-9409.2291,8616.0000
2025-02-14,0.0000,99.0800,101.1100,-2.0077,-812.0000,400,0,0.0000,-9409.2291,7804.0000
2025-02-17,0.0000,101.0000,99.0800,1.9378,768.0000,400,0,0.0000,-9409.2291,8572.0000
2025-02-18,0.0000,98.2800,101.0000,-2.6931,-1088.0000,400,0,0.0000,-9409.2291,7484.0000
2025-02-19,231.2045,101.9400,98.2800,3.7241,1464.0000,400,2,231.2045,-9178.0246,8948.0000
2025-02-20,0.0000,99.2100,101.9400,-2.6780,-1092.0000,400,0,0.0000,-9178.0246,7856.0000
2025-02-21,-181.0414,103.9800,99.2100,4.8080,1908.0000,400,2,-181.0414,-9359.0660,9764.0000
2025-02-24,356.3968,103.4000,103.9800,-0.5578,-232.0000,400,2,356.3968,-9002.6692,9532.0000
2025-02-25,366.9910,101.2800,103.4000,-2.0503,-848.0000,400,2,366.9910,-8635.6783,8684.0000
2025-02-26,-315.2578,104.0000,101.2800,2.6856,1088.0000,400,2,-315.2578,-8950.9360,9772.0000
2025-02-27,0.0000,102.4400,104.0000,-1.5000,-624.0000,400,0,0.0000,-8950.9360,9148.0000
2025-02-28,0.0000,97.7900,102.4400,-4.5392,-1860.0000,400,0,0.0000,-8950.9360,7288.0000
2025-03-03,0.0000,96.0000,97.7900,-1.8305,-716.0000,400,0,0.0000,-8950.9360,6572.0000
2025-03-04,0.0000,97.2800,96.0000,1.3333,512.0000,400,0,0.0000,-8950.9360,7084.0000
2025-03-05,0.0000,97.5700,97.2800,0.2981,116.0000,400,0,0.0000,-8950.9360,7200.0000
2025-03-06,0.0000,98.6600,97.5700,1.1171,436.0000,400,0,0.0000,-8950.9360,7636.0000
2025-03-07,0.0000,96.8800,98.6600,-1.8042,-712.0000,400,0,0.0000,-8950.9360,6924.0000
2025-03-10,0.0000,95.6600,96.8800,-1.2593,-488.0000,400,0,0.0000,-8950.9360,6436.0000
2025-03-11,0.0000,96.1200,95.6600,0.4809,184.0000,400,0,0.0000,-8950.9360,6620.0000
2025-03-12,0.0000,95.9000,96.1200,-0.2289,-88.0000,400,0,0.0000,-8950.9360,6532.0000
2025-03-13,-149.6203,92.9800,95.9000,-3.0448,-1168.0000,400,2,-149.6203,-9100.5563,5364.0000
2025-03-14,92.0889,94.8100,92.9800,1.9682,732.0000,400,2,92.0889,-9008.4674,6096.0000
2025-03-17,0.0000,93.3700,94.8100,-1.5188,-576.0000,400,0,0.0000,-9008.4674,5520.0000
2025-03-18,0.0000,94.1000,93.3700,0.7818,292.0000,400,0,0.0000,-9008.4674,5812.0000
2025-03-19,0.0000,93.7500,94.1000,-0.3719,-140.0000,400,0,0.0000,-9008.4674,5672.0000
2025-03-20,0.0000,93.2700,93.7500,-0.5120,-192.0000,400,0,0.0000,-9008.4674,5480.0000
2025-03-21,0.0000,91.2000,93.2700,-2.2194,-828.0000,400,0,0.0000,-9008.4674,4652.0000
2025-03-24,0.0000,91.4500,91.2000,0.2741,100.0000,400,0,0.0000,-9008.4674,4752.0000
2025-03-25,144.6136,89.8700,91.4500,-1.7277,-632.0000,400,2,144.6136,-8863.8539,4120.0000
2025-03-26,0.0000,90.0000,89.8700,0.1447,52.0000,400,0,0.0000,-8863.8539,4172.0000
2025-03-27,-213.4951,92.4700,90.0000,2.7444,988.0000,400,2,-213.4951,-9077.3489,5160.0000
2025-03-28,0.0000,90.4000,92.4700,-2.2386,-828.0000,400,0,0.0000,-9077.3489,4332.0000
2025-03-31,-105.2153,89.3300,90.4000,-1.1836,-428.0000,400,2,-105.2153,-9182.5642,3904.0000
2025-04-01,-131.0439,86.5000,89.3300,-3.1680,-1132.0000,400,2,-131.0439,-9313.6081,2772.0000
2025-04-02,0.0000,86.8500,86.5000,0.4046,140.0000,400,0,0.0000,-9313.6081,2912.0000
2025-04-03,116.7890,88.0900,86.8500,1.4277,496.0000,400,2,116.7890,-9196.8191,3408.0000
2025-04-07,260.5674,84.0000,88.0900,-4.6430,-1636.0000,400,4,260.5674,-8936.2517,1772.0000
2025-04-08,0.0000,85.0000,84.0000,1.1905,400.0000,400,0,0.0000,-8936.2517,2172.0000
2025-04-09,-333.1520,90.1800,85.0000,6.0941,2072.0000,400,2,-333.1520,-9269.4037,4244.0000
2025-04-10,0.0000,90.9500,90.1800,0.8538,308.0000,400,0,0.0000,-9269.4037,4552.0000
2025-04-11,410.1160,92.9000,90.9500,2.1440,780.0000,400,2,410.1160,-8859.2877,5332.0000
2025-04-14,0.0000,92.0000,92.9000,-0.9688,-360.0000,400,0,0.0000,-8859.2877,4972.0000
2025-04-15,0.0000,90.3900,92.0000,-1.7500,-644.0000,400,0,0.0000,-8859.2877,4328.0000
2025-04-16,0.0000,92.0000,90.3900,1.7812,644.0000,400,0,0.0000,-8859.2877,4972.0000
2025-04-17,0.0000,91.8000,92.0000,-0.2174,-80.0000,400,0,0.0000,-8859.2877,4892.0000
2025-04-18,0.0000,91.3500,91.8000,-0.4902,-180.0000,400,0,0.0000,-8859.2877,4712.0000
2025-04-21,0.0000,90.5100,91.3500,-0.9195,-336.0000,400,0,0.0000,-8859.2877,4376.0000
2025-04-22,0.0000,90.0100,90.5100,-0.5524,-200.0000,400,0,0.0000,-8859.2877,4176.0000
2025-04-23,0.0000,90.0700,90.0100,0.0667,24.0000,400,0,0.0000,-8859.2877,4200.0000
2025-04-24,100.7275,89.1000,90.0700,-1.0769,-388.0000,400,2,100.7275,-8758.5602,3812.0000
2025-04-25,0.0000,88.4200,89.1000,-0.7632,-272.0000,400,0,0.0000,-8758.5602,3540.0000
2025-04-28,0.0000,88.2300,88.4200,-0.2149,-76.0000,400,0,0.0000,-8758.5602,3464.0000
2025-04-29,0.0000,88.0000,88.2300,-0.2607,-92.0000,400,0,0.0000,-8758.5602,3372.0000
2025-04-30,0.0000,89.0500,88.0000,1.1932,420.0000,400,0,0.0000,-8758.5602,3792.0000
2025-05-06,0.0000,89.9000,89.0500,0.9545,340.0000,400,0,0.0000,-8758.5602,4132.0000
2025-05-07,-5.3723,90.5000,89.9000,0.6674,240.0000,400,2,-5.3723,-8763.9325,4372.0000
2025-05-08,0.0000,89.9800,90.5000,-0.5746,-208.0000,400,0,0.0000,-8763.9325,4164.0000
2025-05-09,0.0000,85.8300,89.9800,-4.6121,-1660.0000,400,0,0.0000,-8763.9325,2504.0000
2025-05-12,237.1095,86.3200,85.8300,0.5709,196.0000,400,2,237.1095,-8526.8230,2700.0000
2025-05-13,-50.8913,85.5200,86.3200,-0.9268,-320.0000,400,2,-50.8913,-8577.7143,2380.0000
2025-05-14,120.9940,86.0600,85.5200,0.6314,216.0000,400,2,120.9940,-8456.7203,2596.0000
2025-05-15,0.0000,84.4200,86.0600,-1.9056,-656.0000,400,0,0.0000,-8456.7203,1940.0000
2025-05-16,0.0000,84.7000,84.4200,0.3317,112.0000,400,0,0.0000,-8456.7203,2052.0000
2025-05-19,-84.8282,85.0100,84.7000,0.3660,124.0000,400,2,-84.8282,-8541.5485,2176.0000
2025-05-20,0.0000,85.0400,85.0100,0.0353,12.0000,400,0,0.0000,-8541.5485,2188.0000
2025-05-21,0.0000,84.0700,85.0400,-1.1406,-388.0000,400,0,0.0000,-8541.5485,1800.0000
2025-05-22,0.0000,83.8100,84.0700,-0.3093,-104.0000,400,0,0.0000,-8541.5485,1696.0000
2025-05-23,-70.6252,82.9000,83.8100,-1.0858,-364.0000,400,2,-70.6252,-8612.1738,1332.0000
2025-05-26,0.0000,84.0200,82.9000,1.3510,448.0000,400,0,0.0000,-8612.1738,1780.0000
2025-05-27,0.0000,83.0000,84.0200,-1.2140,-408.0000,400,0,0.0000,-8612.1738,1372.0000
2025-05-28,0.0000,82.0100,83.0000,-1.1928,-396.0000,400,0,0.0000,-8612.1738,976.0000
2025-05-29,-108.6391,83.4400,82.0100,1.7437,572.0000,400,2,-108.6391,-8720.8129,1548.0000
2025-05-30,0.0000,82.0900,83.4400,-1.6179,-540.0000,400,0,0.0000,-8720.8129,1008.0000
2025-06-03,0.0000,82.4700,82.0900,0.4629,152.0000,400,0,0.0000,-8720.8129,1160.0000
2025-06-04,0.0000,83.1800,82.4700,0.8609,284.0000,400,0,0.0000,-8720.8129,1444.0000
2025-06-05,-72.7594,84.3900,83.1800,1.4547,484.0000,400,2,-72.7594,-8793.5723,1928.0000
2025-06-06,91.1632,84.5600,84.3900,0.2014,68.0000,400,2,91.1632,-8702.4091,1996.0000
2025-06-09,0.0000,84.4300,84.5600,-0.1537,-52.0000,400,0,0.0000,-8702.4091,1944.0000
2025-06-10,-84.5567,82.3200,84.4300,-2.4991,-844.0000,400,2,-84.5567,-8786.9659,1100.0000
2025-06-11,0.0000,82.9100,82.3200,0.7167,236.0000,400,0,0.0000,-8786.9659,1336.0000
2025-06-12,0.0000,82.2700,82.9100,-0.7719,-256.0000,400,0,0.0000,-8786.9659,1080.0000
2025-06-13,59.3615,82.7900,82.2700,0.6321,208.0000,400,2,59.3615,-8727.6044,1288.0000
2025-06-16,0.0000,82.9600,82.7900,0.2053,68.0000,400,0,0.0000,-8727.6044,1356.0000
2025-06-17,0.0000,82.4000,82.9600,-0.6750,-224.0000,400,0,0.0000,-8727.6044,1132.0000
2025-06-18,0.0000,82.0100,82.4000,-0.4733,-156.0000,400,0,0.0000,-8727.6044,976.0000
2025-06-19,0.0000,81.6500,82.0100,-0.4390,-144.0000,400,0,0.0000,-8727.6044,832.0000
2025-06-20,0.0000,81.2800,81.6500,-0.4532,-148.0000,400,0,0.0000,-8727.6044,684.0000
2025-06-23,-150.5907,84.2500,81.2800,3.6540,1188.0000,400,2,-150.5907,-8878.1951,1872.0000
2025-06-24,0.0000,85.1500,84.2500,1.0682,360.0000,400,0,0.0000,-8878.1951,2232.0000
2025-06-25,-119.0594,88.3900,85.1500,3.8050,1296.0000,400,2,-119.0594,-8997.2545,3528.0000
2025-06-26,99.5715,87.2800,88.3900,-1.2558,-444.0000,400,4,99.5715,-8897.6829,3084.0000
2025-06-27,0.0000,86.8800,87.2800,-0.4583,-160.0000,400,0,0.0000,-8897.6829,2924.0000
2025-06-30,0.0000,88.1700,86.8800,1.4848,516.0000,400,0,0.0000,-8897.6829,3440.0000
2025-07-01,0.0000,87.7600,88.1700,-0.4650,-164.0000,400,0,0.0000,-8897.6829,3276.0000
2025-07-02,0.0000,86.1000,87.7600,-1.8915,-664.0000,400,0,0.0000,-8897.6829,2612.0000
2025-07-03,0.0000,86.2400,86.1000,0.1626,56.0000,400,0,0.0000,-8897.6829,2668.0000
2025-07-04,188.9593,85.8000,86.2400,-0.5102,-176.0000,400,2,188.9593,-8708.7236,2492.0000
2025-07-07,0.0000,85.4800,85.8000,-0.3730,-128.0000,400,0,0.0000,-8708.7236,2364.0000
2025-07-08,0.0000,86.7400,85.4800,1.4740,504.0000,400,0,0.0000,-8708.7236,2868.0000
2025-07-09,0.0000,85.8500,86.7400,-1.0261,-356.0000,400,0,0.0000,-8708.7236,2512.0000
2025-07-10,0.0000,85.6700,85.8500,-0.2097,-72.0000,400,0,0.0000,-8708.7236,2440.0000
2025-07-11,-117.1852,88.1600,85.6700,2.9065,996.0000,400,2,-117.1852,-8825.9089,3436.0000
2025-07-14,0.0000,87.5200,88.1600,-0.7260,-256.0000,400,0,0.0000,-8825.9089,3180.0000
2025-07-15,0.0000,87.8900,87.5200,0.4228,148.0000,400,0,0.0000,-8825.9089,3328.0000
2025-07-16,0.0000,87.1200,87.8900,-0.8761,-308.0000,400,0,0.0000,-8825.9089,3020.0000
2025-07-17,0.7525,88.7900,87.1200,1.9169,668.0000,400,2,0.7525,-8825.1563,3688.0000
2025-07-18,0.0000,88.5100,88.7900,-0.3154,-112.0000,400,0,0.0000,-8825.1563,3576.0000
2025-07-21,0.0000,89.0200,88.5100,0.5762,204.0000,400,0,0.0000,-8825.1563,3780.0000
2025-07-22,118.6123,89.0800,89.0200,0.0674,24.0000,400,2,118.6123,-8706.5441,3804.0000
2025-07-23,126.6279,89.3900,89.0800,0.3480,124.0000,400,2,126.6279,-8579.9161,3928.0000
2025-07-24,-129.5140,91.7500,89.3900,2.6401,944.0000,400,2,-129.5140,-8709.4301,4872.0000
2025-07-25,0.0000,93.4700,91.7500,1.8747,688.0000,400,0,0.0000,-8709.4301,5560.0000
2025-07-28,0.0000,92.1800,93.4700,-1.3801,-516.0000,400,0,0.0000,-8709.4301,5044.0000
2025-07-29,0.0000,92.1700,92.1800,-0.0108,-4.0000,400,0,0.0000,-8709.4301,5040.0000
2025-07-30,68.6118,90.3600,92.1700,-1.9638,-724.0000,400,2,68.6118,-8640.8184,4316.0000
2025-07-31,-109.5138,89.5000,90.3600,-0.9517,-344.0000,400,2,-109.5138,-8750.3321,3972.0000
2025-08-01,76.7918,88.2900,89.5000,-1.3520,-484.0000,400,2,76.7918,-8673.5404,3488.0000
2025-08-04,0.0000,90.0700,88.2900,2.0161,712.0000,400,0,0.0000,-8673.5404,4200.0000
2025-08-05,0.0000,90.0000,90.0700,-0.0777,-28.0000,400,0,0.0000,-8673.5404,4172.0000
2025-08-06,0.0000,90.7800,90.0000,0.8667,312.0000,400,0,0.0000,-8673.5404,4484.0000
2025-08-07,0.0000,90.5900,90.7800,-0.2093,-76.0000,400,0,0.0000,-8673.5404,4408.0000
2025-08-08,0.0000,86.6600,90.5900,-4.3382,-1572.0000,400,0,0.0000,-8673.5404,2836.0000
2025-08-11,0.0000,86.9600,86.6600,0.3462,120.0000,400,0,0.0000,-8673.5404,2956.0000
2025-08-12,-153.1877,88.5200,86.9600,1.7939,624.0000,400,2,-153.1877,-8826.7280,3580.0000
2025-08-13,0.0000,88.6600,88.5200,0.1582,56.0000,400,0,0.0000,-8826.7280,3636.0000
2025-08-14,-97.5459,89.4600,88.6600,0.9023,320.0000,400,2,-97.5459,-8924.2739,3956.0000
2025-08-15,-497.4407,91.8400,89.4600,2.6604,952.0000,400,2,-497.4407,-9421.7146,4908.0000
2025-08-18,-125.7937,92.3100,91.8400,0.5118,188.0000,400,2,-125.7937,-9547.5083,5096.0000
2025-08-19,0.0000,89.3500,92.3100,-3.2066,-1184.0000,400,0,0.0000,-9547.5083,3912.0000
2025-08-20,-209.4950,92.2800,89.3500,3.2792,1172.0000,400,2,-209.4950,-9757.0034,5084.0000
2025-08-21,0.0000,91.0500,92.2800,-1.3329,-492.0000,400,0,0.0000,-9757.0034,4592.0000
2025-08-22,-176.1894,103.9700,91.0500,14.1900,5168.0000,400,2,-176.1894,-9933.1928,9760.0000
2025-08-25,-241.0121,103.1700,103.9700,-0.7695,-320.0000,400,2,-241.0121,-10174.2048,9440.0000
2025-08-26,0.0000,100.9300,103.1700,-2.1712,-896.0000,400,0,0.0000,-10174.2048,8544.0000
2025-08-27,574.4310,101.5100,100.9300,0.5747,232.0000,400,2,574.4310,-9599.7738,8776.0000
2025-08-28,-366.1255,119.2200,101.5100,17.4466,7084.0000,400,2,-366.1255,-9965.8994,15860.0000
2025-08-29,0.0000,114.7600,119.2200,-3.7410,-1784.0000,400,0,0.0000,-9965.8994,14076.0000
2025-09-09,0.0000,102.9900,114.7600,-10.2562,-4708.0000,400,0,0.0000,-9965.8994,9368.0000
2025-09-10,0.0000,103.9100,102.9900,0.8933,368.0000,400,0,0.0000,-9965.8994,9736.0000
2025-09-11,-608.2782,110.2800,103.9100,6.1303,2548.0000,400,2,-608.2782,-10574.1776,12284.0000
2025-09-12,0.0000,108.4200,110.2800,-1.6866,-744.0000,400,0,0.0000,-10574.1776,11540.0000
2025-09-15,0.0000,108.6600,108.4200,0.2214,96.0000,400,0,0.0000,-10574.1776,11636.0000
2025-09-16,0.0000,109.7800,108.6600,1.0307,448.0000,400,0,0.0000,-10574.1776,12084.0000
2025-09-17,583.8902,117.3900,109.7800,6.9320,3044.0000,400,2,583.8902,-9990.2873,15128.0000
2025-09-18,-373.4864,122.1500,117.3900,4.0549,1904.0000,400,2,-373.4864,-10363.7738,17032.0000
2025-09-19,0.0000,121.3400,122.1500,-0.6631,-324.0000,400,0,0.0000,-10363.7738,16708.0000
2025-09-22,-350.0759,128.9200,121.3400,6.2469,3032.0000,400,2,-350.0759,-10713.8496,19740.0000
2025-09-23,0.0000,128.5100,128.9200,-0.3180,-164.0000,400,0,0.0000,-10713.8496,19576.0000
2025-09-24,290.0735,134.9800,128.5100,5.0346,2588.0000,400,2,290.0735,-10423.7762,22164.0000
2025-09-25,0.0000,134.1100,134.9800,-0.6445,-348.0000,400,0,0.0000,-10423.7762,21816.0000
2025-09-26,0.0000,132.2700,134.1100,-1.3720,-736.0000,400,0,0.0000,-10423.7762,21080.0000
2025-09-29,0.0000,136.0200,132.2700,2.8351,1500.0000,400,0,0.0000,-10423.7762,22580.0000
2025-09-30,0.0000,140.1300,136.0200,3.0216,1644.0000,400,0,0.0000,-10423.7762,24224.0000
2025-10-09,-304.9426,138.9100,140.1300,-0.8706,-488.0000,400,2,-304.9426,-10728.7187,23736.0000
2025-10-10,0.0000,127.9500,138.9100,-7.8900,-4384.0000,400,0,0.0000,-10728.7187,19352.0000
2025-10-13,0.0000,136.4700,127.9500,6.6589,3408.0000,400,0,0.0000,-10728.7187,22760.0000
2025-10-14,-413.9946,127.2000,136.4700,-6.7927,-3708.0000,400,2,-413.9946,-11142.7133,19052.0000
2025-10-15,0.0000,129.5600,127.2000,1.8553,944.0000,400,0,0.0000,-11142.7133,19996.0000
2025-10-16,0.0000,127.3000,129.5600,-1.7444,-904.0000,400,0,0.0000,-11142.7133,19092.0000
2025-10-17,0.0000,121.9800,127.3000,-4.1791,-2128.0000,400,0,0.0000,-11142.7133,16964.0000
2025-10-20,0.0000,122.6300,121.9800,0.5329,260.0000,400,0,0.0000,-11142.7133,17224.0000
2025-10-21,0.0000,127.1900,122.6300,3.7185,1824.0000,400,0,0.0000,-11142.7133,19048.0000
2025-10-22,369.7747,126.8100,127.1900,-0.2988,-152.0000,400,2,369.7747,-10772.9386,18896.0000
2025-10-23,0.0000,128.3000,126.8100,1.1750,596.0000,400,0,0.0000,-10772.9386,19492.0000
2025-10-24,0.0000,134.0600,128.3000,4.4895,2304.0000,400,0,0.0000,-10772.9386,21796.0000
2025-10-27,0.0000,134.5000,134.0600,0.3282,176.0000,400,0,0.0000,-10772.9386,21972.0000
2025-10-28,0.0000,132.6900,134.5000,-1.3457,-724.0000,400,0,0.0000,-10772.9386,21248.0000
2025-10-29,0.0000,133.0000,132.6900,0.2336,124.0000,400,0,0.0000,-10772.9386,21372.0000
2025-10-30,0.0000,128.5500,133.0000,-3.3459,-1780.0000,400,0,0.0000,-10772.9386,19592.0000
2025-10-31,0.0000,124.1800,128.5500,-3.3995,-1748.0000,400,0,0.0000,-10772.9386,17844.0000
2025-11-03,0.0000,120.2100,124.1800,-3.1970,-1588.0000,400,0,0.0000,-10772.9386,16256.0000
2025-11-04,0.0000,119.8800,120.2100,-0.2745,-132.0000,400,0,0.0000,-10772.9386,16124.0000
2025-11-05,113.4722,119.7800,119.8800,-0.0834,-40.0000,400,2,113.4722,-10659.4664,16084.0000
2025-11-06,0.0000,124.8500,119.7800,4.2328,2028.0000,400,0,0.0000,-10659.4664,18112.0000
2025-11-07,0.0000,122.1100,124.8500,-2.1946,-1096.0000,400,0,0.0000,-10659.4664,17016.0000
2025-11-10,0.0000,120.0100,122.1100,-1.7198,-840.0000,400,0,0.0000,-10659.4664,16176.0000
2025-11-11,0.0000,117.7300,120.0100,-1.8998,-912.0000,400,0,0.0000,-10659.4664,15264.0000
2025-11-12,0.0000,119.6300,117.7300,1.6139,760.0000,400,0,0.0000,-10659.4664,16024.0000
2025-11-13,-154.9136,123.1000,119.6300,2.9006,1388.0000,400,2,-154.9136,-10814.3800,17412.0000
2025-11-14,-176.6929,118.1800,123.1000,-3.9968,-1968.0000,400,2,-176.6929,-10991.0729,15444.0000
2025-11-17,0.0000,117.6300,118.1800,-0.4654,-220.0000,400,0,0.0000,-10991.0729,15224.0000
2025-11-18,0.0000,117.9600,117.6300,0.2805,132.0000,400,0,0.0000,-10991.0729,15356.0000
2025-11-19,0.0000,116.2800,117.9600,-1.4242,-672.0000,400,0,0.0000,-10991.0729,14684.0000
2025-11-20,0.0000,116.7800,116.2800,0.4300,200.0000,400,0,0.0000,-10991.0729,14884.0000
2025-11-21,0.0000,113.0000,116.7800,-3.2369,-1512.0000,400,0,0.0000,-10991.0729,13372.0000
2025-11-24,532.7440,111.5100,113.0000,-1.3186,-596.0000,400,4,532.7440,-10458.3290,12776.0000
2025-11-25,0.0000,111.6800,111.5100,0.1525,68.0000,400,0,0.0000,-10458.3290,12844.0000
2025-11-26,0.0000,112.7100,111.6800,0.9223,412.0000,400,0,0.0000,-10458.3290,13256.0000
2025-11-27,-157.0114,112.7100,112.7100,0.0000,0.0000,400,2,-157.0114,-10615.3403,13256.0000
2025-11-28,0.0000,113.6000,112.7100,0.7896,356.0000,400,0,0.0000,-10615.3403,13612.0000
2025-12-01,0.0000,114.4000,113.6000,0.7042,320.0000,400,0,0.0000,-10615.3403,13932.0000
2025-12-02,0.0000,113.0000,114.4000,-1.2238,-560.0000,400,0,0.0000,-10615.3403,13372.0000
2025-12-03,0.0000,111.6200,113.0000,-1.2212,-552.0000,400,0,0.0000,-10615.3403,12820.0000
2025-12-04,-209.2003,114.7300,111.6200,2.7862,1244.0000,400,2,-209.2003,-10824.5406,14064.0000
2025-12-05,0.0000,114.1800,114.7300,-0.4794,-220.0000,400,0,0.0000,-10824.5406,13844.0000
2025-12-08,57.9799,117.2000,114.1800,2.6449,1208.0000,400,2,57.9799,-10766.5607,15052.0000
2025-12-09,0.0000,116.3200,117.2000,-0.7509,-352.0000,400,0,0.0000,-10766.5607,14700.0000
2025-12-10,-35.6834,116.3100,116.3200,-0.0086,-4.0000,400,2,-35.6834,-10802.2442,14696.0000
2025-12-11,-71.2379,113.6100,116.3100,-2.3214,-1080.0000,400,2,-71.2379,-10873.4820,13616.0000
2025-12-12,-293.4690,116.8000,113.6100,2.8079,1276.0000,400,2,-293.4690,-11166.9510,14892.0000
2025-12-15,0.0000,113.0100,116.8000,-3.2449,-1516.0000,400,0,0.0000,-11166.9510,13376.0000
2025-12-16,0.0000,110.7000,113.0100,-2.0441,-924.0000,400,0,0.0000,-11166.9510,12452.0000
2025-12-17,-159.1200,113.2900,110.7000,2.3397,1036.0000,400,2,-159.1200,-11326.0710,13488.0000
2025-12-18,0.0000,112.8000,113.2900,-0.4325,-196.0000,400,0,0.0000,-11326.0710,13292.0000
2025-12-19,0.0000,113.6300,112.8000,0.7358,332.0000,400,0,0.0000,-11326.0710,13624.0000
2025-12-22,-242.2939,120.4500,113.6300,6.0019,2728.0000,400,2,-242.2939,-11568.3650,16352.0000
2025-12-23,0.0000,119.9000,120.4500,-0.4566,-220.0000,400,0,0.0000,-11568.3650,16132.0000
2025-12-24,0.0000,123.4100,119.9000,2.9274,1404.0000,400,0,0.0000,-11568.3650,17536.0000
2025-12-25,0.0000,123.0800,123.4100,-0.2674,-132.0000,400,0,0.0000,-11568.3650,17404.0000
2025-12-26,117.1428,122.1000,123.0800,-0.7962,-392.0000,400,2,117.1428,-11451.2222,17012.0000
2025-12-29,0.0000,122.5000,122.1000,0.3276,160.0000,400,0,0.0000,-11451.2222,17172.0000
2025-12-30,0.0000,125.2800,122.5000,2.2694,1112.0000,400,0,0.0000,-11451.2222,18284.0000
2025-12-31,0.0000,122.8300,125.2800,-1.9556,-980.0000,400,0,0.0000,-11451.2222,17304.0000
2026-01-05,0.0000,129.9500,122.8300,5.7966,2848.0000,400,0,0.0000,-11451.2222,20152.0000
2026-01-06,212.9018,131.8400,129.9500,1.4544,756.0000,400,2,212.9018,-11238.3203,20908.0000
2026-01-07,0.0000,129.9800,131.8400,-1.4108,-744.0000,400,0,0.0000,-11238.3203,20164.0000
2026-01-08,11.4715,130.1500,129.9800,0.1308,68.0000,400,2,11.4715,-11226.8488,20232.0000
2026-01-09,0.0000,128.8800,130.1500,-0.9758,-508.0000,400,0,0.0000,-11226.8488,19724.0000
2026-01-12,0.0000,127.6600,128.8800,-0.9466,-488.0000,400,0,0.0000,-11226.8488,19236.0000
2026-01-13,0.0000,123.6300,127.6600,-3.1568,-1612.0000,400,0,0.0000,-11226.8488,17624.0000
2026-01-14,0.0000,124.4900,123.6300,0.6956,344.0000,400,0,0.0000,-11226.8488,17968.0000
2026-01-15,0.0000,124.4400,124.4900,-0.0402,-20.0000,400,0,0.0000,-11226.8488,17948.0000
2026-01-16,0.0000,126.9900,124.4400,2.0492,1020.0000,400,0,0.0000,-11226.8488,18968.0000
2026-01-19,0.0000,125.2900,126.9900,-1.3387,-680.0000,400,0,0.0000,-11226.8488,18288.0000
2026-01-20,0.0000,122.1800,125.2900,-2.4822,-1244.0000,400,0,0.0000,-11226.8488,17044.0000
2026-01-21,-208.1287,127.1900,122.1800,4.1005,2004.0000,400,2,-208.1287,-11434.9775,19048.0000
2026-01-22,-17.7774,126.8000,127.1900,-0.3066,-156.0000,400,2,-17.7774,-11452.7549,18892.0000
2026-01-23,0.0000,124.9600,126.8000,-1.4511,-736.0000,400,0,0.0000,-11452.7549,18156.0000
2026-01-26,0.0000,121.9200,124.9600,-2.4328,-1216.0000,400,0,0.0000,-11452.7549,16940.0000
2026-01-27,-213.1164,124.0500,121.9200,1.7470,852.0000,400,2,-213.1164,-11665.8713,17792.0000
2026-01-28,0.0000,128.5500,124.0500,3.6276,1800.0000,400,0,0.0000,-11665.8713,19592.0000
2026-01-29,0.0000,122.4000,128.5500,-4.7841,-2460.0000,400,0,0.0000,-11665.8713,17132.0000
2026-01-30,262.6810,122.9700,122.4000,0.4657,228.0000,400,2,262.6810,-11403.1904,17360.0000
2026-02-02,-153.8794,117.0600,122.9700,-4.8061,-2364.0000,400,2,-153.8794,-11557.0697,14996.0000
2026-02-03,260.4404,116.0300,117.0600,-0.8799,-412.0000,400,2,260.4404,-11296.6293,14584.0000
2026-02-04,0.0000,114.8400,116.0300,-1.0256,-476.0000,400,0,0.0000,-11296.6293,14108.0000
2026-02-05,0.0000,111.8000,114.8400,-2.6472,-1216.0000,400,0,0.0000,-11296.6293,12892.0000
2026-02-06,-169.2307,112.7000,111.8000,0.8050,360.0000,400,2,-169.2307,-11465.8600,13252.0000
2026-02-09,0.0000,114.9300,112.7000,1.9787,892.0000,400,0,0.0000,-11465.8600,14144.0000
2026-02-10,0.0000,116.2000,114.9300,1.1050,508.0000,400,0,0.0000,-11465.8600,14652.0000
2026-02-11,142.3934,115.0100,116.2000,-1.0241,-476.0000,400,2,142.3934,-11323.4666,14176.0000
2026-02-12,0.0000,116.5800,115.0100,1.3651,628.0000,400,0,0.0000,-11323.4666,14804.0000
2026-02-13,0.0000,116.9300,116.5800,0.3002,140.0000,400,0,0.0000,-11323.4666,14944.0000
2026-02-24,0.0000,115.8200,116.9300,-0.9493,-444.0000,400,0,0.0000,-11323.4666,14500.0000
2026-02-25,0.0000,116.1300,115.8200,0.2677,124.0000,400,0,0.0000,-11323.4666,14624.0000
2026-02-26,110.1403,116.6500,116.1300,0.4478,208.0000,400,2,110.1403,-11213.3262,14832.0000
2026-02-27,0.0000,115.0000,116.6500,-1.4145,-660.0000,400,0,0.0000,-11213.3262,14172.0000
2026-03-02,0.0000,112.5300,115.0000,-2.1478,-988.0000,400,0,0.0000,-11213.3262,13184.0000
2026-03-03,-150.7650,108.3100,112.5300,-3.7501,-1688.0000,400,2,-150.7650,-11364.0912,11496.0000
2026-03-04,-135.6924,106.6900,108.3100,-1.4957,-648.0000,400,2,-135.6924,-11499.7836,10848.0000
2026-03-05,50.2805,106.9000,106.6900,0.1968,84.0000,400,2,50.2805,-11449.5032,10932.0000
2026-03-06,0.0000,106.5000,106.9000,-0.3742,-160.0000,400,0,0.0000,-11449.5032,10772.0000
2026-03-09,-157.3268,105.1400,106.5000,-1.2770,-544.0000,400,2,-157.3268,-11606.8300,10228.0000
2026-03-10,0.0000,107.2800,105.1400,2.0354,856.0000,400,0,0.0000,-11606.8300,11084.0000
2026-03-11,0.0000,107.1000,107.2800,-0.1678,-72.0000,400,0,0.0000,-11606.8300,11012.0000
2026-03-12,-135.5292,106.0100,107.1000,-1.0177,-436.0000,400,2,-135.5292,-11742.3592,10576.0000
2026-03-13,0.0000,107.0600,106.0100,0.9905,420.0000,400,0,0.0000,-11742.3592,10996.0000
2026-03-16,-206.1329,108.6000,107.0600,1.4384,616.0000,400,2,-206.1329,-11948.4921,11612.0000
2026-03-17,0.0000,106.0200,108.6000,-2.3757,-1032.0000,400,0,0.0000,-11948.4921,10580.0000
2026-03-18,0.0000,106.6000,106.0200,0.5471,232.0000,400,0,0.0000,-11948.4921,10812.0000
2026-03-19,0.0000,105.9600,106.6000,-0.6004,-256.0000,400,0,0.0000,-11948.4921,10556.0000
2026-03-20,0.0000,102.1800,105.9600,-3.5674,-1512.0000,400,0,0.0000,-11948.4921,9044.0000
2026-03-23,-144.1912,98.0400,102.1800,-4.0517,-1656.0000,400,2,-144.1912,-12092.6832,7388.0000
2026-03-24,0.0000,99.2500,98.0400,1.2342,484.0000,400,0,0.0000,-12092.6832,7872.0000
2026-03-25,0.0000,99.9900,99.2500,0.7456,296.0000,400,0,0.0000,-12092.6832,8168.0000
2026-03-26,0.0000,96.8800,99.9900,-3.1103,-1244.0000,400,0,0.0000,-12092.6832,6924.0000
2026-03-27,0.0000,97.5000,96.8800,0.6400,248.0000,400,0,0.0000,-12092.6832,7172.0000
2026-03-30,0.0000,95.8300,97.5000,-1.7128,-668.0000,400,0,0.0000,-12092.6832,6504.0000
2026-03-31,-109.7821,94.0500,95.8300,-1.8575,-712.0000,400,2,-109.7821,-12202.4653,5792.0000
2026-04-01,0.0000,96.3300,94.0500,2.4242,912.0000,400,0,0.0000,-12202.4653,6704.0000
2026-04-02,-135.6461,93.2000,96.3300,-3.2492,-1252.0000,400,2,-135.6461,-12338.1115,5452.0000
2026-04-03,0.0000,91.7800,93.2000,-1.5236,-568.0000,400,0,0.0000,-12338.1115,4884.0000
2026-04-07,-141.9571,95.6200,91.7800,4.1839,1536.0000,400,2,-141.9571,-12480.0686,6420.0000
2026-04-08,33.3448,101.1800,95.6200,5.8147,2224.0000,400,2,33.3448,-12446.7238,8644.0000
2026-04-09,0.0000,99.7200,101.1800,-1.4430,-584.0000,400,0,0.0000,-12446.7238,8060.0000
2026-04-10,0.0000,101.0100,99.7200,1.2936,516.0000,400,0,0.0000,-12446.7238,8576.0000
2026-04-13,201.2477,100.6400,101.0100,-0.3663,-148.0000,400,2,201.2477,-12245.4762,8428.0000
2026-04-14,0.0000,101.5200,100.6400,0.8744,352.0000,400,0,0.0000,-12245.4762,8780.0000
2026-04-15,-181.4086,103.9100,101.5200,2.3542,956.0000,400,2,-181.4086,-12426.8847,9736.0000
2026-04-16,0.0000,104.1800,103.9100,0.2598,108.0000,400,0,0.0000,-12426.8847,9844.0000
2026-04-17,272.2627,105.2300,104.1800,1.0079,420.0000,400,2,272.2627,-12154.6220,10264.0000
2026-04-20,49.8929,107.9600,105.2300,2.5943,1092.0000,400,2,49.8929,-12104.7291,11356.0000
2026-04-21,0.0000,107.4600,107.9600,-0.4631,-200.0000,400,0,0.0000,-12104.7291,11156.0000
2026-04-22,0.0000,107.8700,107.4600,0.3815,164.0000,400,0,0.0000,-12104.7291,11320.0000
2026-04-23,16.3675,105.9800,107.8700,-1.7521,-756.0000,400,2,16.3675,-12088.3616,10564.0000
2026-04-24,-402.1451,110.9600,105.9800,4.6990,1992.0000,400,2,-402.1451,-12490.5067,12556.0000
2026-04-27,0.0000,116.5800,110.9600,5.0649,2248.0000,400,0,0.0000,-12490.5067,14804.0000
2026-04-28,86.7318,114.0000,116.5800,-2.2131,-1032.0000,400,2,86.7318,-12403.7749,13772.0000
2026-04-29,0.0000,112.4700,114.0000,-1.3421,-612.0000,400,0,0.0000,-12403.7749,13160.0000
2026-04-30,-340.1215,118.7300,112.4700,5.5659,2504.0000,400,2,-340.1215,-12743.8964,15664.0000
2026-05-06,246.1688,123.1000,118.7300,3.6806,1748.0000,400,2,246.1688,-12497.7276,17412.0000
2026-05-07,330.2192,125.3400,123.1000,1.8197,896.0000,400,2,330.2192,-12167.5083,18308.0000
2026-05-08,0.0000,120.3100,125.3400,-4.0131,-2012.0000,400,0,0.0000,-12167.5083,16296.0000
2026-05-11,0.0000,122.5200,120.3100,1.8369,884.0000,400,0,0.0000,-12167.5083,17180.0000
2026-05-12,235.2143,121.9800,122.5200,-0.4407,-216.0000,400,2,235.2143,-11932.2940,16964.0000
2026-05-13,-322.7370,121.8600,121.9800,-0.0984,-48.0000,400,2,-322.7370,-12255.0310,16916.0000
2026-05-14,487.5756,117.9000,121.8600,-3.2496,-1584.0000,400,2,487.5756,-11767.4554,15332.0000
2026-05-15,1095.9854,119.0200,117.9000,0.9500,448.0000,400,4,1095.9854,-10671.4700,15780.0000
2026-05-18,0.0000,117.6200,119.0200,-1.1763,-560.0000,400,0,0.0000,-10671.4700,15220.0000
2026-05-19,0.0000,118.8200,117.6200,1.0202,480.0000,400,0,0.0000,-10671.4700,15700.0000
2026-05-20,-310.0573,133.8100,118.8200,12.6157,5996.0000,400,2,-310.0573,-10981.5273,21696.0000
2026-05-21,-424.2461,127.2200,133.8100,-4.9249,-2636.0000,400,2,-424.2461,-11405.7734,19060.0000
2026-05-22,0.0000,131.3300,127.2200,3.2306,1644.0000,400,0,0.0000,-11405.7734,20704.0000
2026-05-25,-589.5685,156.0000,131.3300,18.7847,9868.0000,400,2,-589.5685,-11995.3419,30572.0000
2026-05-26,0.0000,149.1800,156.0000,-4.3718,-2728.0000,400,0,0.0000,-11995.3419,27844.0000
2026-05-27,82.2920,146.2200,149.1800,-1.9842,-1184.0000,400,2,82.2920,-11913.0499,26660.0000
2026-05-28,0.0000,153.7000,146.2200,5.1156,2992.0000,400,0,0.0000,-11913.0499,29652.0000
2026-05-29,0.0000,139.9100,153.7000,-8.9720,-5516.0000,400,0,0.0000,-11913.0499,24136.0000
2026-06-01,0.0000,132.4400,139.9100,-5.3391,-2988.0000,400,0,0.0000,-11913.0499,21148.0000
2026-06-02,0.0000,132.4800,132.4400,0.0302,16.0000,400,0,0.0000,-11913.0499,21164.0000
2026-06-03,0.0000,134.0000,132.4800,1.1473,608.0000,400,0,0.0000,-11913.0499,21772.0000
2026-06-04,0.0000,134.8800,134.0000,0.6567,352.0000,400,0,0.0000,-11913.0499,22124.0000
2026-06-05,692.7553,127.4000,134.8800,-5.5457,-2992.0000,400,2,692.7553,-11220.2946,19132.0000
2026-06-08,0.0000,121.9200,127.4000,-4.3014,-2192.0000,400,0,0.0000,-11220.2946,16940.0000
2026-06-09,0.0000,127.3000,121.9200,4.4127,2152.0000,400,0,0.0000,-11220.2946,19092.0000
2026-06-10,0.0000,125.3400,127.3000,-1.5397,-784.0000,400,0,0.0000,-11220.2946,18308.0000
2026-06-11,0.0000,127.4000,125.3400,1.6435,824.0000,400,0,0.0000,-11220.2946,19132.0000
2026-06-12,-327.7988,124.8800,127.4000,-1.9780,-1008.0000,400,2,-327.7988,-11548.0934,18124.0000
2026-06-15,0.0000,130.5200,124.8800,4.5163,2256.0000,400,0,0.0000,-11548.0934,20380.0000
2026-06-16,0.0000,130.1400,130.5200,-0.2911,-152.0000,400,0,0.0000,-11548.0934,20228.0000
2026-06-17,-287.2343,134.7000,130.1400,3.5039,1824.0000,400,2,-287.2343,-11835.3277,22052.0000
2026-06-18,-530.6354,140.7000,134.7000,4.4543,2400.0000,400,2,-530.6354,-12365.9631,24452.0000
2026-06-22,0.0000,145.5900,140.7000,3.4755,1956.0000,400,0,0.0000,-12365.9631,26408.0000
2026-06-23,231.2750,141.7000,145.5900,-2.6719,-1556.0000,400,2,231.2750,-12134.6881,24852.0000
2026-06-24,-758.9300,151.5300,141.7000,6.9372,3932.0000,400,2,-758.9300,-12893.6181,28784.0000
2026-06-25,0.0000,156.8600,151.5300,3.5175,2132.0000,400,0,0.0000,-12893.6181,30916.0000
2026-06-26,0.0000,148.7600,156.8600,-5.1638,-3240.0000,400,0,0.0000,-12893.6181,27676.0000
2026-06-29,832.2626,151.0000,148.7600,1.5058,896.0000,400,2,832.2626,-12061.3555,28572.0000
2026-06-30,0.0000,158.8200,151.0000,5.1788,3128.0000,400,0,0.0000,-12061.3555,31700.0000
2026-07-01,-495.7223,154.4800,158.8200,-2.7327,-1736.0000,400,2,-495.7223,-12557.0778,29964.0000
2026-07-02,0.0000,144.1000,154.4800,-6.7193,-4152.0000,400,0,0.0000,-12557.0778,25812.0000
2026-07-03,0.0000,140.3100,144.1000,-2.6301,-1516.0000,400,0,0.0000,-12557.0778,24296.0000
2026-07-06,402.2916,143.9900,140.3100,2.6228,1472.0000,400,2,402.2916,-12154.7862,25768.0000
2026-07-07,0.0000,145.4200,143.9900,0.9931,572.0000,400,0,0.0000,-12154.7862,26340.0000
2026-07-08,436.6710,152.1000,145.4200,4.5936,2672.0000,400,2,436.6710,-11718.1152,29012.0000
2026-07-09,-559.7498,173.0000,152.1000,13.7410,8360.0000,400,2,-559.7498,-12277.8650,37372.0000
2026-07-10,0.0000,163.0200,173.0000,-5.7688,-3992.0000,400,0,0.0000,-12277.8650,33380.0000
2026-07-13,0.0000,163.5800,163.0200,0.3435,224.0000,400,0,0.0000,-12277.8650,33604.0000
2026-07-14,0.0000,160.9900,163.5800,-1.5833,-1036.0000,400,0,0.0000,-12277.8650,32568.0000
2026-07-15,0.0000,153.6400,160.9900,-4.5655,-2940.0000,400,0,0.0000,-12277.8650,29628.0000
2026-07-16,0.0000,151.8000,153.6400,-1.1976,-736.0000,400,0,0.0000,-12277.8650,28892.0000
2026-07-17,0.0000,139.8800,151.8000,-7.8524,-4768.0000,400,0,0.0000,-12277.8650,24124.0000
2026-07-20,0.0000,144.0000,139.8800,2.9454,1648.0000,400,0,0.0000,-12277.8650,25772.0000
2026-07-21,-621.7999,160.0000,144.0000,11.1111,6400.0000,400,2,-621.7999,-12899.6649,32172.0000
2026-07-22,0.0000,155.5900,160.0000,-2.7563,-1764.0000,400,0,0.0000,-12899.6649,30408.0000
2026-07-23,0.0000,145.0900,155.5900,-6.7485,-4200.0000,400,0,0.0000,-12899.6649,26208.0000
2026-07-24,0.0000,143.7300,145.0900,-0.9373,-544.0000,400,0,0.0000,-12899.6649,25664.0000
2026-07-27,0.0000,143.7700,143.7300,0.0278,16.0000,400,0,0.0000,-12899.6649,25680.0000
2026-07-28,0.0000,136.7000,143.7700,-4.9176,-2828.0000,400,0,0.0000,-12899.6649,22852.0000
2026-07-29,0.0000,130.9000,136.7000,-4.2429,-2320.0000,400,0,0.0000,-12899.6649,20532.0000
2026-07-30,0.0000,122.9900,130.9000,-6.0428,-3164.0000,400,0,0.0000,-12899.6649,17368.0000
2026-07-31,-431.5627,123.9900,122.9900,0.8131,400.0000,400,2,-431.5627,-13331.2276,17768.0000
2026-08-03,0.0000,116.5000,123.9900,-6.0408,-2996.0000,400,0,0.0000,-13331.2276,14772.0000
2026-08-04,0.0000,121.1000,116.5000,3.9485,1840.0000,400,0,0.0000,-13331.2276,16612.0000
2026-08-05,0.0000,125.4500,121.1000,3.5921,1740.0000,400,0,0.0000,-13331.2276,18352.0000
2026-08-06,0.0000,124.1500,125.4500,-1.0363,-520.0000,400,0,0.0000,-13331.2276,17832.0000
2026-08-07,0.0000,128.5000,124.1500,3.5038,1740.0000,400,0,0.0000,-13331.2276,19572.0000
2026-08-10,0.0000,126.2500,128.5000,-1.7510,-900.0000,400,0,0.0000,-13331.2276,18672.0000
2026-08-11,0.0000,125.4100,126.2500,-0.6653,-336.0000,400,0,0.0000,-13331.2276,18336.0000
2026-08-12,0.0000,127.9600,125.4100,2.0333,1020.0000,400,0,0.0000,-13331.2276,19356.0000
2026-08-13,0.0000,129.4400,127.9600,1.1566,592.0000,400,0,0.0000,-13331.2276,19948.0000
2026-08-14,459.0025,132.8700,129.4400,2.6499,1372.0000,400,2,459.0025,-12872.2251,21320.0000
2026-08-17,-313.8020,136.7600,132.8700,2.9277,1556.0000,400,2,-313.8020,-13186.0272,22876.0000
2026-08-18,0.0000,134.9800,136.7600,-1.3016,-712.0000,400,0,0.0000,-13186.0272,22164.0000
2026-08-19,251.9725,128.0100,134.9800,-5.1637,-2788.0000,400,2,251.9725,-12934.0546,19376.0000
2026-08-20,0.0000,125.5000,128.0100,-1.9608,-1004.0000,400,0,0.0000,-12934.0546,18372.0000
2026-08-21,0.0000,124.8000,125.5000,-0.5578,-280.0000,400,0,0.0000,-12934.0546,18092.0000
2026-08-24,331.5269,120.5800,124.8000,-3.3814,-1688.0000,400,2,331.5269,-12602.5278,16404.0000
2026-08-25,0.0000,120.0000,120.5800,-0.4810,-232.0000,400,0,0.0000,-12602.5278,16172.0000
2026-08-26,0.0000,124.1500,120.0000,3.4583,1660.0000,400,0,0.0000,-12602.5278,17832.0000
2026-08-27,0.0000,126.3300,124.1500,1.7559,872.0000,400,0,0.0000,-12602.5278,18704.0000
2026-08-28,0.0000,125.8800,126.3300,-0.3562,-180.0000,400,0,0.0000,-12602.5278,18524.0000
2026-08-31,-229.9121,128.7000,125.8800,2.2402,1128.0000,400,2,-229.9121,-12832.4398,19652.0000
2026-09-01,0.0000,126.1100,128.7000,-2.0124,-1036.0000,400,0,0.0000,-12832.4398,18616.0000
2026-09-02,0.0000,122.5500,126.1100,-2.8229,-1424.0000,400,0,0.0000,-12832.4398,17192.0000
2026-09-03,0.0000,123.8700,122.5500,1.0771,528.0000,400,0,0.0000,-12832.4398,17720.0000
2026-09-04,0.0000,121.1400,123.8700,-2.2039,-1092.0000,400,0,0.0000,-12832.4398,16628.0000
2026-09-07,0.0000,124.1200,121.1400,2.4600,1192.0000,400,0,0.0000,-12832.4398,17820.0000
2026-09-08,0.0000,121.5200,124.1200,-2.0947,-1040.0000,400,0,0.0000,-12832.4398,16780.0000
2026-09-09,0.0000,120.5100,121.5200,-0.8311,-404.0000,400,0,0.0000,-12832.4398,16376.0000
2026-09-10,0.0000,119.1800,120.5100,-1.1036,-532.0000,400,0,0.0000,-12832.4398,15844.0000
2026-09-11,0.0000,117.4100,119.1800,-1.4851,-708.0000,400,0,0.0000,-12832.4398,15136.0000
2026-09-14,0.0000,114.0700,117.4100,-2.8447,-1336.0000,400,0,0.0000,-12832.4398,13800.0000
2026-09-15,316.1939,114.8600,114.0700,0.6926,316.0000,400,2,316.1939,-12516.2460,14116.0000
2026-09-16,-202.2468,120.9000,114.8600,5.2586,2416.0000,400,2,-202.2468,-12718.4928,16532.0000
2026-09-17,0.0000,118.6200,120.9000,-1.8859,-912.0000,400,0,0.0000,-12718.4928,15620.0000
2026-09-18,312.9326,122.0000,118.6200,2.8494,1352.0000,400,2,312.9326,-12405.5601,16972.0000
2026-09-21,0.0000,122.0100,122.0000,0.0082,4.0000,400,0,0.0000,-12405.5601,16976.0000
2026-09-22,-46.9223,122.4100,122.0100,0.3278,160.0000,400,2,-46.9223,-12452.4824,17136.0000
2026-09-23,0.0000,121.3900,122.4100,-0.8333,-408.0000,400,0,0.0000,-12452.4824,16728.0000
2026-09-24,0.0000,119.9800,121.3900,-1.1615,-564.0000,400,0,0.0000,-12452.4824,16164.0000
